fixed_asym_D=0.1 mm^2/w,fixed_sym_D=0.1 mm^2/w
0.0,0.0
0.0,0.0
0.0002420249034649,0.00024202490346496002
0.0018102227329329,0.001810464720812858
0.0046743774316816,0.004675336553049242
0.0087806773765295,0.008783053490905648
0.0140744704978908,0.014079180110883686
0.0205040533898731,0.02051222192907797
0.0280212719800927,0.028034226387825798
0.036581380181308,0.03660064180182397
0.046142725822898,0.04617000356519561
0.0566664209054369,0.05670360466543206
0.068116040334221,0.06816519466217531
0.0804573586692493,0.08052071667004335
0.0936581235263594,0.0937380809815933
0.1076878611849653,0.10778697088702816
0.1225177095367482,0.12263867582596773
0.1381202739487579,0.13826594744556914
0.1544695022687092,0.15464287479348487
0.1715405758429666,0.1717447755167587
0.1893098139782724,0.18954810049824378
0.207754589744302,0.20803034982808255
0.2268532553934722,0.22716999838708055
0.2465850759805774,0.24694642962490118
0.2669301700113323,0.2673398763624761
0.2878694561476364,0.28833136764672523
0.3093846051581033,0.30990268084637995
0.3314579964329413,0.33203629830822023
0.3540726784888195,0.35471536799956094
0.3772123329767512,0.37792366765020396
0.4008612417781028,0.4016455719791294
0.4250042568335774,0.42586602265092655
0.4496267723997919,0.450570500656724
0.4747146994697412,0.47574500085603866
0.5002544421284966,0.5013760084510106
0.5262328756451138,0.5274504771941083
0.552637326126877,0.5539558091555317
0.5794555515834403,0.5808798358979719
0.6066757242667814,0.6082108009247308
0.6342864141686466,0.6359373432829651
0.6622765735707647,0.6640484822174108
0.6906355225548733,0.6925336027817084
0.7193529353898206,0.7213824423246663
0.7484188277219094,0.7505850777776935
0.777823544502426,0.7801319136774152
0.8075577485931188,0.8100136708642981
0.8376124099963815,0.8402213758041014
0.867978795662179,0.8707463504842524
0.8986484598284192,0.9015802028419084
0.9296132348556104,0.9327148176845982
0.9608652225203098,0.9641423480680077
0.9923967857351416,0.9958552070987384
1.0242005406660672,1.0278460601327783
1.056269349220207,1.06010781734303
1.0885963118798287,1.0926336266315704
1.1211747608602258,1.1254168668644084
1.153998253571081,1.1584511414083898
1.1870605663626064,1.1917302719515879
1.2203556885392828,1.2252482925900525
1.2538778166254012,1.2589994441651666
1.2876213488678605,1.2929781688371134
1.3215808799628068,1.3271791048810881
1.355751195993739,1.361597081693922
1.3901272695696267,1.3962271149997172
1.4247042551524571,1.4310644022439503
1.4594774845643907,1.466104318166275
1.4944424626654262,1.5013424105429678
1.5295948631931209,1.5367743960906102
1.5649305247565053,1.5723961565231928
1.6004454469768878,1.6082037347553795
1.6361357867687265,1.6441933312451613
1.6719978547542278,1.6803613004695979
1.7080281118057383,1.7167041475277642
1.744223165710397,1.7532185248654115
1.780579767951869,1.789901229116211
1.817094810604317,1.8267491980547839
1.8537653233340785,1.8637595076570246
1.890588470504788,1.9009293692635132
1.9275615483819688,1.9382561268420737
1.964681982433338,1.9757372543457803
2.0019473247213218,2.013370353162943
2.0393552513844635,2.051153149655812
2.076903560204629,2.08908349278494
2.1145901682570765,2.1271593518163234
2.1524131096406403,2.1653788141086148
2.190370533285434,2.203740082977859
2.2284607008356323,2.242241475637355
2.2666819846050177,2.280881421210387
2.305032865603133,2.3196584588136906
2.343511931629973,2.358571235709663
2.3821178754372974,2.3976185055254167
2.420849492954719,2.436799126536905
2.459705681578864,2.476112060016442
2.4986854385239647,2.5155563686420335
2.537787859232348,2.5551312149670364
2.577012135843377,2.594835859948743
2.6163575557194743,2.6346696615345686
2.655823500027933,2.674632073304602
2.6954094423773043,2.7147226431693543
2.7351149475072063,2.7549410121216047
2.7749396700304843,2.7952869130413127
2.814883353226692,2.8357601695526338
2.854945827885947,2.8763606949321296
2.8951270112022582,2.91708849106733
2.9354269057154765,2.957943647464851
2.9758455983010883,2.9989263403073347
3.016383259207104,3.04003683155853
3.057040141137353,3.081275468115872
3.0978165783805505,3.1226426810099777
3.138712985984522,3.1641389846505192
3.179729858975052,3.205764976117977
3.2208677716188334,3.247521334500821
3.2621273767300543,3.28940882027772
3.3035094050201947,3.331428274744397
3.3450146644906407,3.3735806194848217
3.386644039867768,3.4158668558864425
3.4283984920801847,3.458288064699209
3.4702790577778453,3.5008454056381852
3.512286848892812,3.543540117029569
3.554423052241438,3.5863735154999876
3.596688929167823,3.629346995708973
3.639085815228378,3.672462030124542
3.681615119917421,3.715720168841861
3.7242783264337143,3.7591230394450017
3.7670769914879134,3.8026723469118195
3.810012745150916,3.84636987356204
3.853087290743146,3.890217479048656
3.8963024047648234,3.934217100392779
3.939659936867302,3.978370752062125
3.983161809865624,4.022680526093346
4.026810019792404,4.067148592258447
4.0706066359932604,4.111777198275572
4.114553801263994,4.156568670064475
4.158653732029761,4.201525412047018
4.202908718566526,4.246649907493079
4.247321125265092,4.2919447189122915
4.291893390938067,4.337412488492064
4.336628029170125,4.3830559385823635
4.38152762871198,4.428877872227794
4.4265948539185045,4.47488117374752
4.4718324452314615,4.52106880936364
4.51724321970737,4.567443827878626
4.562830071591024,4.614009361402525
4.60859597293525,4.6607686261306
4.654543974267505,4.707724923172178
4.70067720530396,4.754881639431483
4.746998875711741,4.8022422485412815
4.793512275920048,4.849810311850196
4.840220777980896,4.897589479464613
4.887127836480277,4.945583491346114
4.934236989500542,4.993796178465434
4.981551859634906,5.042231464013978
5.0290761550549385,5.090893364673974
5.076813670632015,5.1397859919483935
5.124768289113697,5.188913553551801
5.172943982356065,5.238280354863359
5.221344812613087,5.287890800443252
5.269974933884119,5.33774939561385
5.3188385933207005,5.387860748106966
5.367940132693852,5.438229569778641
5.417283989923111,5.488860678392916
5.466874700668609,5.539758999476116
5.516716899987538,5.590929568243233
5.566815324056382,5.642377531598032
5.617174811960382,5.69410815020858
5.667800307551711,5.746126800659946
5.718696861377911,5.798438977685885
5.769869632682202,5.851050296481374
5.821323891477316,5.903966495097942
5.873065020694568,5.957193436923776
5.925098518409937,6.010737113250694
5.977430000148996,6.0646036459300845
6.030065201272565,6.118799290120029
6.083009979445066,6.173330437125873
6.136270317187565,6.228203617336567
6.189852324517606,6.283425503259213
6.243762241677973,6.339002912654272
6.2980064419565895,6.394942811774006
6.352591434599841,6.451252318706775
6.407523867821666,6.507938706829911
6.462810531910845,6.565009408373941
6.518458362438965,6.622472018101031
6.574474443571636,6.6803342971006
6.630866011485599,6.738604176705126
6.687640457894438,6.797289762529246
6.744805333685678,6.856399338635362
6.802368352672159,6.915941371828995
6.860337395460611,6.97592451608728
6.918720513440475,7.036357617124009
6.977525932896055,7.097249717094782
7.036762059245213,7.158610059445846
7.096437481407851,7.220448093910332
7.156560976307543,7.282773481655671
7.217141513509739,7.3455961005860315
7.278188260000064,7.408926050803743
7.339710585106287,7.472773660233705
7.401718065567648,7.5371494904149055
7.464220490755294,7.602064342463202
7.527227868047649,7.667529263209638
7.590750428364633,7.733555551518606
7.654798631864723,7.800154764790249
7.719383173808896,7.8673387256515595
7.784514990595612,7.935119528840678
7.850205265971018,8.003509548288973
7.916465437418642,8.0725214444055
7.983307202732913,8.142168171568507
8.050742526780883,8.212462985828676
8.11878364845659,8.283419452828792
8.187443087832545,8.355051455944597
8.256733653512862,8.427373204651543
8.326668450192589,8.50039924312217
8.39726088642781,8.574144459058818
8.46852468262113,8.648624092766342
8.540473879227106,8.723853746469443
8.61312284518225,8.799849393879168
8.68648628656415,8.876627390013043
8.760579255484256,8.954204481273193
8.835417159218814,9.032597815786664
8.911015769582377,9.111824954012016
8.987391232548227,9.191903879616072
9.064560078119932,9.272853010624484
9.142539230458173,9.35469121084953
9.221346018266756,9.437437801598298
9.300998185441646,9.52111257366405
9.381513901986514,9.605735799603247
9.46291177519824,9.691328246300266
9.54521086112534,9.777911187821411
9.628430676302132,9.865506418559304
9.712591209761053,9.954136266668185
9.797712935325098,10.04382360779001
9.88381682418206,10.134591879070578
9.970924357741549,10.226465093464107
10.05905754077546,10.319467854323898
10.148238914841796,10.41362537027579
10.238491571991114,10.508963470370075
10.329839168754242,10.60550861950651
10.422305940408966,10.703287934125814
10.515916715522604,10.802329198159763
10.610696930766403,10.902660879230579
10.706672645996614,11.004312145088798
10.803870559596003,11.107312880277101
10.902318024068274,11.211693703005833
11.002043061876542,11.317485982223994
11.103074381515526,11.424721854867387
11.205441393805538,11.533434243263367
11.309174228394628,11.643656872669203
11.414303750453398,11.755424288918519
11.520861577544968,11.868771876147411
11.628880096650471,11.983735874568952
11.738392481328084,12.100353398261538
11.849432708981142,12.218662452933179
11.962035578208257,12.338701953620188
12.076236726205384,12.460511742274859
12.192072646186924,12.584132605192655
12.309580704789443,12.709606290225045
12.428799159418388,12.836975523719527
12.54976717549422,12.96628402712353
12.6725248435507,13.097576533183684
12.797113196133669,13.230898801666573
12.923574224444415,13.366297634521358
13.051950894666984,13.503820890398664
13.182287163913774,13.64351749843386
13.31462799571875,13.785437471196266
13.449019375001912,13.929631916699027
13.585508322423056,14.076153049357218
13.724142908036784,14.225054199774386
13.864972264154408,14.376389823230046
14.00804659731184,14.530215506732812
14.153417199235694,14.686587974495644
14.301136456692705,14.84556509168143
14.451257860100249,15.007205866258593
14.60383601076809,15.171570448797782
14.75892662663368,15.33872013003194
14.916586546345297,15.508717335993257
15.0768737315391,15.681625620531708
15.239847267147873,15.85750965501107
15.40556735957061,16.0364352149697
15.574095332523806,16.218469163524897
15.745493620386474,16.403679431291437
15.919825758842627,16.592134992577083
16.097156372616347,16.7839058376105
16.2775511600864,16.97906294055015
16.46107687455924,17.177678223016713
16.64780130197158,17.379824512886216
16.837793234786375,17.58557549807672
17.031122441839265,17.795005675058192
17.227859633886407,18.008190291813126
17.428076424599166,18.225205284975015
17.631845286746646,18.44612721087263
17.839239503303485,18.671033170210947
18.050333113218,18.900000726124244
18.265200851574743,19.13310781534368
18.48391808388595,19.370432652230946
18.70656073424842,19.612053625441128
18.93320520710637,19.858049186992385
19.163928302366624,20.10849773353724
19.39880712362061,20.363477479650598
19.63791897923818,20.62306632297307
19.881341276111108,20.88734170107513
20.12915140584008,21.15638043993784
20.38142662317732,21.43025859398
20.638243916558988,21.709051277599
20.89967987058607,21.992832488234168
21.165810520340912,22.281674921006367
21.436711197458084,22.575649775036403
21.71245636790348,22.874826551597273
21.993119461454384,23.179272844311168
22.278772692915556,23.489054121661482
22.569486875152503,23.80423350215254
22.865331224072648,24.124871522514944
23.16637315573806,24.451025899422326
23.47267807585,24.782751285255145
23.7843091619048,25.120099018518697
24.101327138383187,25.46311686959521
24.4237900454,25.81184878258308
24.7517530013085,26.166334614049422
25.08526795982249,26.526609869594495
25.42438346228966,26.892705439197357
25.769144385820724,27.264647332380697
26.11959168805029,27.642456414298284
26.475762149376003,28.026148143910085
26.83768811359236,28.415732315467018
27.205397227903397,28.8112128045786
27.57891218336353,29.212587320181786
27.958250456857822,29.619847163767155
28.343424055790187,30.032976997248436
28.734439266701056,30.451954620882862
29.131296409082317,30.87675076266177
29.53398959569782,31.30732888059326
29.94250650075047,31.743644979290686
30.356828137261623,32.18564744226203
30.776928645044773,32.63327688126561
31.202775090662115,33.08646600405666
31.634327280749844,33.54513950179746
32.07153759008459,34.00921395734023
32.514350805739866,34.478597775518104
32.962703988646766,34.95319113649428
33.416526353827855,35.43288597312435
33.875739170516766,35.91756597318164
34.34025568330904,36.40710660718111
34.80998105541189,36.90137518241451
35.28481233497281,37.400230923678905
35.76463844536891,37.903525081043476
36.24934020023197,38.41110106485611
36.73879034386844,38.92279460804329
37.23285361760987,39.43843395560496
37.73138685249868,39.957840081051664
38.23423908857709,40.48082692937528
38.74125172090493,41.00720168598853
39.25225867228585,41.53676507091331
39.76708659253149,42.06931165734512
40.285555083942384,42.60463021357095
40.80747695253133,43.14250406707379
41.332658484363485,43.68271148951753
41.86089974623686,44.22502610117468
42.39199490977899,44.769217293235606
42.9257325978922,45.31505066632403
43.46189625234117,45.86228848343971
44.00026452114408,46.410690135457244
44.54061166430427,46.960012617229424
45.08270797630279,47.5100110122773
45.62632022366596,48.06043898399534
46.171212095825936,48.61104927126163
46.71714466740803,49.16159418631869
47.26387687000625,49.71182611278152
47.81116597144967,50.2614980016354
48.358768060516674,50.81036386310712
48.90643853502302,51.358179252329585
49.45393259119261,51.90470174677018
50.00100571221796,52.44969141345822
50.54741415392977,52.99291126412503
51.09291542552225,53.53412769646106
51.63726876332244,54.07311091979717
52.1802355956474,54.60963536363029
52.72157999686202,55.14348006753678
53.26106912883194,55.67442905114766
53.79847366805994,56.20227166299798
54.33356821689833,56.7268029072061
54.86613169734471,57.24782374708655
55.395947726051446,57.76514138495034
55.92280496930997,58.27856951749857
56.44649747690766,58.78792856636659
56.96682499389699,59.293045883526446
57.483593249461485,59.7937559314026
57.99661422221019,60.28990043769949
58.50570638138039,60.781328525077996
59.01069490357534,61.2678968159502
59.511411864809126,61.74946951278706
60.00769640777302,62.22591845445123
60.49939488437538,62.697123149176285
60.98636097373996,63.16297078491339
61.468455775973375,63.62335621785723
61.94554788213203,64.07818194004342
62.41751342092977,64.52735802698066
62.884236082830434,64.97080206634136
63.3456071222634,65.40843906878531
63.80152533878477,65.8402013620318
64.25189703808162,66.26602846932688
64.69663597378239,66.68586697347429
65.13566327109159,67.09967036761165
65.56890733331328,67.50739889391818
65.99630373236387,67.90901937143651
66.41779508440207,68.3045050141808
66.83333091172219,68.69383524068522
67.2428674920664,69.07699547612346
67.64636769651372,69.45397694810038
68.04380081709729,69.8247764771822
68.43514238528883,70.18939626319352
68.82037398247,70.54784366826625
69.19948304348516,70.90013099758076
69.57246265433973,71.24627527869063
69.93931134507369,71.58629804027308
70.30003287880048,71.92022509109503
70.65463603785945,72.24808629993255
71.00313440798476,72.56991537712842
71.34554616134614,72.8857496584196
71.68189383926773,73.19562989161335
72.01220413538074,73.49960002663926
72.33650767991435,73.79770700945281
72.65483882577777,74.09000058021687
72.96723543703483,74.37653307613877
73.27373868032112,74.6573592392944
73.57439281970372,74.9325360297259
73.86924501543385,75.20212244405697
74.15834512699499,75.46617933982908
74.44174552080233,75.72476926572389
74.71950088286474,75.97795629780073
74.9916680366774,76.22580588184455
75.25830576657236,76.46838468188804
75.51947464671535,76.70576043494265
75.77523687590053,76.93800181194611
76.02565611826034,77.16517828490971
76.27079734997525,77.38736000022574
76.5107267120384,77.60461765807526
76.74551136910199,77.81702239785821
76.97521937440692,78.02464568955115
77.19991954077364,78.22755923088347
77.41968131761058,78.42583485021044
77.6345746738776,78.61954441494987
77.844669986924,78.80875974544031
78.05003793710567,78.99355253407003
78.25074940807156,79.17399426951995
78.44687539259837,79.35015616595805
78.63848690384137,79.52210909701883
78.82565489186045,79.68992353439806
79.00845016527346,79.85366949089158
79.18694331788193,80.01341646770506
79.36120466011023,80.16923340586216
79.53130415509472,80.32118864153828
79.697311359257,80.46934986514879
79.85929536719368,80.61378408402207
80.01732476071395,80.75455758849034
80.17146756185622,80.89173592123345
80.32179118971582,81.02538384971463
80.46836242091673,81.15556534155046
80.61124735356233,81.28234354266094
80.7505113745026,81.40578075805006
80.88621912975755,81.52593843507124
81.01843449794038,81.64287714903665
81.14722056652676,81.7566565910339
81.27263961082107,81.86733555781844
81.39475307547386,81.97497194365442
81.51362155840924,82.0796227339822
81.62930479702553,82.18134400079454
81.7418616565364,82.28019089960922
81.85135012032495,82.37621766793013
81.95782728218722,82.46947762509335
82.06134934034681,82.56002317339997
82.16197159312648,82.64790580044152
82.25974843616764,82.73317608252832
82.35473336109288,82.81588368913572
82.4469789555117,82.89607738828718
82.53653690427355,82.97380505279749
82.6234579918773,83.04911366730309
82.70779210595006,83.12204933601092
82.7895882417128,83.19265729110035
82.86889450735436,83.26098190171685
82.94575813023913,83.32706668349925
83.02022546387816,83.39095430858613
83.09234199559641,83.45268661604959
83.1621523548334,83.51230462270843
83.22970032201721,83.56984853427514
83.29502883795587,83.62535775679429
83.35818001369283,83.67887090833241
83.41919514077684,83.73042583088231
83.4781147018992,83.78005960244691
83.53497838185446,83.82780854927034
83.58982507878325,83.87370825818603
83.64269291565861,83.91779358905376
83.69361925197977,83.96009868725974
83.74264069563951,84.00065699625546
83.78979311493376,84.03950127011302
83.83511165068414,84.07666358607649
83.8786307284461,84.11217535709002
83.92038407077746,84.14606734428551
83.96040470954395,84.17836966941364
83.99872499823994,84.20911182720363
84.03537662430443,84.23832269763838
84.07039062141386,84.2660305581327
84.10379738173464,84.29226309560363
84.1356266681199,84.31704741842279
84.16590762623622,84.34041006824175
84.19466879660722,84.3623770316824
84.22193812656216,84.3829737518849
84.24774298207885,84.40222513990712
84.27211015951094,84.42015558596948
84.29506589719115,84.43678897054076
84.31663588690208,84.45214867526013
84.336845285208,84.46625759369205
84.35571872464111,84.47913814191081
84.37328032473685,84.49081226891215
84.38955370291346,84.50130146684991
84.40456198519155,84.5106267810961
84.41832781675014,84.51880882012316
84.43087337231613,84.52586776520766
84.44222036638475,84.53182337995494
84.45239006326881,84.5366950196445
84.46140328697535,84.54050164039657
84.46928043090838,84.54326180816005
84.47604146739694,84.54499370752269
84.48170595704809,84.54571515034439
84.48629305792467,84.54544358421487
84.4898215345479,84.5441961007369
84.49230976672548,84.54198944363685
84.49377575820567,84.538840016704
84.49423714515835,84.5347638915606
84.49371120448417,84.52977681526454
84.49221486195319,84.52389421774676
84.48976470017426,84.51713121908546
84.48637696639705,84.5095026366195
84.48206758014827,84.50102299190323
84.47685214070411,84.491706517505
84.47074593440088,84.48156716365214
84.46376394178584,84.4706186047246
84.45592084461062,84.45887424559987
84.44723103266924,84.44634722785176
84.43770861048326,84.43305043580568
84.42736740383633,84.41899650245291
84.4162209661606,84.40419781522658
84.4042825847774,84.38866652164187
84.39156528699488,84.3724145348032
84.37808184606475,84.35545353878095
84.36384478700111,84.33779499386027
84.34886639226363,84.31945014166472
84.33315870730767,84.3004300101572
84.31673354600403,84.28074541852084
84.29960249593067,84.26040698192233
84.28177692353925,84.23942511616025
84.26326797919874,84.2178100422009
84.24408660211876,84.1955717906041
84.22424352515516,84.17272020584144
84.20374927950039,84.14926495050926
84.1826141992609,84.12521550943893
84.16084842592431,84.10058119370669
84.13846191271855,84.07537114454527
84.11546442886542,84.04959433715979
84.091865563731,84.02325958444989
84.0676747308751,83.99637554064057
84.04290117200215,83.9689507048237
84.01755396081576,83.94099342441245
83.99164200677922,83.91251189851069
83.96517405878393,83.88351418119932
83.93815870872822,83.85400818474172
83.91060439500845,83.82400168271013
83.88251940592451,83.79350231303499
83.85391188300186,83.762517580979
83.82478982423197,83.73105486203794
83.79516108723328,83.69912140476995
83.7650333923344,83.66672433355505
83.7344143255817,83.6338706512866
83.70331134167289,83.60056724199653
83.67173176681862,83.56682087341586
83.63968280153372,83.53263819947229
83.60717152335984,83.49802576272617
83.57420488952128,83.46298999674684
83.54078973951566,83.42753722843038
83.50693279764087,83.3916736802606
83.47264067546021,83.35540547251452
83.43791987420695,83.31873862541394
83.40277678713015,83.28167906122422
83.36721770178289,83.24423260630185
83.33124880225469,83.206404993092
83.29487617134926,83.1682018620774
83.25810579270917,83.12962876367973
83.22094355288868,83.09069116011482
83.1833952433761,83.0513944272027
83.14546656256687,83.01174385613393
83.10716311768883,82.97174465519306
83.06849042668065,82.93140195144048
83.02945392002484,82.89072079235366
82.99005894253628,82.84970614742896
82.9503107551077,82.8083629097448
82.91021453641288,82.76669589748744
82.86977538456901,82.72470985544017
82.8289983187589,82.68240945643691
82.78788828081444,82.63979930278119
82.74645013676192,82.59688392763123
82.70468867833061,82.55366779635226
82.66260862442516,82.51015530783673
82.62021462256301,82.4663507957933
82.57751125027767,82.42225853000544
82.53450301648857,82.37788271756035
82.49119436283864,82.33322750404913
82.44758966500018,82.28829697473874
82.40369323395004,82.24309515571659
82.3595093172147,82.1976260150085
82.3150421000863,82.15189346367065
82.27029570681005,82.10590135685615
82.225274201744,82.05965349485709
82.17998159049183,82.01315362412234
82.13442182100923,81.96640543825218
82.08859878468469,81.91941257896995
82.04251631739537,81.87217863707154
81.9961782005385,81.82470715335319
81.94958816203918,81.77700161951827
81.90274987733504,81.72906547906345
81.85566697033838,81.6809021281448
81.80834301437638,81.63251491642443
81.76078153310993,81.58390714789813
81.71298600143169,81.5350820817044
81.66495984634372,81.48604293291548
81.61670644781552,81.43679287331075
81.56822913962262,81.38733503213297
81.51953121016649,81.3376724968278
81.47061590327615,81.2878083137671
81.42148641899189,81.23774548895618
81.3721459143316,81.18748698872572
81.32259750404022,81.13703574040855
81.27284426132262,81.08639463300169
81.22288921856037,81.03556651781408
81.17273536801285,80.98455420910028
81.12238566250308,80.93336048468065
81.07184301608852,80.88198808654809
81.02111030471751,80.83043972146193
80.97019036687136,80.77871806152915
80.91908600419276,80.72682574477325
80.86779998210059,80.67476537569117
80.81633503039168,80.62253952579843
80.76469384382978,80.57015073416287
80.71287908272188,80.51760150792721
80.66089337348257,80.46489432282085
80.60873930918628,80.41203162366091
80.55641945010818,80.359015824843
80.50393632425354,80.30584931082196
80.45129242787627,80.25253443658262
80.3984902259865,80.19907352810112
80.34553215284791,80.14546888279669
80.29242061246458,80.09172276997441
80.23915797905805,80.03783743125899
80.18574659753453,79.98381508101988
80.13218878394267,79.92965790678784
80.07848682592196,79.87536806966324
80.02464298314223,79.82094770471627
79.97065948773417,79.76639892137928
79.91653854471134,79.71172380383129
79.86228233238371,79.65692441137514
79.80789300276301,79.60200277880718
79.75337268196003,79.54696091677975
79.69872347057418,79.49180081215682
79.64394744407535,79.4365244283626
79.5890466531783,79.38113370572358
79.53402312420985,79.32563056180399
79.47887885946886,79.27001689173495
79.42361583757938,79.21429456853735
79.36823601383689,79.15846544343863
79.3127413205481,79.10253134618367
79.25713366736407,79.04649408533987
79.20141494160723,78.99035544859656
79.14558700859206,78.93411720305882
79.08965171193988,78.87778109553597
79.03361087388765,78.82134885282468
78.97746629559109,78.76482218198707
78.92121975742212,78.70820277062353
78.86487301926093,78.65149228714081
78.80842782078248,78.59469238101516
78.75188588173802,78.53780468305084
78.69524890223123,78.48083080563389
78.63851856298955,78.42377234298156
78.58169652563048,78.36663087138722
78.52478443292321,78.30940794946095
78.46778390904548,78.25210511836598
78.41069655983587,78.19472390205095
78.35352397304172,78.1372658074782
78.29626771856253,78.07973232484805
78.23892934868924,78.02212492781925
78.18151039833919,77.96444507372564
78.12401238528703,77.90669420378917
78.06643681039174,77.84887374332925
78.00878515781955,77.79098510196854
77.95105889526316,77.73302967383539
77.8932594741572,77.67500883776276
77.83538832989,77.61692395748393
77.77744688201173,77.55877638182491
77.71943653443915,77.50056744489368
77.66135867565683,77.44229846626634
77.603214678915,77.3839707511702
77.54500590242418,77.32558559066388
77.48673368954657,77.26714426181454
77.42839936898423,77.20864802787217
77.37000425496424,77.15009813844115
77.31154964742082,77.09149582964906
77.25303683217443,77.03284232431274
77.1944670811081,76.97413883210179
77.13584165234079,76.91538654969949
77.07716179039804,76.85658666096116
77.01842872637988,76.79774033707001
76.9596436781261,76.73884873669068
76.90080785037884,76.6799130061203
76.84192243494269,76.62093427943725
76.78298861084224,76.56191367864766
76.72400754447719,76.50285231382962
76.66498038977502,76.44375128327528
76.6059082883414,76.3846116736307
76.54679236960808,76.32543456003366
76.48763375097876,76.26622100624935
76.42843353797255,76.20697206480412
76.36919282436534,76.14768877711711
76.309912692329,76.08837217363006
76.25059421256846,76.02902327393508
76.19123844445686,75.96964308690067
76.13184643616847,75.9102326107958
76.07241922480985,75.85079283341223
76.0129578365489,75.79132473218502
75.95346328674215,75.73182927431134
75.89393658006003,75.67230741686758
75.83437871061048,75.61276010692472
75.77479066206064,75.55318828166213
75.71517340775678,75.49359286847965
75.65552791084258,75.43397478510825
75.59585512437565,75.37433493971896
75.5361559914424,75.3146742310304
75.47643144527126,75.25499354841469
75.41668240934435,75.19529377200203
75.35690979750746,75.13557577278372
75.2971145140786,75.07584041271379
75.237297453955,75.01608854480924
75.17745950271855,74.95632101324891
75.11760153673987,74.89653865347103
75.05772442328086,74.83674229226935
74.9978290205959,74.77693274788811
74.93791617803163,74.71711083011559
74.87798673612535,74.65727734037651
74.81804152670212,74.59743307182316
74.7580813729705,74.5375788094253
74.69810708961704,74.47771533005886
74.6381194828995,74.41784340259355
74.57811935073873,74.35796378797919
74.51810748280946,74.29807723933104
74.45808466062975,74.23818450201388
74.3980516576494,74.17828631372515
74.33800923933704,74.11838340457685
74.27795816326616,74.0584764971765
74.21789917920005,73.99856630670703
74.15783302917548,73.93865354100562
74.0977604475855,73.87873890064154
74.03768216126102,73.818823078993
73.97759888955132,73.75890676232311
73.91751134440368,73.69899062985465
73.85742023044182,73.63907535384422
73.79732624504342,73.57916159965517
73.73723007841667,73.51925002582978
73.6771324136758,73.45934128416052
73.6170339269157,73.39943601976036
73.55693528728551,73.33953487113229
73.49683715706148,73.27963847023793
73.43674019171866,73.21974744256528
73.37664504000193,73.15986240719575
73.31655234399601,73.0999839768702
73.25646273919465,73.04011275805436
73.19637685456894,72.9802493510033
73.13629531263484,72.92039434982519
73.07621872951982,72.86054834254435
73.01614771502872,72.80071191116339
72.95608287270878,72.74088563172478
72.8960247999139,72.68107007437153
72.83597408786818,72.6212658034073
72.77593132172856,72.56147337735561
72.71589708064683,72.50169334901855
72.65587193783084,72.44192626553468
72.59585646060499,72.38217266843623
72.53585121047003,72.32243309370573
72.47585674316208,72.2627080718319
72.41587360871102,72.20299812786489
72.35590235149819,72.14330378147093
72.29594351031332,72.08362554698633
72.23599761841096,72.02396393347078
72.17606520356605,71.96431944476018
72.11614678812904,71.90469257951874
72.05624288908022,71.84508383129051
71.9963540180835,71.7854936885504
71.9364806815395,71.72592263475453
71.8766233806382,71.66637114839001
71.81678261141069,71.60683970302426
71.75695886478066,71.54732876735363
71.69715262661502,71.48783880525158
71.63736437777418,71.42837027581629
71.57759459416154,71.36892363341771
71.5178437467726,71.3094993277441
71.45811230174343,71.25009780384813
71.39840072039857,71.1907195021923
71.33870945929849,71.13136485869401
71.27903897028641,71.0720343047701
71.21938970053469,71.01272826738082
71.15976209259065,70.95344716907346
71.10015658442188,70.89419142802531
71.04057360946106,70.83496145808638
70.98101359665033,70.77575766882144
70.92147697048509,70.71658046555176
70.86196415105736,70.65743024939631
70.8024755540987,70.59830741731257
70.74301159102262,70.53921236213682
70.68357266896649,70.48014547262413
70.6241591908331,70.42110713348778
70.56477155533166,70.36209772543835
70.50541015701846,70.30311762522234
70.446075386337,70.24416720566045
70.38676762965773,70.18524683568536
70.32748726931739,70.12635688037919
70.26823468365787,70.06749770101052
70.20901024706471,70.00866965507105
70.14981433000517,69.9498730963118
70.09064729906586,69.89110837477911
70.03150951699004,69.83237583685
69.97240134271448,69.77367582526743
69.91332313140593,69.71500867917496
69.85427523449725,69.65637473415123
69.79525799972309,69.597774322244
69.73627177115529,69.53920777200386
69.67731688923779,69.48067540851751
69.61839369082132,69.42217755344087
69.5595025091976,69.3637145250317
69.50064367413326,69.30528663818193
69.44181751190338,69.24689420444969
69.38302434532473,69.18853753209099
69.32426449378856,69.13021692609108
69.26553827329322,69.07193268819547
69.20684599647625,69.01368511694069
69.14818797264634,68.95547450768468
69.0895645078148,68.89730115263694
69.03097590472679,68.8391653408883
68.97242246289225,68.78106735844044
68.91390447861647,68.72300748823514
68.85542224503035,68.66498601018316
68.79697605212041,68.6070032011929
68.73856618675845,68.54905933519875
68.68019293273089,68.49115468318918
68.6218565707679,68.43328951323448
68.56355737857217,68.37546409051436
68.5052956308474,68.3176786773451
68.44707159932655,68.25993353320662
68.38888555279975,68.20222891476917
68.33073775714199,68.14456507591976
68.27262847534047,68.08694226778839
68.21455796752176,68.02936073877397
68.15652649097862,67.97182073457004
68.09853430019665,67.91432249819017
68.04058164688051,67.85686626999319
67.9826687799801,67.7994522877081
67.9247959457163,67.74208078645887
67.86696338760659,67.6847519987888
67.80917134649033,67.62746615468483
67.75142006055384,67.57022348160152
67.69370976535524,67.51302420448486
67.636040693849,67.45586854579581
67.57841307641037,67.39875672553356
67.52082714085941,67.34168896125874
67.46328311248493,67.28466546811624
67.40578121406814,67.2276864588579
67.34832166590604,67.17075214386496
67.29090468583469,67.1138627311703
67.23353048925215,67.05701842648048
67.17619928914127,67.00021943319759
67.11891129609221,66.94346595244082
67.06166671832483,66.88675818306793
67.00446576171079,66.83009632169646
66.94730862979544,66.77348056272474
66.89019552381959,66.71691109835274
66.83312664274095,66.66038811860265
66.77610218325552,66.60391181133943
66.71912233981858,66.54748236229096
66.66218730466575,66.49109995506817
66.60529726783355,66.43476477118487
66.54845241718003,66.37847699007753
66.49165293840507,66.32223678912473
66.43489901507049,66.26604434366652
66.37819082862003,66.20989982702362
66.32152855839918,66.15380341051635
66.26491238167463,66.09775526348348
66.20834247365381,66.0417555533009
66.15181900750406,65.98580444540005
66.09534215437168,65.92990210328625
66.03891208340083,65.87404868855685
65.98252896175224,65.8182443609192
65.92619295462171,65.76248927820845
65.86990422525851,65.70678359640527
65.81366293498357,65.65112746965329
65.7574692432075,65.59552105027643
65.70132330744846,65.53996448879616
65.64522528334992,65.48445793394846
65.58917532469813,65.42900153270077
65.53317358343958,65.37359543026862
65.47722020969816,65.31823977013234
65.4213153517923,65.26293469405338
65.36545915625189,65.2076803420907
65.309651767835,65.15247685261681
65.2538933295446,65.0973243623339
65.19818398264488,65.04222300628953
65.14252386667775,64.98717291789256
65.08691311947891,64.93217422892856
65.03135187719391,64.87722706957534
64.97584027429409,64.82233156841824
64.92037844359224,64.76748785246532
64.86496651625833,64.71269604716241
64.8096046218349,64.65795627640799
64.75429288825241,64.603268662568
64.6990314418445,64.54863332649049
64.64382040736298,64.49405038752018
64.58865990799285,64.43951996351278
64.53355006536702,64.38504217084936
64.47849099958108,64.33061712445044
64.42348282920776,64.27624493779005
64.3685256713114,64.22192572290963
64.31361964146224,64.16765959043184
64.25876485375058,64.1134466495742
64.20396142080082,64.05928700816266
64.1492094537854,64.00518077264505
64.0945090624386,63.95112804810439
64.03986035507022,63.8971289382721
63.985263438579125,63.8431835455411
63.930718418466725,63.789291970978795
63.87622539885029,63.73545431433994
63.82178448247616,63.68167067407941
63.76739577073284,63.62794114736487
63.71305936366402,63.5742658300893
63.65877535998142,63.52064481688345
63.60454385707756,63.46707820112816
63.55036495103843,63.41356607496663
63.49623873665604,63.360108529316506
63.44216530744082,63.30670565388193
63.388144755634,63.253357537165456
63.33417717221983,63.20006426647989
63.28026264693766,63.146825927959995
63.22640126829402,63.09364260657412
63.1725931235745,63.04051438613575
63.11883829885558,62.9874413493149
63.06513687901633,62.9344235776495
63.01148894775004,62.88146115155659
62.95789458757572,62.828554150343514
62.90435387984956,62.77570265221892
62.85086690477618,62.72290673430377
62.79743374141994,62.670166472642194
62.744054467716,62.61748194221226
62.6907291604814,62.56485321693668
62.63745789542598,62.512280369693414
62.58424074716326,62.459763472326166
62.53107778922116,62.407302595654826
62.477969094052696,62.354897809485806
62.42491473304656,62.3025491826223
62.37191477653759,62.25025678287445
62.3189692938172,62.19802067706943
62.26607835314367,62.14584093106144
62.21324202175238,62.09371760974166
62.160460365865966,62.04165077704805
62.10773345070435,61.98964049597513
62.05506134049475,61.93768682858366
62.00244409848153,61.885789836010204
61.94988178693603,61.833949578476705
61.89737446716629,61.78216611529988
61.84492219952666,61.7304395049006
61.79252504342744,61.678769804813186
61.74018305734427,61.6271570716946
61.6878962988276,61.5756013613336
61.63566482451197,61.52410272865978
61.583488690125314,61.472661227752575
61.53136795049807,61.42127691185018
61.4793026595723,61.36994983335836
61.42729287041072,61.31868004385926
61.37533863520563,61.26746759412006
61.323440005287786,61.21631253410165
61.2715970311352,61.16521491296712
61.21980976238184,61.114174779090334
61.16807824782632,61.06319218006427
61.11640253544045,61.012267162709406
61.06478267237775,60.96139977308201
61.013218704981895,60.91059005648232
60.961710678795065,60.859838057462746
60.910258638566255,60.809143819835896
60.8588626282595,60.75850738668263
60.80752269106205,60.70792880036001
60.75623886939243,60.657408102509166
60.70501120490852,60.60694533406315
60.65383973851546,60.55654053525467
60.60272451037356,60.50619374562382
60.551665559906176,60.45590500402568
60.5006629258074,60.40567434863793
60.449716646049815,60.355501816968335
60.39882675789212,60.305387445862216
60.347993297886674,60.25533127150984
60.29721630188707,60.205333329453744
60.24649580505552,60.15539365459604
60.1958318418703,60.105512281205606
60.14522444613303,60.05568924292526
60.09467365097596,60.00592457277885
60.04417948886918,59.956218303178325
59.99374199162779,59.906570465930685
59.94336119041895,59.85698109224496
59.89303711576893,59.807450212739056
59.842769797570085,59.7579778574466
59.792559265087775,59.70856405582368
59.74240554696721,59.659208836755596
59.69230867124028,59.6099122285635
59.64226866533225,59.56067425901102
59.592285556068525,59.511494955310795
59.54235936968122,59.462374344130986
59.49249013181579,59.41331245160175
59.44267786753753,59.364309303321605
59.392922601338064,59.31536492436382
59.34322435714175,59.26647933928269
59.29358315831208,59.21765257211978
59.24399902765795,59.16888464641015
59.19447198743999,59.12017558518849
59.14500205937672,59.07152541099523
59.09558926465074,59.02293414588259
59.04623362391484,58.97440181142059
58.99693515729804,58.92592842870302
58.947693884411656,58.877514018353324
58.89850982435521,58.829158600530505
58.84938299572236,58.78086219493492
58.800313416606784,58.732624820814046
58.75130110460799,58.68444649696824
58.702346076837074,58.636327241756405
58.653448349922456,58.588267073101626
58.60460794001556,58.54026600849677
58.55582486279641,58.492324065010045
58.507099133479294,58.44444125929049
58.45843076681822,58.39661760757347
58.40981977711244,58.34885312568606
58.36126617821191,58.30114782905247
58.3127699835227,58.25350173269933
58.26433120601232,58.205914851261035
58.21594985821506,58.15838719898498
58.16762595223727,58.110918789736786
58.11935949976259,58.063509637005446
58.071150512057095,58.01615975390848
58.0229989999745,57.968869153197055
57.974904973961245,57.921637847260975
57.92686844406153,57.87446584813376
57.87888941992237,57.8273531674976
57.83096791079856,57.78029981668828
57.78310392555761,57.733305806700095
57.73529747268465,57.68637114819072
57.6875485602873,57.63949585148604
57.63985719610047,57.59267992658489
57.59222338749115,57.54592338316389
57.54464714146317,57.49922623058208
57.49712846466187,57.45258847788566
57.44966736337879,57.40601013381261
57.40226384355628,57.35949120679727
57.35491791079212,57.31303170497498
57.307629570344034,57.26663163618657
57.260398827134246,57.22029100798286
57.21322568575392,57.17400982762917
57.16611015046764,57.12778810210974
57.119052225217786,57.081625838132105
57.072051913628925,57.03552304213151
57.02510921901215,56.98947972027521
56.97822414436938,56.94349587846681
56.9313966923976,56.89757152235051
56.88462686549314,56.85170665731535
56.83791466575583,56.80590128849942
56.791260094993206,56.76015542079407
56.74466315472459,56.714469058848
56.69812384618525,56.66884220707142
56.65164217033042,56.62327486964011
56.60521812783933,56.577767050499496
56.55885171911924,56.532318753368656
56.51254294430939,56.48692998174433
56.466291803284925,56.44160073890489
56.42009829566083,56.39633102791424
56.37396242079576,56.351120851625794
56.32788417779594,56.30597021268628
56.28186356551891,56.26087911353966
56.23590058257738,56.21584755643089
56.18999522734291,56.170875543409764
56.1441474979497,56.12596307633467
56.09835739229823,56.08111015687633
56.05262490805893,56.03631678652151
56.00695004267584,55.991582966576715
55.96133279337021,55.94690869817185
55.91577315714407,55.90229398226387
55.87027113078375,55.857738819640346
55.824826710863455,55.813243210923105
55.77943989374872,55.76880715657176
55.7341106755999,55.72443065688725
55.68883905237557,55.68011371201535
55.64362501983598,55.63585632195015
55.59846857354642,55.59165848653754
55.553369708880574,55.54752020547861
55.508328421023855,55.5034414783331
55.46334470497672,55.45942230452277
55.41841855555794,55.415462683334766
55.37354996740787,55.37156261392498
55.32873893499164,55.327722095321356
55.283985452602415,55.28394112642719
55.23928951436453,55.24021970602441
55.19465111423666,55.19655783277685
55.15007024601498,55.152955505233436
55.10554690333621,55.10941272183145
55.06108107968074,55.06592948089967
55.01667276837571,55.02250578066159
54.972321962598,54.97914161923853
54.92802865537726,54.93583699465279
54.8837928395989,54.89259190483072
54.83961450800708,54.84940634760584
54.795493653207615,54.806280320721925
54.75143026767093,54.763213821836
54.70742434373495,54.72020684852139
54.663475873607965,54.67725939827077
54.61958484937152,54.63437146849908
54.57575126298322,54.59154305654657
54.53197510627956,54.5487741596817
54.488256370978725,54.50606477510411
54.44459504868335,54.4634148999475
54.40099113088327,54.420824531282584
54.35744460895828,54.37829366611991
54.31395547418081,54.33582230141277
54.27052371771865,54.29341043406003
54.227149330637616,54.251058060908946
54.18383230390418,54.208765178758014
54.140572628388135,54.16653178435973
54.0973702948652,54.124357874423374
54.0542252940196,54.08224344561782
54.01113761644669,54.040188494574224
53.96810725265545,53.99819301788879
53.92513419307108,53.95625701212548
53.882218428037504,53.91438047381872
53.839359947819865,53.87256339947608
53.79655874260704,53.830805785580964
53.753814802514086,53.78910762859525
53.7111281175847,53.74746892496192
53.668498677793664,53.70588967110774
53.625926473049255,53.66436986344583
53.58341149319565,53.62290949837827
53.54095372801531,53.58150857229871
53.49855316723136,53.54016708159492
53.45620980050995,53.498885022651386
53.41392361746256,53.45766239185182
53.37169460764834,53.416499185581706
53.329522760576445,53.37539540023085
53.28740806570828,53.334351032195855
53.245350512459794,53.29336607788264
53.20335009020377,53.25244053370891
53.161406788272025,53.21157439610668
53.11952059595768,53.17076766152465
53.07769150251736,53.13002032643075
53.035919497173374,53.08933238731452
52.99420456911598,53.04870384068957
52.95254670750547,53.008134683095975
52.91094590147439,52.9676249111027
52.86940214012966,52.927174521310015
52.82791541255473,52.88678351035183
52.7864857078117,52.84645187489814
52.7451130149434,52.806179611657335
52.703797322975525,52.76596671737859
52.66253862091869,52.7258131888542
52.62133689777051,52.68571902292193
52.58019214251767,52.64568421646735
52.53910434413794,52.60570876642614
52.49807349160225,52.56579266978641
52.45709957387668,52.52593592359101
52.416182579924495,52.486138524939804
52.37532249870812,52.446400470992
52.33451931919113,52.406721758968395
52.29377303034027,52.36710238615365
52.25308362112736,52.327542349898565
52.21245108053129,52.28804164762234
52.17187539753994,52.24860027681483
52.13135656115215,52.20921823503873
52.09089456037958,52.16989551993192
52.0504893842487,52.13063212920957
52.01014102180263,52.09142806066647
51.96984946210308,52.05228331217918
51.929614694232185,52.01319788170825
51.88943670729443,51.97417176730046
51.84931549041848,51.93520496709098
51.80925103275904,51.89629747930558
51.76924332349873,51.85744930226281
51.72929235184987,51.818660434376184
51.68939810705636,51.77993087415637
51.649560578395466,51.74126062021334
51.609779755179645,51.702649671258555
51.57005562675835,51.664098026107126
51.530388182519815,51.62560568367996
51.49077741189285,51.58717264300593
51.45122330434862,51.54879890322401
51.411725849402416,51.51048446358544
51.3722850366154,51.47222932345586
51.33290085559641,51.43403348231744
51.29357329600363,51.39589693977102
51.25430234754642,51.35781969553826
51.21508799998699,51.31980174946376
51.17593024314215,51.28184310151716
51.13682906688501,51.24394375179532
51.09778446114675,51.20610370052439
51.05879641591825,51.16832294806195
51.01986492125186,51.130601494899146
50.980989967263056,51.09293934166277
50.942171544132144,51.05533648911741
50.90340964210594,51.01779293816752
50.864704251499454,50.98030868985958
50.82605536269755,50.942883745384165
50.78746296615664,50.905518106078084
50.7489270524063,50.86821177342646
50.71044761205098,50.830964749064854
50.672024635771606,50.79377703478138
50.63365811432728,50.75664863251878
50.59534803855686,50.71957954437657
50.55709439938065,50.682569772613114
50.518897187802025,50.645619319647736
50.48075639490903,50.60872818806285
50.44267201187602,50.57189638060603
50.4046440299653,50.53512390019215
50.36667244052872,50.49841074990547
50.3287572350093,50.46175693300176
50.29089840494281,50.4251624529104
50.253095941959415,50.3886273132365
50.21534983778527,50.352151517763005
50.17766008424409,50.315735070452824
50.14002667325878,50.27937797545093
50.10244959685302,50.24308023708649
50.06492884715284,50.20684185987498
50.027464416388206,50.170662848520315
49.99005629689464,50.13454320791697
49.95270448111478,50.09848294315211
49.91540896159994,50.06248205950774
49.87816973101172,50.026540562462785
49.84098678212357,49.990658457695304
49.80386010782237,49.95483575108457
49.76678970110999,49.91907244871326
49.72977555510485,49.883368556869556
49.69281766304355,49.84772408204934
49.65591601828236,49.812139030958335
49.61907061429884,49.77661341051427
49.582281444693386,49.74114722784904
49.54554850319079,49.70574049031087
49.5088717836418,49.670393205466524
49.47225128002472,49.635105381103436
49.43568698644694,49.59987702523193
49.39917889714648,49.56470814608741
49.362727006493614,49.52959875213255
49.32633130899236,49.49454885205948
49.28999179928209,49.45955845479202
49.25370847213908,49.42462756948788
49.21748132247806,49.3897562055409
49.18131034535378,49.35494437258323
49.14519553596259,49.32019208048764
49.10913688964399,49.28549933936967
49.073134401882186,49.250866159589954
49.03718806830766,49.21629255175644
49.00129788469874,49.181778526726646
48.96546384698317,49.147324095609946
48.92968595123967,49.11292926976985
48.8939641936995,49.07859406082627
48.858298570748055,49.044318480657836
48.8226890789264,49.01010254140418
48.78713571493289,48.97594625546825
48.75163847562469,48.94184963551865
48.71619735801941,48.90781269449193
48.68081235929664,48.873835445594956
48.64548347679956,48.83991790230724
48.610210708036526,48.806060078383304
48.57499405068263,48.77226198785503
48.5398335025813,48.73852364503407
48.504729061745934,48.70484506451418
48.46968072636143,48.67122626117367
48.43468849478581,48.63766725017776
48.39975236555186,48.604168046981044
48.36487233736868,48.57072866732987
48.33004840912332,48.53734912726482
48.29528057988238,48.50402944312313
48.26056884889364,48.470769631541174
48.22591321558768,48.43756970945692
48.191313679579466,48.40442969411243
48.15677024067005,48.37134960305634
48.12228289884813,48.33832945414636
48.08785165429171,48.305369265551846
48.05347650736977,48.27246905575628
48.01915745864388,48.239628843559835
47.98489450886982,48.206848648081944
47.950687658999335,48.17412848876386
47.91653691018169,48.14146838537127
47.88244226376538,48.10886835799684
47.84840372129982,48.07632842706289
47.81442128453696,48.04384861332399
47.78049495543305,48.011428937869596
47.74662473615024,47.97906942212675
47.71281062905833,47.9467700878627
47.67905263673647,47.91453095718764
47.64535076197482,47.88235205255734
47.61170500777629,47.85023339677594
47.57811537735829,47.81817501299865
47.544581874154375,47.7861769247345
47.51110450181606,47.7542391558491
47.47768326421448,47.72236173056744
47.44431816544222,47.69054467347668
47.41100920981497,47.658788009528955
47.37775640187336,47.62709176404423
47.3445597463847,47.59545596271313
47.311419248344734,47.56388063159983
47.27833491297946,47.53236579714491
47.24530674574689,47.50091148616829
47.21233475233884,47.46951772587214
47.17941893868278,47.4381845438438
47.1465593109436,47.406911968058786
47.11375587552544,47.37570002688372
47.081008639073545,47.34454874907936
47.04831760847608,47.313458163803595
47.01568279086599,47.282428300614505
46.98310419362284,47.2514591894734
46.95058182437469,47.22055086074791
46.918115691,47.18970334521507
46.885705801629456,47.15891667406445
46.853352164647895,47.128190878901286
46.821054788696216,47.09752599174965
46.78881368267328,47.06692204505563
46.75662885573784,47.036379071690526
46.72450031731046,47.005897104954094
46.69242807707548,46.97547617857779
46.66041214498298,46.945116326728034
46.62845253125067,46.914817584009505
46.59654924636598,46.88457998546847
46.56470230108796,46.854403566596126
46.53291170644928,46.82428836333196
46.50117747375832,46.794234412067134
46.46949961460109,46.76424174964791
46.43787814084331,46.734310413379085
46.40631306463248,46.70444044102746
46.374804398399874,46.674631870825316
46.34335215486265,46.64488474147396
46.31195634702592,46.61519909214722
46.28061698818484,46.585574962495066
46.24933409192672,46.556012392647155
46.21810767213314,46.52651142321648
46.18693774298206,46.497072095303025
46.15582431895001,46.46769445049741
46.12476741481421,46.43837853088463
46.09376704565474,46.40912437904775
46.062823226856736,46.379932038071715
46.0319359741126,46.35080155154708
46.0011053034242,46.32173296357388
45.97033123110507,46.29272631876544
45.9396137737827,46.26378166225228
45.90895294840076,46.234899039686006
45.878348772221365,46.206078497243254
45.84780126282739,46.17732008162966
45.81731043812473,46.148623840083864
45.786876316344646,46.119989820381534
45.75649891604608,46.091418070839424
45.726178256118025,46.0629086403195
45.69591435578184,46.034461578233035
45.66570723459367,46.00607693454479
45.63555691244682,45.97775475977719
45.60546340957419,45.94949510501459
45.57542674655066,45.92129802190751
45.54544694429557,45.893163562676925
45.51552402407517,45.865091780118625
45.4856580075051,45.83708272760756
45.45584891655288,45.80913645910226
45.42609677354043,45.781253029149276
45.39640160114659,45.753432492887626
45.36676342240969,45.72567490605335
45.3371822607301,45.69798032498404
45.30765813987284,45.67034880662342
45.27819108397012,45.64278040852601
45.24878111752407,45.61527518886172
45.219428265409285,45.58783320642065
45.190132552875546,45.56045452061773
45.16089400555047,45.53313919149761
45.13171264944223,45.50588727973939
45.10258851094228,45.478698846661544
45.07352161682807,45.4515739542268
45.04451199426584,45.42451266504711
45.0155596708134,45.397515042388605
44.9866646744229,45.37058115017666
44.95782703344369,45.34371105300096
44.92904677662518,45.316904816120605
44.90032393311965,45.29016250546929
44.871658532485206,45.26348418766051
44.84305060468865,45.23686992999281
44.81450018010843,45.21031980045508
44.7860072895376,45.18383386773191
44.7575719641868,45.15741220120897
44.72919423568725,45.13105487097844
44.7008741360938,45.10476194784452
44.67261169788794,45.07853350332895
44.644406953980926,45.05236960967658
44.616259937716855,45.026270339861036
44.58817068287578,45.000235767590354
44.56013922367687,44.974265967312746
44.53216559478159,44.94836101422237
44.50424983129688,44.92252098426516
44.47639196877839,44.89674595414472
44.44859204323375,44.87103600132824
44.42085009112581,44.845391204052525
44.39316614937598,44.81981164132999
44.36554025536753,44.79429739295481
44.33797244694895,44.76884853950902
44.310462762437375,44.74346516236878
44.28301124062194,44.71814734371057
44.25561792076724,44.69289516651758
44.22828284261684,44.66770871458604
44.201006046396685,44.64258807253168
44.17378757281871,44.61753332579622
44.14662746308436,44.5925445606539
44.11952575888815,44.56762186421814
44.09248250242133,44.54276532444816
44.06549773637549,44.51797503015576
44.03857150394625,44.49325107101208
44.01170384883696,44.46859353755449
43.98489481526244,44.44400252119348
43.95814444795274,44.41947811421968
43.93145279215696,44.39502040981087
43.90481989364706,44.37062950203912
43.87824579872173,44.346305485877984
43.8517305542103,44.3220484572097
43.825274207476646,44.29785851283257
43.79887680642318,44.27373575046827
43.772538399494834,44.24968026876937
43.74625903568308,44.2256921673268
43.72003876453003,44.20177154667747
43.693877636132505,44.17791850831194
43.66777570114618,44.15413315468213
43.641733010789785,44.130415589209136
43.61574961684927,44.106765916291124
43.58982557168208,44.083184241311265
43.56396092822144,44.05967067064578
43.53815573998062,44.03622531167203
43.51241006105739,44.01284827277671
43.48672394613834,43.98953966336411
43.46109745050334,43.966299593864456
43.43553063003,43.9431281757423
43.41002354119821,43.92002552150507
43.38457624109467,43.896991744711585
43.35918878741748,43.874026959980775
43.33386123848079,43.851131283000385
43.30859365321948,43.82830483053582
43.28338609119383,43.80554772043906
43.25823861259433,43.78286007165764
43.23315127824648,43.76024200424375
43.20812414961559,43.737693639363414
43.18315728881171,43.715215099305716
43.15825075859452,43.69280650749219
43.133404622378364,43.67046798848624
43.108618944237215,43.648199668002654
43.08389378890976,43.62600167291728
43.05922922180453,43.60387413127669
43.034625309005015,43.58181717230802
43.01008211727492,43.55983092642887
42.98559971406337,43.53791552525731
42.96117816751024,43.51607110162198
42.9368175464515,43.49429778957229
42.9125179204246,43.47259572438873
42.88827935967391,43.45096504259326
42.86410193515624,43.42940588195981
42.839985718546366,43.4079183815249
42.81593078224265,43.38650268159835
42.79193719937267,43.36515892377408
42.76800504379891,43.34388725094105
42.74413439012455,43.322687807294294
42.72032531369925,43.30156073834604
42.69657789062501,43.28050619093698
42.672892197762096,43.25952431324763
42.649268312735,43.23861525480979
42.625706313938494,43.217779166518135
42.602206280543655,43.19701620064195
42.57876829250407,43.17632651083691
42.555392430562,43.15571025215704
42.53207877625463,43.13516758106678
42.50882741192039,43.11469865545314
42.48563842070535,43.09430363463801
42.462511886569615,43.073982679390596
42.43944789429385,43.053735951939956
42.41644652948583,43.03356361598767
42.39350787858702,43.01346583672065
42.37063202887934,42.99344278082407
42.347819068491816,42.97349461649442
42.32506908640744,42.95362151345271
42.30238217247004,42.933823642957776
42.2797584173912,42.91410117781976
42.257197912757285,42.8944542924137
42.2347007510365,42.87488316269326
42.21226702558602,42.8553879662046
42.18989683065925,42.83596888210041
42.16759026141301,42.816626091154035
42.14534741391497,42.7973597757738
42.12316838515104,42.77817012001746
42.10105327303284,42.75905730960677
42.07900217640528,42.74002153194224
42.0570151950542,42.72106297611804
42.035092429714055,42.70218183293703
42.01323398207574,42.68337829492595
