M_i=100.0,M_i=400.0,M_i=1000.0
0.0,0.0,0.0
0.0,0.0,0.0
0.0002261305471902,0.0002420249034649,0.0002738136160144
0.0016917745282557,0.0018104647208128,0.0020477526567685535
0.0043699788199876,0.0046753366161602,0.005285270245215789
0.0082115472950907,0.0087830543195054,0.009923517618757906
0.0131663060504385,0.0140791841581263,0.015899086456883333
0.0191866657901093,0.020512234943244,0.023152250290046424
0.0262282046484493,0.0280342593054778,0.03162759857370258
0.0342495549603885,0.0366007129237339,0.041273836874289795
0.0432121258730197,0.0461701409632003,0.052043397509670374
0.0530798088965064,0.0567038487793578,0.06389203760005367
0.0638187080413909,0.0681656010545298,0.07677847367264462
0.0753969037928662,0.0805213589129128,0.0906640628913611
0.0877842499262343,0.0937390536555335,0.10551252876942345
0.1009521992386151,0.1077883926760331,0.12128972584834957
0.1148736538360776,0.122640692696059,0.1379634374407635
0.1295228359918022,0.1382687358973606,0.1555032011036527
0.1448751761753782,0.1546466451813627,0.17388015730669895
0.1609072154324413,0.1717497754291888,0.19306691753351185
0.1775965198004601,0.1895546181952482,0.2130374487247593
0.1949216048680457,0.208038717733182,0.23376697152928758
0.2128618689283278,0.2271805966320298,0.2552318702827976
0.2313975334537434,0.2469596896463874,0.27740961299990546
0.2505095898422749,0.2673562845506413,0.30027867996072544
0.2701797515645253,0.2883514690459382,0.32381849971158483
0.2903904109858926,0.3099270829091408,0.34800939149270776
0.3111246002556224,0.3320656747034555,0.37283251326295963
0.3323659557503038,0.3547504624768652,0.39826981462035554
0.3540986856378359,0.3779652979618252,0.4243039940227646
0.3763075401925071,0.4016946338616856,0.450918459800614
0.3989777845453112,0.4259234938689923,0.4780972945259738
0.4220951735981191,0.4506374451105406,0.5058252223629939
0.4456459288675276,0.4758225727556914,0.5340875790754985
0.4696167170554599,0.5014654565594827,0.562870284410393
0.4939946301699741,0.5275531491416698,0.5921598166118152
0.5187671670420984,0.5540731558279559,0.6219431888518215
0.5439222161035537,0.5810134159010946,0.6522079273897406
0.5694480393065066,0.6083622851278829,0.6829420512949134
0.5953332570804618,0.6361085194438164,0.7141340535869748
0.6215668342334497,0.664241259690768,0.7457728836646171
0.6481380667150639,0.6927500173148115,0.7778479309083158
0.6750365691679419,0.7216246609415258,0.8103490093551454
0.7022522632021377,0.7508554037550141,0.8432663433548387
0.7297753663337052,0.7804327916146502,0.8765905541258852
0.7575963815348187,0.8103476918503804,0.9103126471389243
0.785706087348046,0.8405912826834063,0.9444240002621308
0.8140955285220385,0.8711550432243513,0.9789163526098444
0.8427560071300148,0.9020307440056852,1.0137817940415017
0.8716790741360572,0.9332104380093188,1.0490127552630595
0.9008565213774684,0.96468645215395,1.0846019984876696
0.9302803739343174,0.9964513792100153,1.1205426086164212
0.9599428828598624,1.0284980701130186,1.1568279849035925
0.9898365182478414,1.0608196266486152,1.1934518330740944
1.0199539626146676,1.0934093944851642,1.2304081578636858
1.050288104576415,1.1262609565315655,1.2676912559551472
1.0808320328021408,1.1593681266000777,1.305295709285939
1.1115790302265829,1.1927249433555134,1.3432163787049796
1.1425225685066245,1.2263256645337504,1.3814483979580816
1.173656302707137,1.2601647614138705,1.419987167983309
1.2049740662029196,1.294236913529507,1.4588283514990714
1.2364698657844602,1.3285370036061166,1.4979678678691943
1.268137876956153,1.3630601127119193,1.5374018882304838
1.2999724394164431,1.3978015156112122,1.5771268308694808
1.3319680527101183,1.432756676309598,1.6171393568361683
1.3641193720436786,1.4679212437814684,1.6574363657833722
1.3964212042553228,1.5032910478707966,1.698014992021493
1.4288685039316964,1.5388620953569432,1.7388726007790258
1.461456369664058,1.574630566177788,1.7800067846600847
1.494180040437021,1.610592809803045,1.8214153602908416
1.5270348921434729,1.646745341751131,1.8630963651474333
1.5600164342196914,1.6830848402434186,1.9050480545584842
1.5931203063950483,1.7196081429901402,1.9472688988759463
1.6263422755510617,1.756312244102601,1.9897575808084644
1.659678232684859,1.793194291126727,2.0325129929119576
1.693124189972442,1.830251582193316,2.0755342352325488
1.726676277927393,1.8674815632806672,2.1188206130973906
1.7603307426509471,1.9048818255855609,2.1623716350493245
1.794083943169576,1.942450102998827,2.206187010921682
1.8279323488564627,1.980184269682,2.2502666500498716
1.861872536933446,2.018082337741772,2.294610659616728
1.8959011900502136,2.0561424549992084,2.339219343128907
1.930015093937694,2.094362902850849,2.3840931990218976
1.9642111351327745,2.1327420942190534,2.429232919391503
1.9984862987716163,2.171278571589096,2.474639388849905
2.032837666449002,2.209971005130693,2.52031368350468
2.067262414141261,2.248818190901812,2.566257070059377
2.1017578101904806,2.287819049132739,2.6124710050344917
2.136321213347792,2.32697262258854,2.658957134107908
2.170950070873668,2.3662780750081738,2.7057172915740773
2.2056419166932475,2.40573468961864,2.7527534999214267
2.2403943696048225,2.4453418677226564,2.8000679695276767
2.2752051315396886,2.4850991273584966,2.847663098472949
2.3100719858716867,2.525006102030681,2.895541472470741
2.344992795774807,2.5650625395103663,2.9437058649170074
2.3799655026273263,2.605268300704334,2.992159237057798
2.4149881244610203,2.645623358591596,3.0409047382760477
2.4500587544540533,2.686127797226712,3.089945706498311
2.4851755594662217,2.7267818108090016,3.1392856687223856
2.520336778615284,2.767585702816916,3.1889283416669456
2.555540721893171,2.8085398852069177,3.2388776325444697
2.5907857688209264,2.8496448776762806,3.2891376399589003
2.62607036714127,2.8909013069893144,3.339712654929645
2.661393031547744,2.932309906366572,3.3906071620436826
2.6967523424494293,2.9738715149366817,3.4418258407376863
2.73214694477028,3.0155870772505096,3.4933735667122523
2.767575546782155,3.057457642857418,3.5452554134804566
2.8030369189706725,3.0994843659434674,3.597476654053131
2.838529892933049,3.141668505031457,3.6500427627634013
2.8740533603071228,3.184011422742771,3.702959417233182
2.9096062717307904,3.226514585621064,3.756232500484481
2.9451876358311297,3.2691795640178696,3.8098681031985198
2.9807965182425007,3.312008032040289,3.8638725261258307
3.016432040652957,3.3550017675609745,3.9182522826506543
3.052093379878324,3.398162652290676,3.973014101513105
3.087779766963324,3.441492671913693,4.028164929692744
3.123490486309167,3.4849939162866264,4.083711935457353
3.1592248748270424,3.5286685797008834,4.139662511580851
3.19498232111696,3.57251896120946,4.196024278734492
3.230762264671445,3.616547465018573,4.2528050890555935
3.266564195103576,3.660756600944794,4.310013029898263
3.302387651398902,3.705148984938375,4.367656427770717
3.338232221190788,3.749727339673544,4.4257438524639765
3.3740975400587527,3.794494495206598,4.484284121376895
3.40998329084939,3.8394533897026832,4.54328630404262
3.4458892030194788,3.8846070702322257,4.602759726861804
3.481815052000909,3.929958693638044,4.662713978048023
3.517760658587059,3.975511527474227,4.7231589127910505
3.55372588834029,4.02126895101795,4.78410465864382
3.589710651020224,4.067234456355446,4.845561621139081
3.625714900032508,4.113411649543459,4.907540489641939
3.6617386318977534,4.15980425184753,4.970052243444656
3.697781885740387,4.206416101058576,5.033108158110274
3.733844742797138,4.253251152889293,5.096719812071797
3.769927325944917,4.300313482451977,5.160899093493886
3.806029799247842,4.347607285819444,5.225658207404165
3.8421523675232,4.395136881670817,5.291009683101459
3.8782952759261127,4.442906713024027,5.356966381848458
3.9144588095527344,4.490921349056944,5.423541504856481
3.9506432930617774,4.539185487019174,5.490748601570212
3.986849090314197,4.587703954236621,5.558601578260446
4.023076604030875,4.636481710211001,5.627114706933074
4.059326275468162,4.685523848816621,5.696302634562708
4.0955985841111175,4.734835600596797,5.766180392659513
4.131894047384352,4.784422335162399,5.836763407177972
4.16821322038033,4.834289563695118,5.908067508776485
4.204556695605043,4.884442941558151,5.9801089434368375
4.240925102740969,4.934888271017089,6.052904383452705
4.277319108427212,4.985631504073933,6.1264709387965075
4.313739416056777,5.036678745417269,6.2008261688740225
4.350186765590902,5.088036255491711,6.275988094676279
4.386661933390416,5.139710453689914,6.351975211338318
4.4231657320640645,5.191707921670498,6.428806501114482
4.459699010333793,5.244035406805426,6.506501446779931
4.496262652916961,5.296699825760444,6.5850800454680805
4.532857580425486,5.349708268212379,6.664562822953671
4.569484749281918,5.403068000707178,6.744970848391103
4.6061451516524645,5.456786470662751,6.826325749517613
4.642839815396986,5.510871310520803,6.908649728330727
4.679569804036005,5.565330342051985,6.991965577249272
4.716336216734773,5.6201715808188615,7.076296695767022
4.753140188304455,5.675403240801327,7.1616671076077685
4.789982889220493,5.731033739189279,7.2481014783903
4.826865525658249,5.78707170134751,7.335625133811376
4.863789339545996,5.843525965957936,7.4242640783543195
4.900755608635371,5.90040559034447,7.5140450145303275
4.93776564658941,5.957719855986006,7.60499536265895
4.97482080308828,6.015478274223153,7.697143281193496
5.011922463952844,6.07369059216457,7.790517687596297
5.04907205128623,6.132366798798867,7.885148279767817
5.086271023633532,6.191517131318324,7.981065558032569
5.123520876159844,6.251152081660758,8.078300847683588
5.160823140846809,6.31128240327617,8.176886322085922
5.1981793867078565,6.371919118124894,8.27685502633807
5.235591220022387,6.433073523914262,8.37824090148871
5.273060284589077,6.494757201580924,8.481078809304154
5.310588261998581,6.556982023026217,8.585404557580052
5.348176871925866,6.619760159112133,8.691254925988476
5.385827872442444,6.683104087925684,8.798667692449223
5.423543060348786,6.74702660331963,8.907681660011324
5.461324271527216,6.8115408237377535,9.018336684227856
5.499173381315586,6.876660201333068,9.130673701003888
5.537092304902061,6.942398531387535,9.244734754893816
5.575082997741359,7.008769962042081,9.360563027820488
5.613147455992793,7.07578900434587,9.478202868184301
5.651287716980502,7.1434705426340095,9.597699820325854
5.689505859676239,7.211829845243021,9.719100654300794
5.727804005205155,7.280882575573593,9.842453395920078
5.766184317374967,7.350644803510305,9.967807357003071
5.804649003228985,7.421133017208159,10.09521316578464
5.843200313623439,7.492364135255897,10.224722797410571
5.881840543829604,7.564355519226218,10.356389604448442
5.9205720341612045,7.637124986623124,10.490268347333197
5.959397170627636,7.710690824236703,10.626415224658343
5.998318385613539,7.785071801915753,10.7648879032147
6.037338158585291,7.860287186768671,10.90574554766907
6.076459016824999,7.936356757803092,11.049048849765036
6.115683536192607,8.013300821014711,11.194860056917168
6.155014341916747,8.091140224935714,11.343243000058505
6.194454109414985,8.169896376653144,11.494263120588904
6.234005565144157,8.24959125830741,11.647987496259008
6.273671487481489,8.330247444080983,11.804484865810968
6.313454707637238,8.411888117687093,11.963825652182795
6.353358110599618,8.494537090367956,12.1260819840682
6.393384636112802,8.578218819411747,12.291327715608125
6.4335372796888,8.662958427197072,12.459638443973805
6.473819093654091,8.748781720773259,12.631091524584232
6.514233188231862,8.835715211984157,12.805766083683254
6.55478273266077,8.92378613814252,12.983743027983444
6.595470956351183,9.013022483261226,13.165105051065142
6.636301150079861,9.10345299984677,13.34993663620007
6.677276667224097,9.195107231259396,13.538324055249413
6.718400925036368,9.28801553464318,13.730355363266698
6.759677405960573,9.382209104428023,13.926120388415965
6.801109658990991,9.477719996404169,14.125710716796068
6.842701301075118,9.574581152368172,14.329219671742367
6.884456018561584,9.672826425337584,14.536742287158006
6.92637756869441,9.7724906053295,14.748375274408373
6.9684697811548695,9.87360944569606,14.96421698229471
7.010736559652321,9.976219690007529,15.184367349606207
7.053181883565369,10.080359099470854,15.408927849734708
7.095809809634797,10.186066480868844,15.638001426822678
7.138624473709739,10.293381715001674,15.871692422903605
7.1816300925486365,10.402345785609104,16.110106495484978
7.224830965676547,10.513000808747872,16.353350525017746
7.268231477300452,10.625390062594532,16.60153251169321
7.311836098284257,10.73955801763945,16.854761461008966
7.355649388185228,10.855550367232771,17.113147257550324
7.399675997353683,10.973414058437736,17.376800526443184
7.443920669097817,11.093197323140911,17.645832481948844
7.488388241915571,11.21494970936272,17.920354762691456
7.53308365179559,11.338722112704682,18.200479253035166
7.578011934589298,11.464566807862722,18.486317890160905
7.623178228456259,11.59253748012781,18.777982456432813
7.668587776385016,11.722689256786976,19.07558435669185
7.714245928791721,11.855078738328602,19.37923438016964
7.760158146198884,11.989764029346334,19.689042446779485
7.806330001996715,12.1268047690256,20.00511733761392
7.852767185289561,12.266262161085844,20.32756640955956
7.899475503830057,12.408199003039943,20.65649529403036
7.94646088704368,12.552679714619869,20.992007579919925
7.993729389146488,12.699770365204737,21.334204480981878
8.041287192358913,12.849538700073555,21.683184487964773
8.089140610218594,13.002054165290508,22.039043005953776
8.137296090995283,13.1573879310154,22.401871977505255
8.185760221211018,13.315612913016086,22.77175949230177
8.23453972926881,13.47680379214295,23.148789384202818
8.283641489193228,13.64103703150838,23.53304081672034
8.333072524486337,13.808390891096238,23.924587858106044
8.382840012102616,13.978945439507868,24.323499047398922
8.432951286546519,14.152782562532256,24.729836952944375
8.483413844096528,14.32998596820848,25.143657725059445
8.534235347159608,14.51064118802887,25.565010644680072
8.585423628760154,14.694835573911332,25.99393766998413
8.636986697167591,14.882658290549104,26.430472983136095
8.68893274066695,15.07420030272623,26.874642539443755
8.741270132476853,15.269554357167126,27.326463621351884
8.794007435819498,15.468814958469206,27.785944399820345
8.847153409147339,15.672078338648648,28.253083505742456
8.90071701153131,15.879442419811443,28.727869614151466
8.954707408215596,16.09100676944506,29.210281044036698
9.009133976344067,16.30687254781055,29.700285376644466
9.064006310863665,16.527142446901436,30.197839095170387
9.11933423061013,16.751920620423974,30.702887248757875
9.175127784581711,16.981312604244533,31.215363143700948
9.231397258406492,17.21542522674352,31.735188064706975
9.288153181009264,17.45436650851255,32.262271029006016
9.345406331483955,17.698245550832446,32.796508575997265
9.403167746177768,17.94717241237488,33.337784594999896
9.461448725993389,18.20125797358039,33.88597019352522
9.52026084391571,18.46061378818072,34.440923608310264
9.579615952769725,18.725351921354257,35.00249016115027
9.639526193216351,18.995584774030597,35.570502261340245
9.700004001993142,19.271424892894043,36.14477945628546
9.761062120406876,19.55298476567705,36.725128531568586
9.822713603085369,19.840376601383102,37.3113436614698
9.8849718269957,20.1337120951356,37.90320661062737
9.947850500736484,20.43310217741404,38.500486987202486
10.011363674111648,20.738656747513065,39.10294254757624
10.075525747993549,21.05048439114206,39.71031955226163
10.140351484483196,21.36869208217509,40.32235317236166
10.205856017375533,21.693384868661337,40.93876794555019
10.272054862937749,22.024665543315702,41.55927828019739
10.3389639310088,22.362634298827487,42.18358900591071
10.406599536428152,22.70738836845125,42.811395968417905
10.47497841080206,23.05902165247815,43.442386666384785
10.544117714615489,23.41762433132693,44.07624092744025
10.614035049697945,23.783282466141166,44.71263162037815
10.684748472051377,24.15607758793122,45.35122540022294
10.756276505048287,24.536086276455933,45.99168348258738
10.828638153008084,24.923379730197247,46.633662443518205
10.901852915159637,25.318023328940864,47.27681504082286
10.975940799997812,25.72007619063468,47.92079105269981
11.050922340041597,26.1295907243531,48.56523812935797
11.126818607001136,26.54661218134729,49.209802653210154
11.20365122736083,26.971178206306632,49.85413060316207
11.281442398385156,27.403318391093865,50.49786841849327
11.360214904553631,27.843053833342367,51.1406638578402
11.439992134430758,28.2903967024181,51.782166848844
11.520798097976332,28.745349815347414,52.42203032411649
11.602657444300862,29.207906225394584,53.059911039306066
11.685595479870166,29.678048826036846,53.69547036920862
11.769638187162434,30.155749973128614,54.328375078066614
11.854812243780165,30.640971128069047,54.95829806042784
11.941145042018402,31.1336625247866,55.58491904919301
12.028664708889623,31.63376286333012,56.2079252877635
12.11740012660437,32.141199032807194,56.82701216350495
12.20738095350536,32.65588586633668,57.44188380006443
12.298637645451397,33.17772593058341,58.05225360641511
12.39120147764563,33.706609352318935,58.65784478084846
12.485104566900944,34.242413684303514,59.25839076848628
12.580379894333287,34.78500381261148,59.853635671238784
12.677061328471485,35.33423190732655,60.44333460948715
12.775183648769762,35.88993741831564,61.02725403511544
12.8747825695065,36.45194711755151,61.60517199585374
12.975894764049954,37.0200751891975,62.176878351219294
13.078557889468517,37.59412336839356,62.742174940651424
13.18281061145976,38.17388112939357,63.30087570472716
13.288692629568844,38.75912592340207,63.85280676061551
13.396244702662852,39.34962346614627,64.39780643317663
13.505508674623435,39.94512807489834,64.93572524333746
13.616527500215469,40.54538305433737,65.4664258555752
13.729345271084473,41.15012113031115,65.98978298651511
13.844007241830267,41.75906493022922,66.5056832767978
13.96055985609849,42.37192750849208,67.0140251284943
14.079050772625571,42.98841291504092,67.51471851044504
14.199528891166215,43.608216804800186,68.00768473397137
14.32204437822531,44.23102708548444,68.49285620145734
14.44664869250886,44.85652460095513,68.97017613032511
14.57339461000054,45.4843838470443,69.43959825493222
14.702336248562071,46.11427371651372,69.90108650890281
14.833529091946636,46.745858269593306,70.35461469037119
14.967030013105251,47.37879752634299,70.80016611256515
15.102897296655922,48.012748276911545,71.23773324209019
15.24119066037506,48.64736490562509,71.66731732719734
15.381971275559598,49.2823002247302,72.08892801822606
15.525301786096747,49.917206313542174,72.5025829823136
15.671246326066372,50.55173535871028,72.90830751435406
15.819870535688429,51.18554049130883,73.30613414607562
15.971241575414938,51.818276616496405,73.69610225498504
16.12542813795265,52.44960123155499,74.07825767480603
16.282500457988576,53.07917522822605,74.45265230891356
16.442530319376598,53.706663675399966,74.81934374814084
16.605591059528713,54.331736578387904,75.1783948942114
16.77175757073987,54.95406961120808,75.5298735899254
16.941106298160417,55.57334481855026,75.87385225710895
17.113715234115293,56.18925128433938,76.21040754321776
17.2896639084541,56.80148576409853,76.53961997737325
17.46903337460153,57.40975327861029,76.86157363650057
17.651906190963086,58.013767666688985,77.17635582213377
17.838366397327032,58.61325209520197,77.48405674835577
18.02849948589008,59.20793952481106,77.78476924124713
18.22239236652169,59.797573130242384,78.0785884501316
18.420133325870264,60.38190667423002,78.36561157082478
18.621811979904013,60.96070483461243,78.64593758101783
18.82751921947051,61.53374348438728,78.91966698785905
19.03734714845152,62.10080992484687,79.18690158773309
19.25138901408464,62.66170307221918,79.4477442381805
19.469739129020265,63.21623359852717,79.7022986418486
19.69249278468223,63.764224027647856,79.95066914231866
19.919746155502853,64.30550878780167,80.19296053161362
20.151596193609265,64.83993422192962,80.42927786915422
20.388140513547235,65.36735855761982,80.65972631190078
20.629477266642173,65.88765183842516,80.88441095539085
20.8757050046148,66.40069581856953,81.10343668536035
21.126922532091303,66.90638382317121,81.31690803961746
21.383228747675165,67.40462057621835,81.52492907982312
21.64472247328057,67.89532199861468,81.7276032728206
21.9115022714654,68.37841497867218,81.92503338114771
22.18366625054604,68.85383711746502,82.11732136235949
22.46131185732622,69.32153645147419,82.30456827678587
22.74453565732859,69.78147115494839,82.48687420334763
23.03343310248034,70.23360922438397,82.66433816305508
23.328098286273374,70.67792814748687,82.8370580498166
23.628623686495008,71.11441455892496,83.00513056818863
23.935099895706973,71.54306388511041,83.16865117770432
24.24761533973837,71.96387998017141,83.32771404342542
24.566255984551884,72.376874755182,83.48241199236958
24.89110503194165,72.78206780261941,83.63283647547449
25.222242604625222,73.17948601791237,83.77907753476973
25.559745421400194,73.56916321983198,83.92122377543757
25.90368646314809,73.95113977136153,84.05936234245468
26.2541346305825,74.32546220256316,84.19357890151754
26.611154394754863,74.69218283684015,84.32395762396598
26.97480544144843,75.05135942187361,84.45058117543051
27.34514231070733,75.40305476639409,84.5735307079408
27.722214032862937,75.74733638383107,84.69288585524414
28.106063762531413,76.08427614376971,84.8087247310943
28.496728412164245,76.41394993203278,84.92112393028259
28.89423828683526,76.73643732009914,85.03015853219406
29.298616722042578,77.05182124446752,85.13590210668299
29.709879726390056,77.36018769647688,85.23842672207239
30.12803563108912,77.6616254230024,85.33780295509312
30.553084748286818,77.95622563835907,85.43409990258809
30.985019040278488,78.24408174766388,85.52738519481703
31.423821801702097,78.52528908183194,85.61772501020727
31.869467356835514,78.79994464431195,85.70518409140462
32.321920774126255,79.06814686960239,85.789825762488
32.78113760007549,79.32999539353133,85.87171194721944
33.24706361457306,79.58559083522955,85.95090318820986
33.71963460973818,79.83503459067896,86.02745866688835
34.198776194260724,80.07842863767578,86.10143622417053
34.684403625160584,80.31587535201021,86.1728923817287
35.17642166878812,80.54747733463104,86.2418823637731
35.67472449277661,80.77333724953554,86.30846011926018
36.17919559052983,80.99355767210001,86.37267834445004
36.68970773968316,81.2082409475461,86.43458850574082
37.20612299581816,81.41748905922121,86.49424086271338
37.728292722537006,81.62140350635732,86.55168449132498
38.25605765881737,81.82008519096271,86.60696730719518
38.78924802437076,82.01363431349299,86.66013608893245
39.32768366351919,82.20215027694293,86.7112365014535
39.871174227888375,82.38573159899835,86.76031311925223
40.41951939799117,82.564475831886,86.8074094495785
40.97250914354517,82.7384794895615,86.85256795549076
41.52992402213384,82.90783798187782,86.89583007874992
42.09153551558408,83.07264555538175,86.937236262525
42.65710640319577,83.23299524039123,86.9768259738839
43.22639117072232,83.38897880401348,87.01463772604573
43.79913645376863,83.54068670877187,87.05070910037328
44.37508151404396,83.68820807651791,87.08507676808688
44.9539587466865,83.8316306573141,87.1177765116831
45.53549421666355,83.97104080298344,87.1488432460437
46.11940822204972,84.10652344503161,87.17831103922205
46.70541588179688,84.23816207665824,87.20621313289651
47.29322774543524,84.36603873858495,87.23258196248106
47.8825504219877,84.4902340084384,87.25744917688597
48.47308722524017,84.61082699343802,87.2808456579217
49.06453883239155,84.72789532614874,87.3028015393414
49.65660395300927,84.84151516307044,87.32334622551784
50.24898000514122,84.9517611858464,87.34250840975214
50.84136379538376,85.05870660488382,87.36031609221254
51.433452199678776,85.16242316519019,87.37679659750212
52.02494284161158,85.26298115423914,87.39197659185565
52.61553476500509,85.36044941169004,87.40588209996605
53.20492909765516,85.45489534079474,87.41853852144202
53.79282970312623,85.54638492133469,87.42997064689861
54.37894381762476,85.63498272394087,87.44020267368346
54.962982669089634,85.72075192565723,87.44925822124162
55.54466207578235,85.80375432661769,87.4571603461225
56.12370302182352,85.88405036771405,87.46393155663283
56.69983220730461,85.96169914914053,87.46959382713982
57.27278257080229,86.03675844970786,87.47416861202917
57.84229378233573,86.10928474682724,87.47767685932268
58.40811270503121,86.1793332370709,87.48013902396052
58.96999382399216,86.24695785722288,87.4815750807535
59.52769964111266,86.31221130573951,87.48200453701082
60.08100103481643,86.37514506454522,87.48144644484871
60.6296775839486,86.43580942109445,87.47991941318595
61.17351785529189,86.49425349063598,87.47744161943189
61.71231965441915,86.55052523862103,87.47403082087295
62.24589023982892,86.60467150320065,87.46970436576366
62.77404650053746,86.65673801776303,87.46447920412795
63.29661509751711,86.70676943346493,87.45837189827712
63.81343256957591,86.75480934171561,87.45139863305019
64.32434540446532,86.80090029657538,87.44357522578281
64.82921007617976,86.84508383703391,87.4349171360108
65.32789304957392,86.88740050913731,87.42543947491414
65.82027075356886,86.92788988793534,87.41515701450759
66.30622952434688,86.96659059922348,87.40408419658354
66.78566552004625,87.00354034105673,87.39223514141334
67.25848460856147,87.03877590501496,87.3796236562125
67.72460223013138,87.07233319720136,87.36626324337583
68.18394323645792,87.10424725895834,87.35216710848783
68.63644170814223,87.13455228728643,87.33734816811427
69.08204075225252,87.16328165495423,87.32181905738014
69.52069228185171,87.19046793028876,87.3055921373395
69.95235677931149,87.21614289663728,87.28867950214267
70.3770030452258,87.24033757149306,87.27109298600567
70.7946079347102,87.26308222527888,87.25284416998737
71.20515608283662,87.28440639978345,87.23394438857918
71.60863962090619,87.30433892624674,87.21440473611226
72.00505788520678,87.32290794309164,87.19423607298714
72.3944171198391,87.34014091329992,87.17344903173044
72.77673017512511,87.35606464143177,87.15205402288332
73.15201620303779,87.3707052902886,87.1300612407262
73.52030035101194,87.38408839721966,87.1074806688443
73.88161345541317,87.39623889007385,87.08432208553812
74.23599173585734,87.40718110279833,87.0605950690833
74.58347649148658,87.41693879068652,87.03630900284395
74.92411380022115,87.42553514527805,87.01147308024338
75.25795422191977,87.43299280891422,86.98609630959635
75.58505250629523,87.43933388895243,86.9601875188066
75.90546730634772,87.44457997164365,86.93375535993343
76.21926089799626,87.44875213567721,86.90680831363088
76.52649890650832,87.45187096539762,86.87935469346338
76.82725004025104,87.45395656369797,86.85140265010104
77.12158583221373,87.45502856459521,86.82296017539805
77.40958038968056,87.45510614549225,86.7940351063577
77.69131015236626,87.45420803913245,86.76463512898685
77.96685365926427,87.45235254525173,86.73476778204345
78.23629132439835,87.44955754193397,86.70444046067963
78.49970522161316,87.44584049667539,86.67366041998386
78.75717887848909,87.44121847716343,86.64243477842464
79.00879707941904,87.43570816177606,86.6107705211988
79.25464567784212,87.42932584980713,86.57867450348697
79.49481141759011,87.42208747142364,86.54615345361897
79.72938176326696,87.41400859736062,86.51321397615177
79.95844473954975,87.40510444835947,86.47986255486231
80.18208877927144,87.39538990435537,86.44610555565778
80.40040258012034,87.38487951341968,86.41194922940582
80.61347496976974,87.37358750046268,86.37739971468672
80.82139477923188,87.3615277757026,86.34246304047004
81.02425072421464,87.34871394290624,86.30714512871772
81.22213129424574,87.33515930740684,86.27145179691591
81.41512464931819,87.32087688390446,86.23538876053746
81.60331852380193,87.30587940405444,86.19896163543713
81.7868001373601,87.29017932384897,86.16217594018146
81.96565611260338,87.27378883079722,86.12503709831519
82.13997239921304,87.25671985090888,86.08755044056602
82.30983420426155,87.23898405548636,86.04972120698949
82.47532592846018,87.22059286773039,86.01155454905582
82.63653110806356,87.20155746916409,85.97305553168016
82.79353236216416,87.18188880587998,85.9342291351982
82.94641134511271,87.16159759461488,85.89508025728833
83.09524870380517,87.14069432865698,85.85561371484224
83.24012403958154,87.1191892835898,85.81583424578524
83.38111587448786,87.0970925228773,85.77574651084781
83.51830162165886,87.07441390329434,85.73535509528978
83.6517575595855,87.0511630802068,85.69466451057849
83.78155881003873,87.02734951270548,85.65367919602234
83.90777931942819,87.00298246859758,85.61240352036079
84.03049184338236,86.97807102925987,85.57084178331236
84.14976793434431,86.95262409435722,85.52899821708162
84.26567793198515,86.92665038643034,85.48687698782635
84.3782909562454,86.90015845535616,85.44448219708619
84.48767490282229,86.87315668268465,85.40181788317366
84.59389644092911,86.84565328585526,85.35888802252882
84.6970210131605,86.81765632229656,85.31569653103837
84.79711283730535,86.78917369341218,85.27224726532059
84.89423490995688,86.76021314845644,85.2285440239766
84.98844901177651,86.73078228830258,85.18459054880935
85.079815714276,86.70088856910671,85.14039052601099
85.16839438798898,86.67053930587052,85.09594758731954
85.25424321191048,86.63974167590541,85.05126531114595
85.33741918408911,86.60850272220101,85.00634722367205
85.41797813326396,86.57682935670074,84.96119679992051
85.4959747314435,86.5447283634871,84.91581746479744
85.57146250733089,86.51220640187911,84.87021259410844
85.64449386050515,86.4792700094447,84.8243855155489
85.7151200762735,86.44592560493012,84.77833950966922
85.78339134111569,86.41217949110906,84.73207781081564
85.84935675864605,86.37803785755352,84.68560360804742
85.91306436602383,86.34350678332893,84.63892004603103
85.97456115074725,86.30859223961542,84.59203022591198
86.03389306777107,86.27330009225753,84.54493720616483
86.0911050568917,86.23763610424437,84.49764400342221
86.14624106034763,86.20160593812224,84.45015359328318
86.19934404058726,86.1652151583416,84.40246891110169
86.25045599815937,86.1284692335403,84.35459285275563
86.29961798968507,86.09137353876494,84.30652827539696
86.34687014587332,86.05393335763203,84.25827799818356
86.39225168954492,86.01615388443088,84.20984480299319
86.43580095363302,85.97804022616955,84.16123143512016
86.4775553991308,85.93959740456596,84.11244060395505
86.51755163295931,85.90083035798523,84.06347498364815
86.5558254257312,85.86174394332524,84.01433721375683
86.59241172938786,85.82234293785159,83.9650298998775
86.62734469469008,85.78263204098353,83.9155556142624
86.66065768854394,85.74261587603229,83.8659168964218
86.69238331114552,85.70229899189309,83.81611625371185
86.72255341292995,85.66168586469226,83.76615616190865
86.75119911131164,85.62078089939064,83.71603906576871
86.77835080720422,85.57958843134462,83.66576737957634
86.80403820131005,85.53811272782595,83.61534348767823
86.82829031017039,85.49635798950155,83.56476974500568
86.85113548196858,85.4543283518744,83.51404847758457
86.87260141207977,85.41202788668672,83.46318198303373
86.89271515836154,85.36946060328641,83.41217253105177
86.9115031561809,85.32663044995789,83.36102236389273
86.92899123317414,85.28354131521823,83.30973369683103
86.94520462373639,85.24019702907972,83.25830871861567
86.9601679832389,85.19660136427972,83.2067495919143
86.97390540197271,85.15275803747863,83.15505845374729
86.9864404188177,85.10867071042725,83.1032374159119
86.99779603463686,85.06434299110387,83.05128856539724
87.00799472539627,85.01977843482241,82.99921396478975
87.0170584550112,84.97498054531216,82.94701565266985
87.02500868791984,84.92995277577005,82.89469564399981
87.03186640138625,84.88469852988608,82.84225593050311
87.03765209753436,84.83922116284289,82.7896984810355
87.04238581511541,84.79352398228997,82.73702524194795
87.04608714101143,84.7476102492934,82.68423813744182
87.04877522147758,84.70148317926164,82.63133906991635
87.05046877312648,84.65514594284821,82.5783299203086
87.05118609365773,84.60860166683176,82.52521254842628
87.05094507233618,84.56185343497431,82.47198879327335
87.04976320022246,84.5149042888581,82.41866047336886
87.04765758015974,84.46775722870179,82.36522938705895
87.04464493652037,84.42041521415646,82.3116973128224
87.04074162471653,84.37288116508218,82.25806600956983
87.0359636404789,84.32515796230534,82.20433721693651
87.03032662890747,84.2772484483577,82.15051265556933
87.02384589329884,84.22915542819726,82.09659402740775
87.01653640375385,84.18088166991177,82.042583015959
87.00841280557029,84.13242990540513,81.98848128656773
86.99948942742463,84.08380283106733,81.93429048668018
86.98978028934717,84.03500310842826,81.88001224610296
86.9792991104948,83.98603336479582,81.82564817725674
86.96805931672586,83.93689619387894,81.77119987542477
86.95607404798116,83.88759415639566,81.71666891899656
86.94335616547545,83.83812978066693,81.66205686970672
86.92991825870354,83.78850556319628,81.60736527286902
86.91577265226535,83.73872396923596,81.55259565760603
86.90093141251387,83.6887874333398,81.49774953707417
86.8854063540302,83.63869835990313,81.44282840868442
86.86920904592972,83.58845912369023,81.38783375431885
86.8523508180034,83.5380720703495,81.33276704054293
86.83484276669806,83.48753951691677,81.27762971881388
86.81669576093965,83.43686375230706,81.22242322568495
86.79792044780322,83.3860470377951,81.16714898300597
86.77852725803346,83.33509160748481,81.1118083981201
86.75852641141937,83.28399966876833,81.05640286405692
86.73792792202681,83.23277340277438,81.0009337597219
86.71674160329252,83.18141496480682,80.94540245008244
86.69497707298294,83.12992648477315,80.88981028635048
86.67264375802144,83.07831006760361,80.83415860616176
86.64975089918728,83.02656779366083,80.77844873375187
86.6263075556896,82.97470171914051,80.72268198012908
86.60232260961956,82.92271387646323,80.66685964324412
86.577804770284,82.87060627465767,80.61098300815691
86.55276257842358,82.81838089973544,80.55505334720031
86.52720441031846,82.76603971505774,80.49907192014109
86.50113848178445,82.71358466169417,80.44303997433792
86.47457285206261,82.66101765877369,80.38695874489675
86.44751542760504,82.60834060382813,80.3308294548234
86.4199739657597,82.5555553731283,80.27465331517365
86.39195607835683,82.50266382201303,80.2184315252006
86.36346923519983,82.44966778521116,80.1621652724996
86.33452076746289,82.39656907715678,80.10585573315079
86.30511787099815,82.34336949229792,80.04950407185912
86.27526760955462,82.29007080539867,79.99311144209214
86.24497691791137,82.23667477183514,79.93667898621543
86.21425260492735,82.18318312788526,79.88020783562578
86.1831013565099,82.12959759101258,79.82369911088229
86.15152973850442,82.07591986014438,79.76715392183517
86.11954419950726,82.02215161594393,79.7105733677526
86.0871510736038,81.9682945210774,79.65395853744542
86.05435658303398,81.91435022047531,79.59731050938993
86.0211668407871,81.86032034158876,79.54063035184863
85.98758785312795,81.80620649464049,79.48391912298914
85.95362552205607,81.75201027287105,79.4271778710011
85.91928564770005,81.69773325277997,79.3704076342115
85.88457393064856,81.64337699436236,79.31360944119791
85.84949597422003,81.5889430413407,79.25678431090014
85.81405728667247,81.5344329213923,79.19993325273016
85.77826328335519,81.47984814637216,79.14305726668032
85.74211928880405,81.42519021253175,79.08615734342987
85.70563053878173,81.37046060073341,79.02923446445003
85.66880218226459,81.31566077666082,78.97228960210727
85.63163928337752,81.26079219102537,78.9153237197652
85.59414682327844,81.20585627976871,78.8583377718849
85.5563297019934,81.15085446426144,78.8013327041238
85.51819274020427,81.09578815149818,78.74430945343299
85.47974068098969,81.04065873428897,78.68726894815332
85.44097819152108,80.9854675914471,78.63021210810992
85.40190986471464,80.93021608797362,78.57313984470541
85.3625402208407,80.87490557523833,78.51605306101186
85.32287370909161,80.81953739115764,78.45895265186132
85.28291470910918,80.76411286036911,78.40183950393516
85.24266753247296,80.70863329440293,78.3447144958521
85.2021364241504,80.65309999185027,78.28757849825499
85.16132556390977,80.59751423852873,78.23043237389648
85.12023906769717,80.54187730764481,78.17327697772342
85.07888098897836,80.48619045995359,78.11611315696014
85.03725532004648,80.43045494391554,78.05894175119053
84.99536599329676,80.3746719958507,78.00176359243912
84.95321688246868,80.3188428400902,77.94457950525097
84.9108118038571,80.26296868912507,77.8873903067705
84.86815451749264,80.20705074375269,77.83019680681933
84.82524872829251,80.15109019322058,77.77299980797302
84.78209808718248,80.09508821536798,77.71580010563682
84.73870619219082,80.03904597676483,77.65859848812042
84.69507658951488,79.9829646328486,77.6013957367118
84.65121277456123,79.92684532805883,77.54419262574996
84.60711819295993,79.87068919596939,77.4869899226969
84.56279624155371,79.81449735941864,77.42978838820856
84.51825026936278,79.75827093063748,77.37258877620488
84.4734835785258,79.7020110113753,77.31539183393896
84.42849942521785,79.64571869302392,77.25819830206542
84.38330102054589,79.58939505673953,77.20100891470784
84.33789153142233,79.53304117356276,77.14382439952534
84.29227408141739,79.4766581045368,77.0866454777784
84.24645175159073,79.42024690082364,77.02947286439384
84.20042758130299,79.36380860381864,76.97230726802897
84.15420456900775,79.30734424526311,76.91514939113506
84.10778567302438,79.25085484735537,76.85799993001993
84.06117381229247,79.19434142285995,76.80085957490982
84.0143718671081,79.13780497521523,76.74372901001058
83.96738267984263,79.08124649863942,76.68660891356802
83.92020905564445,79.02466697823489,76.62949995792768
83.87285376312401,78.96806739009108,76.57240280959374
83.8253195350228,78.91144870138572,76.51531812928742
83.77760906886645,78.85481187048467,76.45824657200453
83.72972502760267,78.79815784704023,76.40118878707244
83.68167004022416,78.7414875720881,76.34414541820642
83.6334467023771,78.6848019781428,76.28711710356525
83.58505757695542,78.62810198929185,76.23010447580626
83.53650519468144,78.57138852128853,76.17310816213971
83.48779205467302,78.5146624816433,76.11612878438261
83.43892062499776,78.457924769714,76.05916695901186
83.38989334321447,78.40117627679473,76.00222329721684
83.3407126169023,78.34441788620349,75.94529840495144
83.29138082417788,78.28765047336859,75.88839288298544
83.24190031420072,78.23087490591392,75.8315073269554
83.19227340766724,78.17409204374299,75.77464232741498
83.14250239729365,78.11730273912184,75.71779846988464
83.09258954828809,78.06050783676083,75.66097633490091
83.04253709881218,78.00370817389538,75.60417649806506
82.99234726043238,77.94690458036546,75.54739953009124
82.94202221856132,77.89009787869422,75.4906459968542
82.8915641328894,77.83328888416548,75.43391645943633
82.84097513780698,77.77647840490019,75.37721147417443
82.79025734281724,77.7196672419319,75.32053159270575
82.73941283294018,77.66285618928127,75.26387736201376
82.6884436691077,77.60604603402957,75.20724932447328
82.63735188855034,77.54923755639132,75.15064801789525
82.58613950517552,77.49243152978586,75.09407397557099
82.53480850993783,77.43562872090816,75.03752772631601
82.48336087120131,77.37882988979862,74.9810097945134
82.43179853509412,77.32203578991209,74.92452070015669
82.38012342585564,77.26524716818591,74.86806095889244
82.32833744617638,77.20846476510718,74.81163108206225
82.27644247753062,77.15168931477922,74.7552315767444
82.22444038050224,77.09492154498716,74.69886294579509
82.17233299510369,77.03816217726272,74.64252568788926
82.12012214108842,76.98141192694827,74.58622029756101
82.06780961825683,76.92467150326004,74.52994726524364
82.01539720675606,76.86794160935062,74.47370707730919
81.96288666737351,76.81122294237069,74.41750021610778
81.91027974182451,76.75451619353002,74.36132716000644
81.85757815303415,76.69782204815776,74.30518838342756
81.80478360541345,76.64114118576198,74.24908435688705
81.75189778512994,76.5844742800886,74.19301554703206
81.69892236037299,76.52782199917954,74.13698241667836
81.64585898161371,76.47118500543023,74.08098542484744
81.59270928185985,76.41456395564651,74.0250250268031
81.53947487690563,76.35795950110082,73.96910167408787
81.48615736557669,76.30137228758771,73.91321581455895
81.43275832997031,76.24480295547885,73.85736789242394
81.37927933569101,76.1882521397773,73.8015583482761
81.32572193208148,76.13172047017127,73.74578761912943
81.27208765244924,76.07520857108719,73.69005613845329
81.21837801428893,76.01871706174222,73.63436433620679
81.1645945195003,75.96224655619625,73.57871263887286
81.11073865460222,75.9057976634032,73.52310146949199
81.0568118909426,75.84937098726193,73.46753124769565
81.00281568490439,75.79296712666643,73.41200238973943
80.9487514781078,75.73658667555554,73.35651530853589
80.89462069760869,75.6802302229622,73.30107041368713
80.84042475609341,75.623898353062,73.24566811151699
80.78616505207006,75.56759164522148,73.19030880510309
80.73184297005619,75.51131067404562,73.13499289430843
80.67745988076322,75.45505600942502,73.0797207758129
80.62301714127746,75.39882821658261,73.02449284314439
80.56851609523788,75.3426278561197,72.96930948670958
80.51395807301081,75.28645548406172,72.91417109382463
80.45934439186146,75.23031165190338,72.85907804874552
80.40467635612242,75.17419690665348,72.804030732698
80.34995525735927,75.11811179087913,72.74902952390755
80.29518237453321,75.0620568427496,72.69407479762889
80.24035897416101,75.00603259607973,72.63916692617522
80.18548631047203,74.95003958037289,72.58430627894741
80.13056562556271,74.89407832086346,72.5294932224627
80.07559814954833,74.83814933855898,72.47472812038338
80.02058510071221,74.7822531502818,72.42001133354499
79.96552768565245,74.72639026871038,72.3653432199846
79.91042709942612,74.67056120242012,72.31072413496851
79.85528452569115,74.61476645592388,72.25615443102001
79.80010113684578,74.55900652971202,72.2016344579467
79.74487809416577,74.50328192029208,72.14716456286774
79.68961654793932,74.4475931202281,72.09274509024081
79.63431763759985,74.39194061817956,72.0383763818888
79.57898249185654,74.33632489893988,71.98405877702639
79.52361222882284,74.28074644347468,71.92979261228639
79.46820795614292,74.22520572895958,71.87557822174578
79.41277077111606,74.16970322881765,71.82141593695165
79.35730176081908,74.11423941275656,71.76730608694687
79.30180200222692,74.05881474680534,71.7132489982956
79.24627256233121,74.00342969335082,71.65924499510855
79.19071449825707,73.94808471117375,71.60529439906811
79.13512885737809,73.8927802554845,71.55139752945321
79.07951667742957,73.83751677795857,71.497554703164
79.02387898661992,73.78229472677167,71.44376623474639
78.96821680374052,73.72711454663451,71.39003243641638
78.91253113827379,73.67197667882732,71.33635361808415
78.85682299049972,73.61688156123397,71.28273008737803
78.80109335160074,73.56182962837588,71.22916214966826
78.74534320376507,73.50682131144558,71.17565010809058
78.68957352028858,73.45185703833994,71.12219426356963
78.63378526567502,73.3969372336932,71.06879491484214
78.57797939573499,73.34206231890961,71.01545235848009
78.52215685768326,73.28723271219587,70.96216688891347
78.46631859023485,73.2324488285932,70.90893879845306
78.41046552369964,73.17771108000922,70.855768377313
78.35459858007565,73.12301987524945,70.80265591363306
78.29871867314098,73.06837562004873,70.74960169350099
78.24282670854456,73.01377871710208,70.6966060009745
78.18692358389544,72.95922956609562,70.64366911810312
78.13101018885101,72.90472856373694,70.59079132495003
78.07508740520387,72.85027610378542,70.53797289961356
78.0191561069676,72.79587257708222,70.48521411824865
77.96321716046128,72.74151837157997,70.43251525508809
77.90727142439292,72.6872138723723,70.37987658246368
77.85131974994167,72.63295946172309,70.32729837082717
77.79536298083907,72.57875551909545,70.27478088877106
77.73940195344905,72.5246024211805,70.22232440304937
77.68343749684696,72.47050054192593,70.16992917859807
77.62747043289755,72.41645025256426,70.11759547855551
77.57150157633187,72.36245192164093,70.0653235642827
77.51553173482323,72.30850591504213,70.01311369538337
77.45956170906213,72.2546125960225,69.96096612972394
77.40359229283021,72.2007723252324,69.90888112345343
77.34762427307331,72.14698546074521,69.85685893102307
77.2916584299735,72.09325235808424,69.80489980520593
77.23569553702029,72.03957337024951,69.75300399711635
77.17973636108088,71.9859488477443,69.70117175622923
77.12378166246954,71.93237913860146,69.64940333039921
77.06783219501612,71.87886458840958,69.59769896587976
77.01188870613373,71.82540554033893,69.54605890734207
76.95595193688553,71.77200233516716,69.49448339789387
76.90002262205077,71.71865531130484,69.44297267909812
76.84410149018996,71.66536480482087,69.39152699099155
76.78818926370927,71.61213114946754,69.34014657210312
76.73228665892417,71.55895467670557,69.28883165947236
76.67639438612227,71.50583571572881,69.23758248866756
76.62051314962544,71.4527745934889,69.18639929380383
76.56464364785114,71.39977163471964,69.13528230756114
76.50878657337311,71.34682716196123,69.08423176120216
76.45294261298125,71.29394149558429,69.03324788459001
76.39711244774084,71.24111495381378,68.98233090620589
76.34129675305113,71.18834785275266,68.93148105316666
76.2854961987031,71.13564050640544,68.88069855124225
76.22971144893675,71.08299322670152,68.82998362487294
76.17394316249758,71.03040632351839,68.77933649718666
76.11819199269246,70.97788010470467,68.72875739001604
76.06245858744492,70.92541487610292,68.67824652391546
76.00674358934977,70.87301094157239,68.62780411817793
75.9510476357271,70.82066860301155,68.57743039085194
75.89537135867572,70.76838816038047,68.52712555875813
75.83971538512598,70.71616991172303,68.47688983750594
75.784080336892,70.664014153189,68.4267234415101
75.72846683072333,70.611921179056,68.37662658400711
75.67287547835608,70.5598912817512,68.3265994770715
75.6173068865634,70.50792475187302,68.2766423316321
75.56176165720557,70.45602187821255,68.22675535748822
75.50624038727938,70.40418294777494,68.17693876332562
75.45074366896709,70.35240824580052,68.12719275673258
75.39527208968487,70.30069805578589,68.0775175442157
75.33982623213063,70.24905265950486,68.0279133312157
75.28440667433149,70.19747233702917,67.97838032212317
75.2290139896906,70.14595736674916,67.92891872029415
75.1736487470336,70.09450802539426,67.87952872806565
75.11831151065451,70.04312458805337,67.83021054677117
75.06300284036121,69.99180732819511,67.78096437675599
75.00772329152039,69.9405565176879,67.73179041739252
74.95247341510209,69.88937242681997,67.68268886709545
74.89725375772377,69.83825532431926,67.63365992333696
74.84206486169393,69.78720547737305,67.58470378266172
74.78690726505528,69.73622315164766,67.53582064070183
74.7317815016275,69.68530861130792,67.48701069219182
74.67668810104956,69.63446211903651,67.43827413098337
74.62162758882167,69.58368393605329,67.38961115006016
74.56660048634667,69.53297432213434,67.34102194155247
74.51160731097121,69.48233353563104,67.29250669675181
74.45664857602638,69.431761833489,67.24406560612547
74.40172479086797,69.38125947126679,67.19569885933097
74.34683646091645,69.33082670315466,67.14740664523046
74.29198408769638,69.28046378199312,67.09918915190505
74.23716816887561,69.23017095929141,67.05104656666906
74.18238919830401,69.17994848524586,67.00297907608423
74.12764766605184,69.12979660875814,66.95498686597384
74.07294405844782,69.07971557745341,66.90707012143675
74.01827885811674,69.02970563769838,66.85922902686146
73.96365254401685,68.97976703461926,66.81146376593998
73.90906559147676,68.92990001211959,66.76377452168174
73.85451847223207,68.88010481289804,66.7161614764274
73.8000116544617,68.83038167846601,66.66862481186261
73.7455456028238,68.78073084916521,66.62116470903169
73.6911207784914,68.73115256418512,66.57378134835125
73.63673763918769,68.68164706158039,66.52647490962381
73.58239663922102,68.63221457828807,66.4792455720513
73.52809822951954,68.58285535014484,66.4320935142485
73.47384285766559,68.53356961190408,66.3850189142565
73.41963096792969,68.4843575972529,66.33802194955602
73.36546300130435,68.43521953882903,66.2911027970807
73.31133939553747,68.38615566823772,66.24426163323038
73.25726058516554,68.33716621606843,66.19749863388428
73.20322700154642,68.2882514119115,66.15081397441416
73.149239072892,68.23941148437481,66.10420782969739
73.09529722430045,68.1906466611002,66.05768037413
73.04140187778825,68.14195716877995,66.01123178163971
72.98755345232189,68.09334323317309,65.96486222569882
72.93375236384942,68.04480507912167,65.91857187933716
72.87999902533157,67.99634293056701,65.87236091515493
72.82629384677273,67.94795701056573,65.82622950533549
72.77263723525158,67.89964754130585,65.78017782165814
72.71902959495158,67.85141474412275,65.73420603551085
72.66547132719106,67.80325883951502,65.6883143179029
72.6119628304532,67.75518004716038,65.64250283947752
72.55850450041562,67.70717858593133,65.59677177052453
72.5050967299799,67.65925467391091,65.55112128099282
72.45173990930064,67.61140852840828,65.5055515405029
72.39843442581454,67.56364036597427,65.46006271835935
72.34518066426901,67.51595040241686,65.41465498356325
72.29197900675067,67.46833885281666,65.36932850482458
72.2388298327136,67.42080593154216,65.32408345057455
72.18573351900743,67.37335185226513,65.27891998897795
72.13269043990502,67.32597682797577,65.23383828794537
72.07970096713014,67.27868107099789,65.18883851514552
72.0267654698848,67.23146479300406,65.14392083801735
71.97388431487637,67.18432820503065,65.09908542378231
71.92105786634461,67.13727151749278,65.05433243945642
71.8682864860883,67.09029494019929,65.00966205186239
71.81557053349181,67.0433986823676,64.96507442764175
71.76291036555143,66.99658295263856,64.92056973326679
71.71030633690148,66.94984795909119,64.87614813505266
71.65775879984022,66.9031939092574,64.83180979916929
71.60526810435562,66.85662101013668,64.78755489165339
71.55283459815082,66.81012946821066,64.7433835784203
71.50045862666957,66.76371948945771,64.699296025276
71.44814053312128,66.71739127936745,64.65529239792882
71.39588065850607,66.67114504295517,64.6113728620014
71.34367934163954,66.62498098477631,64.56753758304245
71.29153691917736,66.57889930894076,64.52378672653852
71.23945372563968,66.53290021912723,64.4801204579258
71.1874300934354,66.48698391859749,64.43653894260183
71.13546635288627,66.44115061021061,64.39304234593719
71.08356283225076,66.39540049643716,64.34963083328724
71.03171985774782,66.34973377937334,64.3063045700037
70.9799377535804,66.30415066075507,64.2630637214464
70.9282168419589,66.25865134197207,64.2199084529948
70.87655744312437,66.21323602408188,64.17683893005963
70.82495987537163,66.16790490782383,64.13385531809448
70.77342445507215,66.12265819363297,64.09095778260732
70.7219514966968,66.077496081654,64.04814648917208
70.67054131283852,66.03241877175512,64.00542160344014
70.61919421423468,65.98742646354184,63.96278329115183
70.56791050978946,65.94251935637082,63.920231718147924
70.51669050659594,65.89769764936361,63.87776705038112
70.46553450995815,65.85296154142033,63.83538945392745
70.4144428234129,65.80831123123345,63.79309909499775
70.3634157487515,65.76374691730136,63.75089613994907
70.31245358604136,65.71926879794206,63.70878075529607
70.26155663364733,65.67487707130674,63.666753107722414
70.21072518825314,65.6305719353933,63.62481336409214
70.15995954488241,65.58635358805999,63.58296169146104
70.1092599969198,65.54222222703882,63.54119825708797
70.05862683613182,65.49817804994908,63.49952322844626
70.0080603526876,65.4542212543108,63.457936773234955
69.95756083517954,65.41035203755814,63.41643905939021
69.9071285706438,65.36657059705286,63.37503025509652
69.85676384458071,65.32287713009761,63.33371052879809
69.80646694097497,65.27927183394935,63.29248004921008
69.7562381423158,65.23575490583265,63.25133898532986
69.70607772961695,65.19232654295297,63.21028750644834
69.6559859824366,65.14898694251,63.16932578216119
69.60596317889713,65.10573630171088,63.1284539823801
69.55600959570474,65.06257481778341,63.08767227734404
69.50612550816903,65.01950268798937,63.04698083763049
69.45631119022244,64.9765201096376,63.006379834166694
69.40656691443948,64.93362728009728,62.96586943824085
69.35689295205603,64.89082439681101,62.92544982151339
69.3072895729884,64.84811165730802,62.88512115602817
69.25775704585229,64.80548925921727,62.84488361422369
69.20829563798173,64.76295740028054,62.804737368944316
69.15890561544782,64.72051627836558,62.764682593451504
69.1095872430774,64.67816609147913,62.72471946143499
69.06034078447165,64.63590703778003,62.684848147024
69.01116650202457,64.59373931559226,62.645068824798486
68.9620646569413,64.55166312341798,62.60538166980031
68.91303550925647,64.50967865995054,62.565786857544445
68.86407931785234,64.46778612408751,62.5262845640302
68.8151963404769,64.4259857149437,62.48687496575242
68.76638683376186,64.38427763186414,62.447558239712706
68.71765105324054,64.34266207443702,62.40833456343061
68.66898925336575,64.30113924250671,62.369204114954854
68.62040168752739,64.25970933618675,62.33016707287456
68.5718886080702,64.21837255587273,62.29122361633044
68.52345026631124,64.17712910225531,62.25237392502606
68.4750869125574,64.1359791763331,62.213618179239035
68.42679879612274,64.09492297942565,62.17495655983225
68.3785861653458,64.05396071318633,62.13638924826515
68.33044926760681,64.01309257961528,62.09791642660491
68.28238834934484,63.9723187810723,62.059538277537754
68.23440365607483,63.93163952028983,62.02125498438015
68.18649543240458,63.89105500038576,61.9830667310901
68.13866392205165,63.85056542487643,61.944973702278396
68.09090936786018,63.810170997689454,61.90697608321991
68.04323201181762,63.76987192317668,61.869074059864865
67.99563209507146,63.72966840612706,61.831267818850115
67.94810985794575,63.68956065177954,61.79355754751047
67.90066553995771,63.64954886583598,61.75594343388997
67.85329937983417,63.60963325447403,61.71842566675325
67.80601161552792,63.56981402436005,61.681004435596826
67.7588024842341,63.53009138266196,61.643679930660454
67.71167222240639,63.49046553706219,61.606452342938475
67.66462106577328,63.45093669577057,61.569321864191174
67.61764924935413,63.4115050675372,61.53228868695615
67.5707570074753,63.37217086166538,61.495353004559696
67.52394457378607,63.33293428802452,61.45851501112822
67.47721218127467,63.29379555706303,61.42177490159961
67.43056006228409,63.254754879821256,61.3851328717347
67.38398844852794,63.2158124679444,61.348589118128665
67.33749757110623,63.176968533695415,61.312143838222504
67.29108766052101,63.13822328996798,61.275797230314474
67.2447589466921,63.0995769502994,61.23954949357158
67.19851165897262,63.06102972888355,61.20340082804107
67.15234602616457,63.02258184058383,61.167351434661924
67.1062622765343,62.98423350094614,61.1314015152764
67.06026063782795,62.94598492621179,61.09555127264156
67.01434133728688,62.90783633333053,61.0598009104408
66.96850460166289,62.869787939973484,61.024150633295456
66.92275065723362,62.83183996454616,60.988600646776376
66.87707972981774,62.793992626201415,60.95315115741552
66.83149204479012,62.75624614485252,60.917802372717574
66.78598782709702,62.718600741186094,60.882554501171604
66.74056730127113,62.68105663667519,60.8474077522627
66.69523069144667,62.643614053592295,60.81236233648364
66.64997822137438,62.606273215022405,60.7774184653466
66.60481011443649,62.56903434487604,60.74257635139486
66.55972659366161,62.531897667902335,60.70783620821452
66.51472788173967,62.49486340970213,60.673198250446276
66.46981420103674,62.45793179674103,60.63866269379714
66.4249857736098,62.421103056362526,60.604229755052266
66.38024282122154,62.38437741680111,60.56989965208675
66.33558556535509,62.34775510719538,60.53567260387744
66.29101422722867,62.31123635760122,60.50154883051479
66.24652902781031,62.27482139900492,60.46752855321475
66.2021301878324,62.23851046333635,60.4336119943306
66.1578179278063,62.20230378348213,60.3997993773649
66.11359246803694,62.16620159329887,60.36609092698142
66.06945402863724,62.13020412762631,60.33248686901706
66.02540282954268,62.09431162230059,60.298987430493845
65.98143909052574,62.05852431416748,60.26559283963091
65.93756303121027,62.02284244109562,60.23230332585651
65.89377487108598,61.98726624198979,60.199119119820054
65.85007482952271,61.951795956804204,60.166040453404165
65.80646312578486,61.91643182655577,60.13306755973676
65.76293997904561,61.88117409333746,60.100200673203155
65.7195056084013,61.846023000331584,60.06744002945817
65.67616023288565,61.81097879182316,60.03478586543828
65.63290407148394,61.77604171321328,60.0022384193738
65.5897373431473,61.74121201103244,59.96979793080106
65.54666026680691,61.706489932954,59.937464640574596
65.50367306138806,61.67187572780753,59.905238790879416
65.46077594582441,61.637369645592265,59.87312062524324
65.41796913907206,61.60297193749052,59.84111038854877
65.37525286012362,61.56868285588118,59.80920832704601
65.33262732802238,61.53450265435312,59.77741468836456
65.29009276187631,61.50043158771874,59.745729721526
65.24764938087209,61.466469912027456,59.71415367695621
65.2052974042892,61.4326178845792,59.68268680649779
65.16303705151388,61.39887576393794,59.65132936342247
65.12086854205315,61.36524380994531,59.62008160244352
65.07879209554876,61.331722283734095,59.588943779728226
65.03680793179122,61.29831144774183,59.55791615291036
64.99491627073365,61.26501156572444,59.526998981102665
64.95311733250581,61.23182290276981,59.4961925249094
64.91141133742795,61.19874572531143,59.46549704643885
64.86979850602478,61.16578030114205,59.43491280931591
64.82827905903932,61.13292689942732,59.40444007869466
64.78685321744682,61.10018579071947,59.374079121270974
64.74552120246862,61.06755724697104,59.34383020529511
64.70428323558605,61.035041541548495,59.313693600584415
64.6631395385542,61.002638949246055,59.28366957853592
64.6220903334159,60.97034974629935,59.253758412139085
64.58113584251542,60.938174210399175,59.223960375988455
64.54027628851244,60.906112620705294,59.194275746296405
64.49951189439577,60.87416525786017,59.16470480090588
64.45884288349721,60.84233240400277,59.13524781930314
64.41826947950538,60.81061434278235,59.10590508263055
64.3777919064795,60.77901135937231,59.07667687369936
64.33741038886322,60.74752374048394,59.04756347700255
64.29712515149839,60.71615177438034,59.01856517872759
64.25693641963889,60.68489575089021,58.98968226676938
64.21684441896438,60.65375596142172,58.96091503074301
64.17684937559416,60.62273269897637,58.93226376199671
64.13695151610088,60.59182625816288,58.9037287536247
64.09715106752438,60.56103693521107,58.87531030048011
64.05744825738545,60.53036502798575,58.847008699187896
64.01784331369961,60.49981083600062,58.81882424815777
63.97833646499095,60.46937466043217,58.79075724759713
63.93892794030582,60.43905680413361,58.76280799952403
63.8996179692267,60.40885757164877,58.73497680778014
63.86040678188598,60.37877726922605,58.707263978043734
63.82129460897967,60.34881620483233,58.67966981784265
63.7822816817813,60.31897468816692,58.65219463656731
63.74336823215563,60.28925303067546,58.62483874548369
63.704554492572505,60.25965154556391,58.597602457746376
63.66584069612061,60.230170547812456,58.57048608841153
63.62722707652129,60.20081035418946,58.54348995444994
63.58871386814239,60.171571283265386,58.516614374760046
63.55030130601202,60.14245365542676,58.48985967018096
63.5119896258324,60.1134577928901,58.4632261635055
63.47377906399368,60.08458401971584,58.43671417949323
63.435669857587776,60.05583266182224,58.41032404488346
63.397662244422186,60.02720404699936,58.38405608840834
63.359756463033854,59.998698504922935,58.35791064080585
63.32195275270301,59.9703163671683,58.331888034832815
63.28425135346703,59.94205796722427,58.305988605277975
63.24665250613428,59.91392364050706,58.28021268897498
63.20915645229801,59.88591372437412,58.25456062481539
63.17176343435025,59.85802855813805,58.229032753761715
63.13447369549564,59.83026848308042,58.20362941886039
63.097287479765406,59.80263384246562,58.178350965254744
63.06020503203119,59.77512498155465,58.15319774019802
63.02322659801901,59.74774224761896,58.12817009306628
62.986352424323165,59.72048598995423,58.103268375371414
62.9495827584202,59.693356559894085,58.07849294077401
62.9129178486828,59.66635431082389,58.05384414509632
62.876357944393774,59.63947959819443,58.0293223463351
62.83990329576004,59.612732779535584,58.00492790467452
62.80355415392656,59.58611421447003,57.980661182498984
62.767310770990335,59.55962426472684,57.956522544406
62.73117340001443,59.53326329415509,57.93251235721892
62.69514229504194,59.50703166873741,57.90863098999974
62.65921771111005,59.48092975660356,57.88487881406185
62.62339990426404,59.454957928043854,57.86125620298271
62.58768913157133,59.42911655552268,57.83776353261654
62.55208565113551,59.40340601369186,57.81440118110696
62.51658972211048,59.37782667940409,57.79116952889957
62.48120160471444,59.352378931726165,57.76806895875454
62.44592156024402,59.327063151952345,57.74509985575908
62.41074985108839,59.301879723617546,57.72226260733995
62.37568674074333,59.276829032510506,57.699557603275856
62.340732493825406,59.25191146668693,57.67698523570984
62.30588737608606,59.22712741648255,57.6545458991616
62.27115165442579,59.20247727452609,57.63223999053972
62.23652559690829,59.177961435752266,57.61006790915395
62.20200947277463,59.15358029741462,57.58803005672728
62.167603552457415,59.12933425909836,57.56612683740806
62.13330810759503,59.105223722733065,57.54435865778205
62.0991234110458,59.0812490926054,57.5227259268843
62.06504973690221,59.05741077537164,57.5012290562111
62.03108736050517,59.03370918007027,57.47986845973177
61.99723655845821,59.01014471813431,57.45864455390036
61.96349760864177,58.98671780340376,57.43755775766734
61.929870790227405,58.963428852137774,57.41660849249114
61.89635638369214,58.9402782830269,57.39579718234966
61.86295467083266,58.917266517205086,57.37512425375163
61.8296659347797,58.89439397826169,57.35459013574792
61.79649046001224,58.87166109225333,57.33419525994275
61.763428532371925,58.84906828771568,57.313940060504805
61.73048043907729,58.8266159956751,57.29382497417818
61.69764646873815,58.80430464966017,57.27385044029333
61.664926911369925,58.78213468571316,57.25401690077781
61.63232205840798,58.7601065424013,57.23432480016697
61.59983220272199,58.73822066082799,57.21477458561447
61.56745763863029,58.71647748464384,57.195366706902725
61.53519866191424,58.69487746005759,57.17610161645318
61.50305556983264,58.67342103584693,57.15697976933651
61.47102866113605,58.65210866336909,57.138001623282605
61.43911823608124,58.630940796571416,57.11916763869049
61.40732459644552,58.60991789200165,57.100478278638064
61.3756480455412,58.58904040881817,57.08193400889168
61.34408888822994,58.56830880880004,57.0635352979156
61.31264743093718,58.54772355635685,57.045282616881295
61.28132398166655,58.52728511853845,57.02717643967654
61.25011885001426,58.50699396504446,57.009217242914374
61.21903234718352,58.48685056823366,56.99140550594189
61.18806478599896,58.46685540313316,56.97374171084883
61.157216480921,58.44700894744735,56.956226342476
61.126487748060335,58.42731168156672,56.93885988842352
61.095878905192265,58.40776408857645,56.92164283905884
61.06539027177114,58.38836665426479,56.90457568752457
61.03502216894477,58.36911986713122,56.887658929746145
61.00477491956876,58.35002421839445,56.87089306443922
60.974648848221,58.33108020200013,56.85427859311688
60.94464428121597,58.312288314628354,56.837816020096625
60.91476154661915,58.29364905570094,56.8215058525071
60.885000974261374,58.27516292738848,56.80534860029466
60.85536289575322,58.2568304346171,56.78934477622959
60.82584764449933,58.238652085075024,56.77349489591219
60.79645555571276,58.22062838921882,56.75779947777848
60.7671869664293,58.20275986027941,56.74225904310578
60.738042215521794,58.18504701426785,56.726874116017925
60.70902164371442,58.16749036998071,56.71164522349022
60.68012559359699,58.15009044900527,56.696572895354166
60.65135440963919,58.13284777572444,56.681657664301824
60.62270843820484,58.115762877321245,56.666900065889934
60.59418802756609,58.09883628378315,56.65230063854372
60.56579352791765,58.082068527905975,56.63785992356037
60.537525291390935,58.06546014529752,56.6235784651122
60.50938367206824,58.04901167438085,56.609456810249526
60.481369025996834,58.03272365639724,56.59549550890313
60.45348171120308,58.01659663540877,56.58169511388645
60.42572208770648,58.000631158300585,56.5680561808974
60.39809051753373,57.98482777478273,56.55457926851982
60.37058736473267,57.9691870373917,56.54126493822454
60.34321299538632,57.95370950149152,56.528113754370146
60.31596777762672,57.938395725274496,56.51512628420324
60.28885208164888,57.92324626976154,56.50230309785842
60.26186627972461,57.908261698802086,56.4896447683578
60.23501074621628,57.89344257907358,56.4771518716101
60.20828585759063,57.87878948008058,56.46482498640936
60.181691992432455,57.86430297415336,56.452664694433224
60.15522953145824,57.84998363644613,56.440671580240725
60.128898857529805,57.835832044934754,56.42884623126967
60.10270035566783,57.821848780414,56.41718923783354
60.07663441306535,57.80803442649436,56.40570119311796
60.0507014191012,57.79438956959832,56.39438269317664
60.02490176535339,57.7809147989562,56.38323433692681
59.9992358456124,57.7676107066014,56.372256726144236
59.97370405589442,57.75447788736522,56.36145046545764
59.94830679445456,57.74151693887109,56.350816162342625
59.92304446179988,57.7287284615283,56.34035442711509
59.8979174607025,57.71611305852508,56.330065872924045
59.87292619621248,57.70367133582129,56.31995111574392
59.84807107567072,57.69140390214036,56.310010774366276
59.82335250872174,57.67931136896074,56.30024547039094
59.79877090732636,57.66739435050674,56.29065582821655
59.77432668577431,57.65565346373874,56.2812424750305
59.75002026069678,57.6440893283428,56.27200604079825
59.72585205107877,57.632702566719566,56.262947158252025
59.70182247827146,57.62149380397266,56.25406646287886
59.67793196600441,57.61046366789628,56.245364592908
59.65418094039765,57.599612788962176,56.23684218929762
59.630569829973695,57.588941800305975,56.22849989572089
59.60709906566941,57.57845133771274,56.22033835855129
59.58376908084779,57.56814203960188,56.21235822684728
59.56058031130959,57.55801454701126,56.20456015233622
59.53753319530485,57.548069503580656,56.196944789397556
59.514628173544295,57.53830755553437,56.18951279504524
59.49186568921055,57.52872935166317,56.18226482890943
59.46924618796928,57.51933554330535,56.17520155321738
59.44677011798019,57.51012678432706,56.16832363277352
59.42443792990781,57.50110373110181,56.161631734938815
59.40225007693219,57.492267042489146,56.15512652960917
59.38020701475942,57.48361737981245,56.14880868919313
59.358309201632,57.47515540683596,56.14267888858864
59.33655709833903,57.466881789740846,56.13673780515899
59.31495116822623,57.458797197100445,56.13098611870782
59.29349187720582,57.45090229985457,56.1254245114533
59.27217969376616,57.44319777128292,56.120053668001376
59.25101508898127,57.435684286977526,56.114874275318016
59.22999853652012,57.428362524814304,56.10988702270061
59.20913051265573,57.42123316492358,56.10509260174835
59.1884114962741,57.41429688965966,56.10049170633167
59.16784196888286,57.40755438356944,56.09608503256061
59.14742241461983,57.40100633335992,56.0918732787523
59.127153320261215,57.39465342786475,56.087857145397315
59.107035175229726,57.38849635800975,56.084037335124975
59.08706847160236,57.38253581677724,56.08041455266768
59.06725370411798,57.37677249916947,56.076989504824084
59.04759137018469,57.37120710217078,56.07376290042117
59.02808196988691,57.36584032470877,56.07073545027527
59.00872600599224,57.36067286761426,56.0679078671519
58.989523983958,57.35570543358013,56.065280865724475
58.97047641193762,57.35093872711899,56.06285516253182
58.95158380078661,57.34637345451963,56.06063147593453
58.93284666406838,57.34201032380234,56.05861052607012
58.91426551805968,57.33785004467293,56.056793034806944
58.8958408817558,57.333893328475554,56.055179725696874
58.87757327687545,57.33014088814423,56.0537713239267
58.85946322786533,57.32659343815314,56.052568556268305
58.84151126190438,57.3232516944656,56.05157215102747
58.82371790890771,57.320116374481735,56.05078283799144
58.80608370153022,57.31718819698477,56.0502013483751
58.78860917516984,57.31446788208605,56.04982841476579
58.77129486797044,57.311956151168616,56.04966477106683
58.7541413208244,57.30965372682943,56.04971115243953
58.73714907737481,57.30756133282021,56.049968295243886
58.72031868401725,57.305679693986754,56.05043693697781
58.70365068990127,57.30400953620696,56.0511178162149
58.68714564693144,57.302551586327205,56.05201167254076
58.67080410976794,57.30130657209742,56.05311924648781
58.65462663582691,57.30027522210452,56.05444127946863
58.63861378528016,57.2994582657044,56.05597851370771
58.622766121054674,57.298856432952334,56.05773169217171
58.60708420883148,57.29847045453188,56.05970155849813
58.59156861704425,57.29830106168212,56.0618888569224
58.57621991687733,57.298348986123386,56.06429433220335
58.56103868226332,57.29861495998133,56.066918729547076
58.546025489880265,57.29909971570935,56.06976279452913
58.53118091914822,57.29980398600941,56.072827273015115
58.51650555222545,57.30072850375111,56.0761129110795
58.50199997400407,57.301874001889146,56.0796204549228
58.48766477210512,57.30324121337903,56.08335065078702
58.47350053687324,57.30483087109104,56.08730424486936
58.45950786137068,57.30664370772252,56.09148198323415
58.44568734137081,57.30868045570831,56.095884611722994
58.43203957535111,57.3109418471295,56.100512875863174
58.41856516448553,57.31342861362028,56.105367520774166
58.40526471263627,57.31614148627303,56.11044929107237
58.39213882634501,57.31908119554162,56.11575893077398
58.37918811482351,57.32224847114274,56.12129718319595
58.36641318994358,57.32564404195548,56.127064790855144
58.35381466622639,57.32926863591894,56.133062495365486
58.34139316083126,57.33312297992802,56.13929103733327
58.32914929354362,57.33720779972719,56.14575115625048
58.31708368676246,57.3415238198024,56.15244359038617
58.30519696548698,57.346071763271055,56.15936907667586
58.29348975730263,57.35085235176994,56.16652835060896
58.28196269236639,57.355866305341245,56.17392214611416
58.270616403391365,57.36111434231657,56.181551195442836
58.2594515256306,57.36659717919888,56.18941622905037
58.248468696860215,57.37231553054254,56.197517975475456
58.2376685573617,57.37827010883117,56.2058571612173
58.22705174990351,57.38446162435357,56.2144345106108
58.2166189197218,57.390890785077545,56.22325074569955
58.20637071450044,57.39755829652162,56.2323065861068
58.1963077843501,57.40446486162472,56.24160274890426
58.18643078178663,57.41161118061371,56.25113994847877
58.17674036170847,57.41899795086884,56.26091889639684
58.1672371813733,57.42662586678711,56.270940301267
58.15792190037376,57.43449561964341,56.28120486860002
58.14879518061225,57.44260789744966,56.29171330066694
58.139857686274894,57.45096338481165,56.30246629635486
58.131110083804536,57.45956276278382,56.31346455102059
58.122553041872806,57.4684067087219,56.324708756342076
58.11418723135122,57.47749589613329,56.3361996001676
58.10601332528131,57.48683099452534,56.347937766362755
58.09803199884382,57.496412669251406,56.35992393465519
58.09024392932681,57.50624158135475,56.37215878047714
58.0826497960928,57.51631838741026,56.38464297480569
58.07525028054485,57.52664373936392,56.39737718400079
58.06804606609165,57.53721828437018,56.41036206964103
58.061037838111424,57.54804266462702,56.4235982883572
58.05422628391487,57.55911751720895,56.4370864916635
58.04761209270691,57.57044347389767,56.4508273257866
58.041195955547366,57.58202116101067,56.464821431492375
58.03497856531048,57.593851199227565,56.47906944391042
58.02896061664328,57.60593420341424,56.49357199235628
58.02314280592278,57.61827078244485,56.50832970015147
58.01752583121201,57.63086153902163,56.5233431844412
58.01211039221478,57.64370706949249,56.5386130560099
58.00689719022927,57.65680796366654,56.55413991909449
58.00188692810036,57.67016480462734,56.56992437119541
57.99708031017073,57.68377816854413,56.585967002885454
57.9924780422306,57.6976486244808,56.60226839761635
57.98808083146627,57.71177673420284,56.61882913152319
57.98388938640728,57.72616305198211,56.63564977322663
57.97990441687225,57.74080812439958,56.65273088363291
57.97612663391342,57.755712490145896,56.67007301573174
57.9725567497597,57.77087667981999,56.68767671439199
57.9691954777585,57.78630121572556,56.705542516155305
57.966043532316,57.80198661166556,56.72367094902754
57.96310162883606,57.81793337273471,56.74206253226817
57.9603704836577,57.83414199510994,56.760717776177536
57.95785081399112,57.85061296583899,56.779637181882116
57.9555433378522,57.86734676262699,56.79882124111773
57.95344877399552,57.88434385362114,56.81827043601074
57.95156784184588,57.90160469719356,56.837985238857286
57.94990126142827,57.91912974172222,56.85796611190053
57.9484497532963,57.93691942537016,56.87821350710603
57.94721403845902,57.95497417586278,56.8987278659352
57.94619483830621,57.97329441026348,56.91950961911688
57.94539287453201,57.99188053474756,56.940559186417154
57.94480886905694,58.01073294437443,56.961876976407304
57.94444354394829,58.02985202285821,56.98346338623005
57.94429762133883,58.04923814233665,57.00531880136408
57.94437182334386,58.068891663138615,57.02744359538692
57.94466687197651,58.08881293354995,57.04983812973611
57.94518348906141,58.10900228957794,57.07250275346888
57.94592239614654,58.12946005471433,57.095437803020246
57.94688431441341,58.15018653969695,57.11864360195962
57.948069964585386,58.1711820422701,57.14212046074597
57.9494800668343,58.19244684694355,57.16586867648162
57.95111534068524,58.213981224750455,57.189888532664696
57.95297650491951,58.23578543300402,57.21418029894028
57.95506427747577,58.25785971505311,57.238744230850365
57.9573793753493,58.28020430003681,57.26358056958266
57.95992251448944,58.30281940263804,57.28868954171823
57.96269440969512,58.325705222836206,57.31407135897817
57.96569577450848,58.34886194565907,57.33972621796927
57.96892732110663,58.372289740933766,57.36565429992878
57.9723897601914,58.3959887630372,57.391855770468304
57.97608380087725,58.41995915064575,57.418330779316996
57.98001015057713,58.44420102648437,57.44507946006401
57.98416951488644,58.46871449707536,57.47210192990032
57.98856259746496,58.493499652486506,57.49939828936005
57.99319009991681,58.5185565660791,57.52696862206131
57.998052721668415,58.543885294255546,57.554812994446614
58.003151159844414,58.569485876206905,57.58293145552307
58.00848610914155,58.59535833366031,57.61132403660229
58.01405826170054,58.62150267062636,57.63999075104022
58.019868306975866,58.64791887314672,57.6689315939769
58.025916931603504,58.6746069090417,57.69814654207625
58.0322048192666,58.70156672765836,57.727635553266076
58.038732650559055,58.72879825961876,57.75739856647824
58.04550110284699,58.7563014165688,57.7874355013892
58.052510850128165,58.78407609092762,57.817746258160966
58.05976256288925,58.81212215563757,57.84833071718262
58.06725690796102,58.84043946391506,57.87918873881241
58.074994548371365,58.86902784900217,57.910320163120645
58.08297614319629,58.89788712391933,57.941724809633406
58.09120234740867,58.92701708121898,57.973402477077215
58.09967381172493,58.95641749274047,58.005352943124755
58.108391182449616,58.98608810936627,58.03757596414178
58.11735510131774,59.01602866077951,58.0700712749353
58.1265662053351,59.04623885522312,58.10283858850319
58.13602512661637,59.07671837926055,58.13587759578527
58.1457324922211,59.107466897538224,58.16918796541606
58.15568892398756,59.13848405254996,58.202769343479275
58.16589503836443,59.1697694644032,58.23662135326421
58.17635144624043,59.20132273058751,58.2707435950241
58.18705875277171,59.233143425745226,58.30513564573661
58.19801755720722,59.2652311014444,58.339797058866594
58.20922845271189,59.29758528595432,58.374727364131196
58.22069202618773,59.33020548402354,58.40992606726748
58.23240885809282,59.36309117666068,58.44539264980267
58.24437952225821,59.396241820918014,58.481126568827186
58.25660458570276,59.429656849678096,58.51712725677052
58.26908460844581,59.463335671443446,58.5533941211802
58.28182014331791,59.497277670129485,58.58992654450385
58.29481173576944,59.53148220486081,58.626723883874604
58.30805992367719,59.56594860977097,58.663785470899924
58.32156523714895,59.600676193805896,58.70111061145397
58.33532819832611,59.63566424053103,58.738698585473685
58.34934932118421,59.67091200794236,58.77654864675873
58.363629111331605,59.7064187282815,58.814660022775364
58.37816806580617,59.742183607854905,58.85303191446451
58.39296667287007,59.77820582685734,58.891663496053965
58.40802541180261,59.8144845391998,58.930553914875105
58.423344752691314,59.851018872342,58.969702291184085
58.43892515622103,59.88780792712949,59.00910771798768
58.45476707346135,59.924850777635605,59.048769260873996
58.47087094565212,59.96214647100844,59.08868595784807
58.48723720398733,59.99969402732276,59.12885681917262
58.50386626939716,60.03749243943727,59.16928082721397
58.52075855232838,60.0755406728571,59.20995693629336
58.537914452523175,60.11383766560191,59.25088407254377
58.55533435879623,60.15238232807941,59.29206113377236
58.57301864881034,60.19117354296482,59.33348698932871
58.59096768885041,60.230210165086014,59.37516047997897
58.60918183359604,60.26949102131477,59.41708041778603
58.62766142589258,60.30901491046404,59.45924558599589
58.64640679652085,60.34878060319157,59.50165473893033
58.66541826396545,60.38878684190978,59.544306601886056
58.6846961341818,60.42903234070213,59.5871998710404
58.70424070036192,60.4695157852462,59.63033321336366
58.72405224269896,60.51023583274331,59.673705266538406
58.74413102815066,60.55119111185517,59.717314638885576
58.76447731020163,60.59238022264731,59.76115990929777
58.78509132862463,60.63380173653969,59.80523962717969
58.80597330924091,60.67545419626441,59.8495523123959
58.82712346367956,60.71733611583076,59.89409645522602
58.848541989136045,60.7594459804976,59.938870516327455
58.87022906812995,60.80178224675325,59.98387292670581
58.892184868262014,60.84434334230299,60.02910208769302
58.914409541970464,60.887127666064224,60.07455637093343
58.93690322628681,60.93013358816941,60.12023411837778
58.9596660425911,60.97335944997688,60.16613364228531
58.98269809636678,61.01680356408968,60.21225322523403
59.00599947695511,61.0604642143823,60.25859112013925
59.02957025730937,61.10433965603571,60.30514555028051
59.05341049374884,61.1484281155805,60.35191470933688
59.0775202257126,61.192727790948304,60.39889676143091
59.1018994755134,61.237236851531634,60.44608984118109
59.12654824809146,61.28195343825209,60.49349205376307
59.15146653076846,61.32687566363707,60.541101474979605
59.176654293001725,61.37200161190503,60.588916151339376
59.20211148613873,61.41732933905935,60.636934100144664
59.22783804317201,61.462856872990855,60.68515330958803
59.25383387849451,61.50858221358902,60.733571738858004
59.28009888765561,61.55450333286198,60.782187318253804
59.30663294711776,61.60061817506523,60.83099794930925
59.333435914013926,61.64692465683927,60.88000150492578
59.360507625905925,61.69342066735599,60.92919582951468
59.38784790054374,61.74010406847402,60.9785787391486
59.41545653562592,61.78697269490292,61.02814802172226
59.44333330856115,61.83402435437635,61.07790143712249
59.471477976231206,61.88125682783411,61.12783671740761
59.4998902747552,61.92866786961312,61.17795156699607
59.52856991925543,61.97625520764744,61.22824366286447
59.5575166036248,62.02401654367704,61.27871065475492
59.58673000029607,62.07194955346572,61.329350165391695
59.61620976001284,62.12005188702777,61.3801597907073
59.64595551160259,62.1683211688636,61.431137100077805
59.67596686175178,62.21675499820426,61.482279636567455
59.70624339478316,62.26535094926477,61.53358491718266
59.73678467243536,62.3141065715063,61.585050433135144
59.76759023364499,62.3630193899071,61.636673650114375
59.79865959433126,62.41208690524218,61.688452008569165
59.82999224718328,62.46130659437163,61.74038292399838
59.86158766145019,62.51067591053766,61.79246378725082
59.89344528273416,62.5601922836701,61.844691964834006
59.925564532786574,62.6098531207005,61.8970647992321
59.95794480930721,62.65965580588461,61.94957960923258
59.99058548574689,62.7095977011332,62.00223369026187
60.02348591111347,62.75967614635124,62.05502431472966
60.05664540978138,62.80988845978519,62.10794873238191
60.090063281304936,62.86023193837845,62.16100417066247
60.12373880023534,62.91070385813475,62.21418783508319
60.15767121594172,62.961301474489545,62.26749690960235
60.1918597524362,63.012022022689095,62.320928557011506
60.226303608203146,63.062862718177314,62.37447991933039
60.26100195603277,63.113820756990144,62.42814811820993
60.29595394285916,63.1648933161574,62.48193025534323
60.33115868960292,63.21607755411194,62.53582341288429
60.3666152910185,63.26737061110599,62.58982465387449
60.40232281554632,63.31876960963455,62.64393102267653
60.43828030516995,63.37027165486575,62.698139545415884
60.47448677527829,63.42187383507788,62.75244723042938
60.51094121453305,63.47357322210313,62.806851068720974
60.54764258474143,63.52536687177776,62.86134803442443
60.58458982073447,63.57725182439856,62.91593508527279
60.62178183025079,63.62922510518545,62.97060916307447
60.65921749382616,63.6812837247501,63.02536719419578
60.69689566468888,63.73342467957033,63.08020609004973
