evolving_asym_D=1.0 mm/w,evolving_sym_D=1.0 mm/w
100.0,100.0
99.98360208,99.98360208
99.89363624232412,99.8934722900133
99.80443106299542,99.8039498534431
99.71762283620096,99.71668115049597
99.63332999843504,99.63179415903865
99.55141370439952,99.54915906230303
99.47169005961742,99.46860051040622
99.39398000045183,99.38994752665631
99.31812135060498,99.31304558821198
99.2439703805679,99.23775820792605
99.17140035889474,99.16396550650259
99.10029940095072,99.09156208080529
99.03056834937472,99.02045490270176
98.96211890069692,98.95056146299895
98.89487201469088,98.88180819714259
98.82875658442698,98.81412917072613
98.76370832936824,98.7474649872176
98.69966887350904,98.68176187996353
98.63658497511555,98.61697095508039
98.57440788018896,98.55304755740062
98.51309277695977,98.48995073682346
98.45259833313104,98.42764279682572
98.39288630118736,98.36608891048391
98.3339211799696,98.30525679223923
98.27566992300584,98.24511641592531
98.2181016859046,98.18563977139115
98.16118760655536,98.1268006534899
98.10490061302669,98.06857447834658
98.0492152549648,98.01093812273024
97.99410755502986,97.95386978308682
97.93955487749444,97.89734885137783
97.88553581160905,97.84135580534642
97.83203006772573,97.78587211121969
97.77901838449048,97.73088013717299
97.72648244567424,97.67636307614188
97.67440480542938,97.62230487678215
97.62276882093612,97.56869018155592
97.5715585915526,97.51550427107031
97.5207589037069,97.46273301391875
97.47035518087364,97.41036282137904
97.4203334380663,97.35838060640992
97.37068024035088,97.30677374646216
97.3213826649505,97.25553004968292
97.27242826656388,97.20463772414625
97.22380504556791,97.15408534978796
97.17550141881388,97.10386185276299
97.12750619276112,97.05395648197694
97.0798085387221,97.00435878757294
97.03239797001768,96.95505860118014
96.98526432086489,96.9060460177524
96.93839772683782,96.8573113788446
96.89178860676016,96.80884525719082
96.8454276459023,96.76063844246353
96.7993057803693,96.71268192810516
96.75341418257736,96.66496689913536
96.70774424772708,96.61748472084678
96.66228758118991,96.57022692831092
96.61703598673331,96.52318521662387
96.57198145551624,96.47635143182804
96.52711615579376,96.42971756245232
96.48243242327436,96.38327573161891
96.43792275207932,96.33701818966914
96.39357978625776,96.29093730726582
96.34939631181452,96.24502556893279
96.30536524921288,96.19927556699626
96.26147964631583,96.15367999589554
96.2177326717342,96.10823164683349
96.17411760855104,96.06292340273961
96.13062784839524,96.01774823352106
96.08725688583922,95.97269919157864
96.043998313097,95.9277694075671
96.0008458150016,95.88295208638036
95.95779316424168,95.83824050334407
95.9148342168391,95.79362800059923
95.87196290785056,95.74910798366172
95.8291732472774,95.70467391814395
95.78645931616896,95.66031932662581
95.7438152629062,95.61603778566287
95.70123529965235,95.57182292292096
95.65871369895966,95.52766841442688
95.61624479052055,95.48356798192567
95.5738229580534,95.43951539033556
95.5314426363133,95.39550444529256
95.48909830821876,95.35152899077681
95.44678450208632,95.30758290681366
95.4044957889649,95.2636601072427
95.36222678006276,95.21975453754858
95.31997212426042,95.17586017274766
95.27772650570247,95.13197101532513
95.23548464146305,95.08808109321726
95.1932412792784,95.04418445783409
95.15099119534212,95.00027518211805
95.10872919215689,94.95634735863389
95.06645009643908,94.9123950976864
95.02414875707086,94.86841252546152
94.98182004309592,94.8243937821877
94.93945884175471,94.78033302031375
94.89706005655547,94.73622440270017
94.85461860537704,94.6920621008207
94.81212941860062,94.64784029297125
94.76958743726658,94.60355316248334
94.72698761125366,94.5591948959395
94.68432489747732,94.51475968138793
94.64159425810442,94.47024170655405
94.5987906587818,94.4256351570466
94.55590906687571,94.38093421455598
94.51294444971992,94.33613305504275
94.46989177287011,94.29122584691405
94.42674599836212,94.24620674918603
94.38350208297172,94.2010699096303
94.34015497647438,94.15580946290243
94.296699619902,94.11041952865065
94.25313094379564,94.06489420960308
94.2094438664514,94.01922758963141
94.1656332921584,93.97341373178963
94.1216941094262,93.92744667632584
94.07762118920078,93.8813204386656
94.0334093830664,93.83502900736508
93.98905352143242,93.78856634203245
93.94454841170288,93.74192637121573
93.89988883642752,93.69510299025562
93.85506955143252,93.64809005910168
93.81008528392918,93.60088140009013
93.76493073059927,93.5534707956818
93.71960055565523,93.50585198615853
93.6740893888739,93.4580186672764
93.62839182360185,93.40996448787425
93.58250241473124,93.36168304743562
93.5364156766445,93.31316789360278
93.49012608112578,93.26441251964083
93.44362805523863,93.21541036185043
93.39691597916747,93.16615479692724
93.34998418402162,93.1166391392665
93.30282694960036,93.06685663821074
93.25543850211746,93.01680047523908
93.20781301188336,92.96646376109597
93.15994459094352,92.91583953285772
93.1118272906714,92.86492075093481
93.06345509931404,92.81370029600795
93.01482193948908,92.76217096589589
92.96592166563089,92.71032547235303
92.91674806138448,92.65815643779457
92.86729483694532,92.60565639194706
92.8175556263432,92.5528177684222
92.7675239846679,92.49963290121156
92.71719338523567,92.44609402109978
92.66655721669362,92.3921932519941
92.6156087800604,92.33792260716739
92.56434128570146,92.28327398541248
92.51274785023608,92.22823916710497
92.46082149337477,92.17280981017197
92.40855513468424,92.11697744596383
92.35594159027818,92.06073347502627
92.302973569431,92.00406916276982
92.24964367111278,91.94697563503364
92.19594438044248,91.88944387354059
92.1418680650571,91.83146471124056
92.0874069713944,91.77302882753857
92.03255322088616,91.71412674340445
91.97729880605964,91.65474881636065
91.92163558654414,91.59488523534466
91.86555528498025,91.53452601544238
91.8090494828282,91.47366099248873
91.75210961607311,91.4122798175318
91.69472697082318,91.35037195115639
91.6368926787983,91.28792665766323
91.57859771270564,91.22493299909954
91.51983288149869,91.16137982913669
91.4605888255164,91.09725578679097
91.4008560114992,91.0325492899825
91.34062472747766,90.96724852892835
91.27988507753064,90.90134145936477
91.21862697640891,90.83481579559403
91.15684014402018,90.76765900335096
91.09451409977184,90.69985829248435
91.03163815676707,90.63140060944802
90.96820141585025,90.5622726295965
90.90419275949722,90.49246074928018
90.83960084554631,90.42195107773446
90.77441410076524,90.35072942875759
90.70862071424938,90.27878131217167
90.6422086306472,90.20609192506133
90.5751655432072,90.13264614278427
90.5074788866422,90.0584285097482
90.4391358298056,89.98342322994819
90.37012326817482,89.90761415725883
90.30042781613628,89.8309847854752
90.23003579906732,89.75351823809682
90.15893324520896,89.67519725784885
90.08710587732504,89.59600419593443
90.01453910414105,89.51592100101243
89.94121801155833,89.4349292078948
89.86712735363707,89.35300992595769
89.79225154334296,89.27014382726071
89.71657464305157,89.18631113436864
89.64008035480488,89.10149160787026
89.56275201031396,89.01566453358885
89.48457256070222,88.92880870947936
89.40552456598346,88.84090243220722
89.32559018426875,88.75192348340431
89.24475116069681,88.66184911559759
89.16298881608179,88.57065603780642
89.08028403527332,88.47832040080509
88.99661725522299,88.38481778204726
88.91196845275215,88.29012317024979
88.82631713201579,88.19421094963363
88.73964231165742,88.09705488382073
88.6519225116503,87.99862809938583
88.5631357398204,87.89890306906341
88.47325947804691,87.79785159461072
88.38227066813648,87.69544478932869
88.29014569736755,87.59165306024374
88.19686038370192,87.48644608995468
88.10238996066086,87.37979281815011
88.0067090618639,87.27166142280305
87.90979170522887,87.16201930105149
87.81161127683252,87.05083304977468
87.71214051443198,86.9380684458773
87.61135149064782,86.8236904262954
87.50921559581096,86.70766306774027
87.4057035204761,86.58994956619892
87.30078523760604,86.4705122162121
87.19442998443229,86.34931238995385
87.08660624399866,86.2263105161397
86.97728172639631,86.10146605879343
86.86642334970023,85.97473749590635
86.75399722061886,85.84608229802656
86.63996861487085,85.71545690681968
86.52430195730473,85.58281671364725
86.40696080177986,85.44811603821321
86.28790781082942,85.31130810733443
86.16710473512907,85.17234503389606
86.04451239279761,85.03117779605893
85.92009064855958,84.88775621679152
85.79379839280269,84.74202894380642
85.66559352056711,84.59394342998735
85.53543291050742,84.44344591440077
85.4032724038722,84.29048140399357
85.26906678355114,84.13499365608675
85.13276975324425,83.97692516178363
84.99433391681293,83.81621713042037
84.85371075787852,83.65280947519632
84.7108506197397,83.48664080013158
84.56570268568677,83.31764838851016
84.41821495979713,83.14576819297787
84.26833424830401,82.97093482747583
84.11600614163785,82.79308156120246
83.96117499724765,82.61214031480904
83.80378392331842,82.42804165904707
83.64377476350964,82.24071481609853
83.48108808284908,82.05008766383385
83.31566315492623,81.85608674325607
83.14743795053991,81.6586372694036
82.9763491279656,81.4576631459982
82.80233202501897,81.25308698413885
82.62532065310408,81.04483012535617
82.44524769344677,80.83281266935622
82.26204449572602,80.61695350679562
82.07564107932923,80.39717035744376
81.88596613747039,80.17337981409939
81.6929470444234,79.9454973926419
81.49650986613672,79.71343758860681
81.29657937450885,79.47711394068588
81.09307906561851,79.2364391015592
80.8859311822165,78.99132491647352
80.67505674080016,78.74168250998517
80.46037556360469,78.48742238128784
80.24180631585808,78.22845450854498
80.01926654865903,77.96468846264281
79.79267274784846,77.69603353077314
79.56194038925587,77.42239885024455
79.32698400071118,77.14369355290587
79.08771723122052,76.8598269205466
78.84405292771076,76.57070855161537
78.5959032197519,76.2762485395683
78.34317961266883,75.97635766312423
78.08579308945302,75.6709475886637
77.8236542218821,75.35993108496123
77.55667329124834,75.04322225038771
77.28476041908746,74.72073675265884
77.00782570828486,74.39239208113891
76.72577939491872,74.05810781163478
76.4385320111763,73.71780588353307
76.14599455965192,73.37141088904504
75.84807869930206,73.01885037422744
75.54469694329416,72.660055151345
75.23576286894043,72.29495962203008
74.92119133985719,71.92350211057983
74.60089874043177,71.54562520660949
74.27480322261489,71.16127611615379
73.94282496498425,70.77040702017848
73.6048864439469,70.37297543932998
73.2609127168616,69.96894460361541
72.91083171677022,69.5582838255694
72.55457455832716,69.14096887532794
72.19207585441013,68.71698235589642
71.82327404278311,68.2863140767694
71.44811172206471,67.84896142393602
71.0665359961324,67.40492972418848
70.67849882596607,66.95423260154448
70.28395738780438,66.49689232349897
69.88287443635527,66.03294013473868
69.47521867166853,65.5624165758861
69.06096510814604,65.08537178479021
68.64009544403413,64.60186577785063
68.2125984296155,64.11196870885209
67.77847023219601,63.615761102798075
67.3377147958667,63.11333406226859
66.89034419391503,62.60478944388656
66.43637897166433,62.09024000256305
65.97584847743727,61.56980950130243
65.5087911792713,61.04363278448553
65.03525496496212,60.511855812711545
64.55529742297762,59.974635657467346
64.06898610177082,59.43214045410494
63.57639874502798,58.884549311843124
63.07762350041778,58.332052179766
62.57275909946127,57.774849668067034
62.061915006220445,57.213152824080616
61.54521153260624,56.647182862950764
61.02277991823525,56.077170853105855
60.49476237291798,55.503357357035945
59.96131208003948,54.92599202820203
59.42259315929556,54.34533316524069
58.87878058747271,53.76164722495954
58.33006007620588,53.17520829594521
57.7766279059141,52.586297534921684
57.218690715397024,51.995202568300066
56.65646524687261,51.402216861646984
56.09017804654666,50.807639060064304
55.52006512112308,50.21177230271499
54.9463715509882,49.61492351494536
54.36935106112964,49.01740268163997
53.78926555117519,48.419522105600045
53.206384586258366,47.82159565485732
52.620984850728966,47.223938002921315
52.03334956702757,46.62686386600818
51.44376788232676,46.03068724131274
50.852534225807744,45.43572065036261
50.259947639683546,44.84227439143389
49.66631108729833,44.25065580491372
49.07193074182198,43.66116855536674
48.47711525921884,43.074111933902
47.88217503929711,42.48978018424692
47.287421478738864,41.908461855717206
46.69316622006974,41.33043918603
46.0997204005504,40.755987516644055
45.507393904959535,40.185374743030216
44.91649462619039,39.61886080197977
44.327327737499886,39.05669719775244
43.74019498013367,38.499126568552576
43.155393969902285,37.946382294505575
42.57321752610595,37.398688147990114
41.99395302600021,36.85625798686879
41.41788178776504,36.31929549085358
40.8452784846882,35.787993940946066
40.27641059300398,35.262536041608364
39.71153787554316,34.74309378505149
39.15091190305367,34.229828356776146
38.59477561474673,33.72289008126745
38.04336291931427,33.2224184065326
37.49689833735339,32.72854192597876
36.955596685826144,32.24137843595977
36.41966280488066,31.76103502717337
35.8892913270665,31.287608207967583
35.36466648869483,30.821184057513545
34.84596198282581,30.36183840672397
34.333340853113484,29.909637044739238
33.826955427503826,29.464635948767047
33.32694729056691,29.026881535045142
32.83344729304962,28.596410928698695
32.34657559706248,28.17325225028304
31.866441755163564,27.757424916837454
31.39314482147364,27.348939955324795
30.926773492850685,26.947800326393452
30.46740627806745,26.554001256471096
30.015111692872782,26.16753057628197
29.569948478775167,25.788369063969935
29.131965843364064,25.416490791106387
28.70120371998049,25.051863469964157
28.277693044561165,24.694448800544322
27.86145604750937,24.34420281595108
27.452506558489024,24.001076224819418
27.0508503220943,23.665014749610137
26.65648532241505,23.33595945969581
26.26940211459528,23.013847098268805
25.889584161567868,22.698610402207514
25.517008174241436,22.390178414139058
25.151644453513164,22.08847678603513
24.793457232583958,21.793428073772045
24.4424050181572,21.50495202217594
24.09844092920957,21.222965840159233
23.761513032129606,20.947384465634602
23.431564671126992,20.67812081996772
23.10853479292145,20.41508605179984
22.79235826482392,20.15818977013588
22.482966185423827,19.907340266652948
22.1802861871942,19.66244472723848
21.88424273042016,19.423409432816324
21.59475738794637,19.1901399495634
21.31174912032404,18.962541308659038
21.03513454101868,18.740518175744285
20.76482817141519,18.523975010299047
20.50074268542741,18.312816215171743
20.24278914358441,18.106946276518844
19.990877216526037,17.906269894430988
19.74491539789545,17.710692104538158
19.50481120666652,17.520118390899235
19.270471378989,17.334454790491087
19.04180204967557,17.15360798961963
18.818708923490544,16.9774854125802
18.601097436432013,16.805995302897262
18.388872907227128,16.639046797474172
18.18194067928392,16.476549993982815
17.980206253363555,16.31841601182024
17.78357541125367,16.164557046955583
17.591954330737426,16.014886420985338
17.40524969216363,15.869318624708946
17.22336877693154,15.72776935652948
17.04621955820985,15.590155555976489
16.873710784212733,15.456395432639537
16.70575205435754,15.32640849079204
16.542253888628373,15.200115549975639
16.38312779046803,15.077438761805684
16.22828630351742,14.958301623248516
16.0776430625171,14.842628986611206
15.931112838679969,14.73034706647434
15.788611579837562,14.621383443788321
15.650056445655112,14.515667067343637
15.515365838202456,14.413128252815573
15.384459428159383,14.313698679574049
15.25725817692497,14.217311385439624
15.133684354891129,14.12390075955729
15.013661556131003,14.033402533550468
14.897114709743112,13.945753771108663
14.7839700880822,13.860892856153605
14.674155312097996,13.778759479720252
14.56759935399309,13.699294625680976
14.4642325374014,13.622440555433421
14.363986535279023,13.54814079166506
14.266794365689728,13.476340101300273
14.17259038565802,13.406984477728882
14.081310283253574,13.340021122408535
13.992891068061958,13.275398425927044
13.907271060187952,13.213065948604799
13.824389877929358,13.15297440071175
13.744188424251195,13.095075622368013
13.66660887218232,13.03932256319207
13.59159464924906,12.98566926175571
13.51909042105325,12.934070824900264
13.449042074095168,12.884483406964376
13.381396697935276,12.836864188969503
13.316102566782394,12.79117135780547
13.25310912058992,12.74736408545484
13.192366945736032,12.705402508291435
13.133827755358343,12.665247706485193
13.077444369408386,12.626861683542563
13.023170694486392,12.590207346008844
12.970961703512245,12.555248483356268
12.920773415284089,12.521949748079209
12.872562873972043,12.490276636015615
12.8262881285905,12.460195466911644
12.781908212488885,12.431673365244533
12.739383122897346,12.404678241316882
12.698673800560606,12.379178772633852
12.659742109490123,12.3551443855732
12.622550816862011,12.332545237356612
12.587063573085397,12.311352198329462
12.553244892063448,12.291536834554867
12.521060131667124,12.273071390726777
12.49047547443927,12.255928773405794
12.461457908545,12.240082534580413
12.433975208982169,12.22550685555554
12.407995919064213,12.212176531169291
12.383489332185846,12.200066954338345
12.3604254738808,12.189154100931477
12.338775084179224,12.179414514970249
12.31850960027129,12.170825294155286
12.29960113948215,12.16336407571609
12.282022482562562,12.15700902258186
12.265747057298274,12.151738809870388
12.250748922440494,12.147532611691755
12.237002751958892,12.144370088263212
12.2244838196178,12.142231373331333
12.213167983875593,12.1410970618973
12.203031673106624,12.140948198240949
12.194051871144447,12.141766264239001
12.186206103144617,12.143533167972762
12.179472421764812,12.146231232620421
12.17382939365966,12.149843185628942
12.169256086287234,12.1543521481605
12.165732055023833,12.15974162480828
12.16323733058342,12.165995493576427
12.161752406737747,12.17309799611889
12.16125822833302,12.181033728231881
12.16173617959872,12.189787630594617
12.16316807274404,12.199344979753093
12.165536136837224,12.209691379341528
12.168823006963008,12.220812751536267
12.173011713653173,12.232695328736847
12.178085672585253,12.245325645469041
12.18402867454428,12.258690530504706
12.1908248756424,12.272777099193306
12.19845878779123,12.287572746000063
12.20691526942174,12.303065137245733
12.216179516446427,12.31924220404307
12.226237053458629,12.336092135425094
12.237073725163713,12.35360337166042
12.248675688037048,12.371764597750868
12.261029402203564,12.39056473710678
12.274121623533802,12.409992945395441
12.287939395951428,12.43003860455815
12.30247004394718,12.450691316991561
12.317701165294311,12.471940899888962
12.333620623960623,12.493777379737304
12.350216543212294,12.516190986965835
12.367477298904744,12.539172150742283
12.385391512955849,12.562711493912659
12.403948046996891,12.58679982808077
12.423135996196766,12.611428148823707
12.44294468325494,12.636587631039564
12.46336365255885,12.662269624423798
12.484382664501418,12.688465649070707
12.505991689954522,12.715167391196571
12.52818090489429,12.742366698981103
12.550940685174188,12.770055578523928
12.574261601441972,12.798226189912905
12.59813441419664,12.826870843401155
12.6225500689816,12.85598199568978
12.647499691710404,12.885552246313303
12.672974584121398,12.915574334124944
12.698966219357802,12.946041133878921
12.725466237669767,12.976945652907057
12.752466442235068,13.008281027887007
12.779958795095146,13.040040521699536
12.807935413203325,13.07221752037231
12.83638856458206,13.104805530107752
12.86531066458624,13.137798174392566
12.894694272269495,13.17118919118663
12.924532086850729,13.204972430188956
12.954816944277976,13.239141850178578
12.985541813886943,13.273691516428167
13.016699795151462,13.308615598188352
13.04828411452336,13.343908366240688
13.080288122359155,13.37956419051733
13.112705289931176,13.415577537785495
13.145529206520656,13.451942969394869
13.178753576590518,13.48865513908614
13.21237221703559,13.52570879085892
13.246379054508008,13.563098756897357
13.28076812281572,13.600819955551769
13.315533560391968,13.638867389374711
13.35066960783376,13.677236143209912
13.386170605507324,13.715921382332557
13.422030991218673,13.75491835063946
13.458245297947386,13.794222368887688
13.494808151641852,13.833828832980247
13.531714269074143,13.873733212297491
13.568958455752888,13.91393104807295
13.60653560389244,13.95441795181228
13.64444069043676,13.99518960375414
13.682668775136422,14.036241751371769
13.721214998677246,14.077570207914109
13.76007458085907,14.119170850985352
13.799242818823243,14.16103962116181
13.838715085327411,14.203172520645035
13.878486827066292,14.245565611950171
13.9185535630371,14.288215016628536
13.95891088294832,14.331116914023433
13.999554445670672,14.374267540058286
14.040479977728966,14.41766318605616
14.081683271833754,14.461300197589763
14.123160185451606,14.505174973361097
14.164906639412932,14.549283964109899
14.206918616556267,14.59362367155005
14.24919216040798,14.638190647333193
14.29172337389642,14.682981492038747
14.334508418099508,14.727992854189619
14.3775435110248,14.773221429292853
14.420824926421163,14.818663958904544
14.464348992621114,14.864317229718308
14.508112091412952,14.910178072676668
14.5521106569419,14.956243362104704
14.59634117463936,15.002510014865347
14.640800180179554,15.048974989535708
14.685484258462727,15.095635285603862
14.730390042624206,15.142487942685507
14.775514213068549,15.189530039759953
14.82085349652811,15.2367586944249
14.866404665145335,15.284171062169486
14.912164535578093,15.331764335665092
14.958129968127404,15.37953574407342
15.004297865887,15.427482552371366
15.05066517391401,15.475602060692214
15.09722887842025,15.523891603682722
15.143986005983518,15.572348549875642
15.190933622778353,15.620970301077257
15.238068833825691,15.669754291769536
15.285388782260936,15.71869798852648
15.33289064861987,15.76779888944431
15.380571650141992,15.817054523585064
15.428429040090736,15.866462450433309
15.476460107090135,15.916020259365542
15.524662174477484,15.965725569131983
15.573032599671516,16.015576027350406
15.621568773555747,16.065569310011682
15.670268119876486,16.11570312099672
15.719128094655176,16.16597519160451
15.768146185614642,16.216383280090948
15.81731991161886,16.26692517121817
15.86664682212592,16.317598675814104
15.916124496653769,16.368401630341996
15.965750544258444,16.41933189647958
16.015522603024408,16.47038736070771
16.065438339566686,16.521565933908153
16.115495448544497,16.572865550970313
16.165691652186034,16.62428417040667
16.216024699824132,16.675819773976663
16.2664923674425,16.72747036631883
16.317092457232263,16.77923397459098
16.36782279715852,16.831108648118178
16.418681240536642,16.88309245804834
16.469665665618084,16.935183497015238
16.520773975185435,16.98737987880876
16.57200409615646,17.039679738052143
16.623353979196896,17.092081229886126
16.6748215983418,17.14458252965972
16.726404950625177,17.197181832627507
16.7781020557177,17.24987735365329
16.82991095557232,17.302667326919877
16.881829714077526,17.355550005644908
16.933856416718083,17.408523661802523
16.985989170243034,17.461586585850768
17.038226102340804,17.514737086464535
17.090565361321197,17.567973490273957
17.1430051158041,17.62129414160806
17.195543554414783,17.67469740224361
17.248178885485515,17.72818165115893
17.30090933676346,17.781745284292676
17.35373315512459,17.835386714307337
17.406648606293523,17.889104370357433
17.459653974569104,17.942896697862228
17.512747562555607,17.996762158282877
17.565927690899375,18.050699228903902
17.61919269803082,18.10470640261887
17.67254093991159,18.158782187720174
17.725970789786818,18.212925107692847
17.77948063794229,18.26713370101226
17.83306889146643,18.321406520945636
17.886733974016984,18.375742135357317
17.94047432559227,18.430139126517616
17.99428840230689,18.484596090915247
18.0481746761718,18.539111639073198
18.102131634878614,18.59368439536799
18.156157781588067,18.648312997852212
18.21025163472248,18.7029960980803
18.26441172776221,18.757732360937414
18.31863660904589,18.812520464471437
18.37292484157448,18.867359099727903
18.42727500281891,18.922246970587892
18.481685684531364,18.97718279360876
18.536155492559978,19.032165297867653
18.590683046666992,19.087193224807763
18.6452669803502,19.142265328087205
18.699905940667623,19.197380373430523
18.754598588065388,19.252537138482715
18.80934359620865,19.307734412665745
18.86413965181555,19.36297099703747
18.91898545449412,19.418245704152927
18.97387971658205,19.47355735792795
19.02882116298929,19.528904793505028
19.08380853104332,19.584286857121374
19.1388405703372,19.63970240597916
19.193916042580167,19.69515030811786
19.249033721450804,19.750629442288645
19.3041923924527,19.806138697830804
19.35939085277256,19.861676974550132
19.41462791114069,19.917243182599254
19.46990238769384,19.972836242359822
19.525213113840227,20.028455084326566
19.58055893212694,20.08409864899314
19.635938696109367,20.13976588673974
19.691351270222835,20.195455757722446
19.7467955296563,20.251167231764242
19.80227036022807,20.306899288247703
19.857774658263523,20.362650916009294
19.913307330474744,20.418421113235247
19.96886729384209,20.474208887358987
20.02445347549762,20.53001325496007
20.080064812610257,20.585833241664623
20.135700252272866,20.641667882047205
20.191358751390947,20.69751621953412
20.247039276573098,20.7533773063081
20.30274080402312,20.80925020321436
20.358462319433738,20.865133979668002
20.41420281788196,20.92102771356268
20.469961303725924,20.976930491180607
20.525736790503352,21.032841407103774
20.581528300831437,21.088759564126402
20.637334866308205,21.14468407316862
20.693155527415357,21.20061405319129
20.748989333422426,21.25654863111202
20.80483534229238,21.31248694172229
20.86069262058857,21.368428127605682
20.916560243382893,21.42437133905722
20.97243729416541,21.480315734003764
21.02832286475507,21.53626047792544
21.084216055211776,21.592204743778105
21.140115973749616,21.64814771191683
21.19602173665128,21.704088570020346
21.251932468183675,21.760026513016456
21.30784730051463,21.815960743008414
21.36376537363078,21.871890469202224
21.41968583525648,21.92781490783484
21.47560784077385,21.983733282103277
21.531530553143835,22.039644822094594
21.587453142828316,22.09554876471673
21.643374787713206,22.1514443536302
21.6992946730326,22.2073308391806
21.75521199129382,22.26320747833195
21.81112594220346,22.31907353460081
21.86703573259437,22.37492827799121
21.922940576353543,22.43077098493031
21.978839694350885,22.486600938204855
22.03473231436892,22.542417426898357
22.090617671033296,22.598219746328986
22.146495005744224,22.654007197988214
22.202363566608657,22.70977908948013
22.25822260837337,22.765534734461458
22.314071392358773,22.821273452582254
22.3699091863936,22.87699456942727
22.42573526475028,22.932697416457966
22.48154890808113,22.988381330955157
22.53734940335529,23.044045655962325
22.59313604379633,23.09968974022951
22.648908128820697,23.155312938157845
22.70466496397672,23.21091460974466
22.76040586088445,23.26649412052921
22.81613013717609,23.32205084153895
22.871837116437128,23.377584149236398
22.92752612814812,23.43309342546656
22.983196507627145,23.488578057404887
23.038847595972857,23.544037437505803
23.094478740008192,23.599470963451733
23.15008929222467,23.654878038102677
23.20567861072732,23.710258069446297
23.26124605918017,23.765610470548506
23.31679100675236,23.820934659504548
23.372312828064786,23.87623005939059
23.42781090313733,23.931496098215774
23.48328461733665,23.98673220887476
23.538733361324518,24.04193782910073
23.59415653100662,24.097112401418848
23.649553527482045,24.15225537310019
23.704923756993107,24.20736619611609
23.760266630875805,24.262444327092965
23.81558156551073,24.317489227267522
23.870867982274483,24.37250036244244
23.92612530749157,24.42747720294244
23.9813529723868,24.48241922357078
24.03655041303808,24.53732590356615
24.091717070329786,24.592196726559965
24.1468523899065,24.647031180534068
24.201955822127218,24.701828757778802
24.257026822020023,24.756588954851473
24.312064849237167,24.81131127253519
24.367069368010583,24.865995215798076
24.422039847107847,24.92064029375285
24.476975759788505,24.975246019616755
24.53187658376084,25.029811910671846
24.58674180113908,25.084337488225646
24.64157089840089,25.138822277572125
24.696363366345384,25.19326580795303
24.751118700051435,25.24766761251954
24.805836398836394,25.30202722829427
24.860515966215186,25.35634419613359
24.915156909859743,25.410618060690258
24.96975874155888,25.464848370376377
25.024320977178405,25.519034677326676
25.07884313662169,25.57317653736208
25.13332474379052,25.627273509953593
25.18776532654636,25.681325158186482
25.24216441667184,25.73533104872476
25.296521549832704,25.789290751775948
25.350836265539996,25.843203841056138
25.405108107112586,25.897069893755333
25.45933662164007,25.950888490503072
25.5135213599459,26.004659215334325
25.56766187655089,26.05838165565567
25.621757729636983,26.112055402211734
25.67580848101137,26.165680049051897
25.729813696070835,26.21925519349726
25.783772943766465,26.272780436107887
25.83768579656861,26.326255380650274
25.891551830432142,26.379679634065095
25.945370624761978,26.43305280643519
25.999141762378898,26.486374510953787
26.05286482948564,26.539644363892993
26.106539415633264,26.5928619845725
26.16016511368776,26.646026995328544
26.21374151979694,26.69913902148308
26.26726823335762,26.752197691313224
26.320744856982984,26.80520263602087
26.37417099647027,26.858153489702588
26.42754626076868,26.911049889319706
26.48087026194753,26.96389147466863
26.534142615164665,27.01667788835137
26.587362938635096,27.069408775746307
26.64053085359988,27.12208378497913
26.69364598429524,27.174702566894016
26.746707957921927,27.227264775025013
26.799716404614784,27.279770065567618
26.852670957412556,27.332218097350566
26.90557125222792,27.384608531807803
26.958416927817744,27.43694103295069
27.01120762575356,27.489215267340363
27.063942990392214,27.541430904060316
27.116622668846823,27.593587614689167
27.16924631095784,27.645685073273597
27.22181356926438,27.697722956301504
27.274324098975768,27.749700942675318
27.32677755794324,27.801618713685517
27.37917360663188,27.853475952984304
27.431511908092748,27.905272346559478
27.483792127935217,27.95700758270848
27.536013934299465,28.008681352012612
27.588176997829205,28.060293347311415
27.64028099164458,28.11184326367724
27.69232559131525,28.16333079838998
27.74431047483365,28.214755650911954
27.796235322588483,28.266117522862995
27.848099817338323,28.31741611799565
27.899903644185443,28.368651142170577
27.951646490549816,28.419822303332104
28.00332804614328,28.470929311483918
28.05494800294388,28.52197187866494
28.106506055170385,28.57294971892534
28.158001899256966,28.62386254830271
28.20943523382806,28.674710084798384
28.260805759673374,28.725492048353914
28.31211317972309,28.77620816082769
28.363357199023188,28.826858145971713
28.414537524710944,28.877441729408506
28.46565386599063,28.927958638608178
28.51670593410931,28.978408602865617
28.567693442332818,29.028791353277835
28.61861610592189,29.079106622721458
28.66947364210847,29.12935414583033
28.720265770072103,29.179533658973288
28.770992210916557,29.229644900232035
28.82165268764652,29.279687609379188
28.87224692514452,29.329661527856413
28.922774650147904,29.37956639875273
28.97323559122602,29.429401966782926
29.02362947875753,29.47916797826611
29.07395604490785,29.528864181104375
29.124215023606723,29.578490324761617
29.17440615052596,29.628046160242448
29.22452916305728,29.677531440071252
29.274583800290326,29.726945918271348
29.32456980299076,29.776289350344292
29.374486913578544,29.82556149324929
29.424334876106307,29.874762105382715
29.47411343623788,29.923890946557773
29.52382234122693,29.97294777798426
29.57346133989573,30.021932362248435
29.62303018261404,30.070844463293028
29.67252862127816,30.11968384639733
29.72195640929004,30.16845027815742
29.77131330153656,30.21714352646649
29.82059905436891,30.265763360495285
29.869813425582077,30.31430955067265
29.91895617439448,30.362781868666175
29.96802706142771,30.411180087362965
30.01702584868637,30.45950398085049
30.06595229953804,30.507753324397562
30.114806178693367,30.555927894435417
30.16358725218624,30.604027468538863
30.212295287354102,30.65205182540757
30.260930052818363,30.700000744847436
30.309491318464914,30.747874007752074
30.35797885542475,30.795671396084366
30.406392436054716,30.843392692858128
30.45473183391832,30.89103768211989
30.50299682376672,30.938606148930745
30.551187181519733,30.986097879348293
30.59930268424699,31.033512660408693
30.647343110149198,31.080850280108805
30.69530823853947,31.128110527388408
30.74319784982481,31.175293192112523
30.79101172548761,31.22239806505382
30.83874964806733,31.269424937875108
30.886411401142244,31.316373603111927
30.93399676931123,31.363243854155208
30.981505538175742,31.410035485234033
31.028937494321827,31.456748291398476
31.076292425302224,31.503382068502518
31.12357011961858,31.549936613187057
31.17077036670375,31.596411722863007
31.21789295690417,31.64280719569444
31.264937681462342,31.689122830581873
31.3119043324994,31.735358427145556
31.35879270299775,31.78151378570891
31.4056025867838,31.827588707281997
31.452333778510784,31.873582993545085
31.49898607364169,31.91949644683229
31.5455592684322,31.965328870115282
31.5920531599138,32.01108006698708
31.63846754587689,32.056749841645896
31.684802224854064,32.102337998879094
31.731056996103376,32.14784434404717
31.777231659591752,32.19326868306786
31.82332601597845,32.23861082240025
31.8693398665986,32.283870569029
31.91527301344684,32.329047730448664
31.961125259160973,32.374142114648
32.00689640700579,32.41915353009441
32.05258626085688,32.46408178571842
32.09819462518453,32.508926690898235
32.14372130503778,32.55368805544436
32.189166106028395,32.59836568958427
32.23452883431506,32.64295940394715
32.279809296587544,32.687469009548735
32.325007300051006,32.731894317776124
32.37012265241029,32.776235140372755
32.415155161854344,32.820491289423366
32.46010463704071,32.86466257733906
32.50497088708002,32.90874881684241
32.549753721520645,32.952749820952604
32.59445295033332,32.9966654029707
32.639068383895896,33.040495376464875
32.68359983297811,33.084239555255785
32.728047108726464,33.127897753401925
32.77241002264912,33.17146978518511
32.81668838660088,33.21495546509594
32.86088201276822,33.25835460781937
32.904990713654385,33.30166702822031
32.94901430206453,33.34489254132926
32.99295259109095,33.38803096232804
33.03680539409832,33.43108210653554
33.08057252470903,33.47404578939352
33.12425379678855,33.51692182645246
33.16784902443089,33.55971003335746
33.21135802194405,33.602410225834205
33.25478060383556,33.645022219674935
33.2981165847981,33.68754583072451
33.34136577969511,33.72998087486649
33.3845280035465,33.772327168009255
33.42760307151437,33.81458452607219
33.47059079888884,33.856752764971894
33.51349100107385,33.89883170060846
33.55630349357309,33.94082114885176
33.59902809197588,33.9827209255278
33.64166461194323,34.02453084640509
33.68421286919378,34.06625072718109
33.72667267948996,34.10788038346866
33.769043858624045,34.14941963078256
33.81132622240436,34.19086828452601
33.85351958664146,34.23222615997725
33.8956237671344,34.27349307227616
33.937638579657,34.31466883641091
33.979563839944205,34.355753267204655
34.021399363678455,34.39674617930226
34.063144966476074,34.43764738715704
34.10480046387376,34.478456705017564
34.14636567131504,34.51917394691447
34.18784040413684,34.559798926647325
34.22922447755601,34.60033145777152
34.270517706655966,34.640771353585166
34.31171990637331,34.68111842711608
34.35283089148452,34.72137249110874
34.393850476592625,34.76153335801128
34.43477847611402,34.80160083996256
34.475614704265176,34.84157474877924
34.516358975049506,34.881454895942824
34.557011102244175,34.92124109258683
34.59757089938699,34.96093314948392
34.63803817976331,35.00053087703308
34.678412756393,35.04003408524681
34.71869444201737,35.07944258373836
34.75888304908621,35.11875618170899
34.79897838974478,35.15797468793521
34.83898027582091,35.19709791075611
34.87888851881205,35.23612565806068
34.9187029298724,35.27505773727511
34.95842331980004,35.31389395535022
34.99804949902412,35.352634118748774
35.03758127759201,35.39127803343296
35.07701846515655,35.42982550485176
35.11636087096328,35.46827633792843
35.155608303837695,35.50663033704794
35.194760572172555,35.54488730604447
35.233817483915175,35.58304704818894
35.27277884655477,35.62110936617646
35.31164446710981,35.659074062113966
35.35041415211538,35.696940937507684
35.3890877076106,35.73470979325075
35.42766493912604,35.7723804296108
35.46614565167115,35.809952646217546
35.50452964972171,35.84742624205041
35.542816737207325,35.88480101542616
35.581006717498894,35.92207676398656
35.619099393396155,35.959253284686
35.65709456711519,35.9963303737792
35.69499204027596,36.03330782680891
35.73279161388992,36.07018543859356
35.77049308834752,36.10696300321502
35.80809626340588,36.14364031400629
35.845600938176325,36.180217163539254
35.88300691111208,36.21669334361243
35.92031397999584,36.25306864523869
35.957521941927475,36.28934285863308
35.99463059331167,36.32551577320055
36.0316397298456,36.36158717752377
36.06854914650663,36.3975568593509
36.10535863754003,36.433424605583426
36.14206799644665,36.469190202263945
36.178677015970685,36.50485343456399
36.2151854880874,36.54041408677186
36.25159320399086,36.57587194228048
36.28789995408171,36.6112267835752
36.32410552795493,36.64647839222168
36.36020971438762,36.68162654885374
36.39621230132678,36.71667103316122
36.43211307587709,36.751611623877835
36.46791182428875,36.78644809876909
36.50360833194525,36.82118023462014
36.53920238335123,36.85580780722365
36.57469376212027,36.890330591367736
36.61008225096273,36.92474836082384
36.64536763167362,36.959060888334626
36.68054968512042,36.99326794560191
36.71562819123093,37.02736930327454
36.75060292898115,37.061364730936354
36.78547367638315,37.09525399709406
36.820240210472896,37.1290368691652
36.85490230729819,37.16271311346603
36.8894597419065,37.19628249519952
36.923912288332886,37.22974477844323
36.95825971958787,37.26309972613728
36.99250180764534,37.29634710007229
37.02663832343045,37.32948666087734
37.06066903680751,37.3625181680079
37.094593716567935,37.3954413797338
37.12841213041812,37.428256053127186
37.16212404496738,37.46096194405047
37.19572922571586,37.49355880714432
37.22922743704247,37.52604639581562
37.2626184421928,37.55842446222543
37.29590200326707,37.59069275727699
37.32907788120804,37.62285103060366
37.36214583578899,37.654899030556955
37.39510562560163,37.68683650419448
37.42795700804403,37.71866319726797
37.46069973930862,37.75037885421126
37.493333574370105,37.781983218128296
37.52585826697343,37.813476030781125
37.55827356962174,37.84485703257792
37.59057923356434,37.876125962561
37.62277500878467,37.907282558394826
37.65486064398826,37.93832655635405
37.68683588659071,37.96925769131153
37.718700482705664,38.00007569672639
37.75045417713281,38.030780304632025
37.78209671334583,38.06137124562417
37.81362783348042,38.09184824884898
37.845047278322255,38.12221104199106
37.87635478729501,38.15245935126153
37.90755009844837,38.18259290138614
37.93863294844599,38.21261141559332
37.96960307255357,38.24251461560232
38.00046020462681,38.27230222161125
38.031204077099495,38.301973952285266
38.06183442097148,38.33152952474464
38.09235096579675,38.36096865455293
38.12275343967145,38.3902910557051
38.15304156922194,38.41949644061571
38.18321507959286,38.44858452010706
38.2132736944352,38.4775550033974
38.24321713589432,38.50640759808909
38.27304512459812,38.535142010156854
38.302757379645065,38.563757943936
38.33235361859232,38.59225510211063
38.361833557443845,38.62063318570195
38.39119691063853,38.648891894056526
38.42044339103832,38.67703092483457
38.44957270991636,38.705049973998264
38.47858457694517,38.732948735800115
38.50747870018482,38.76072690277128
38.53625478607106,38.78838416570998
38.56491253940361,38.81592021366986
38.59345166333429,38.84333473394846
38.62187185935533,38.87062741207563
38.65017282728756,38.89779793180202
38.67835426526869,38.92484597508759
38.706415869741626,38.951771222090144
38.73435733544275,38.97857335115388
38.76217835539024,39.00525203879797
38.78987862087242,39.03180695970522
38.81745782143615,39.05823778671071
38.84491564487519,39.08454419079048
38.87225177721864,39.110725841050254
38.89946590271934,39.13678240471421
38.92655770384241,39.1627135471138
38.95352686125367,39.18851893167658
38.98037305380821,39.21419821991509
39.007095958538926,39.239751071415775
39.03369525064511,39.265177143827984
39.06017060348106,39.29047609285297
39.08652168854474,39.31564757223297
39.11274817546647,39.340691233740316
39.13884973199763,39.36560672716659
39.16482602399944,39.39039370031188
39.190676715431735,39.41505179897403
39.21640146834183,39.43958066693797
39.241999942853376,39.46397994596514
39.26747179715532,39.48824927578293
39.292816687490834,39.51238829407417
39.31803426814637,39.53639663646677
39.34312419144071,39.560273936523316
39.36808610771408,39.58401982573083
39.39291966531732,39.607633933490526
39.41762451060113,39.63111588710772
39.44220028790531,39.65446531178173
39.46664663954813,39.67768183059592
39.49096320581572,39.70076506450781
39.51514962495152,39.72371463233924
39.53920553314581,39.746530150766645
39.56313056452532,39.769211234311456
39.58692435114283,39.791757495330494
39.61058652296696,39.81416854400656
39.63411670787196,39.836443988339084
39.65751453162756,39.858583434134836
39.68077961788892,39.8805864849988
39.70391158818671,39.90245274232513
39.72691006191719,39.924181805288214
39.74977465633242,39.94577327083384
39.77250498653056,39.967226733670486
39.795100665446206,39.98854178626076
39.81756130384093,40.0097180188129
39.83988651029381,40.03075501927243
39.86207589119208,40.051652373314006
39.88412905072193,40.07240966433325
39.90604559085937,40.093026473438876
39.92782511136121,40.113502379444846
39.94946720975614,40.13383695886274
39.970971481335965,40.1540297858942
39.992337519146886,40.17408043242362
40.01356491398097,40.19398846801091
40.03465325436771,40.21375345988444
40.05560212656573,40.23337497293417
40.07641111455457,40.25285256970496
40.0970798000267,40.272185810389985
40.11760776237957,40.291374252824376
40.13799457870788,40.310417452479044
40.158239823795945,40.32931496245468
40.17834307011023,40.34806633347594
40.19830388779204,40.36667111388582
40.21812184465035,40.38512884964026
40.23779650615485,40.4034390843029
40.257327435429055,40.421601359040125
40.2767141932437,40.43961521261621
40.29595633801022,40.45748018138882
40.31505342577447,40.475195799304615
40.33400501021056,40.492761597895175
40.35281064261497,40.5101771062731
40.37146987190077,40.52744185112836
40.38998224459209,40.54455535672495
40.40834730481876,40.56151714489771
40.4265645943112,40.578326735049465
40.444633652395474,40.59498364414842
40.46255401598858,40.611487386725805
40.48032521959398,40.62783747487381
40.49794679529733,40.644033418243794
40.51541827276248,40.66007472404482
40.53273917922762,40.67596089704242
40.54990903950184,40.69169143955774
40.56692737596177,40.707265851466886
40.58379370854853,40.722683630200734
40.60050755476504,40.73794427074493
40.61706842967341,40.75304726564029
40.63347584589279,40.7679921049835
40.649729313597376,40.782778276428196
40.66582834051476,40.797405265186384
40.681772431924536,40.81187255403019
40.69756109065726,40.826179623294
40.71319381709365,40.840325950877
40.72867010916416,40.85431101224604
40.74398946234881,40.86813428043894
40.75915136967741,40.88179522606814
40.77415532173006,40.89529331732486
40.78900080663806,40.908628019983496
40.803687310085046,40.92179879740665
40.81821431530863,40.93480511055043
40.8325813031023,40.94764641797024
40.84678775181773,40.96032217582707
40.86083313736745,40.97283183789416
40.87471693322794,40.98517485556419
40.88843861044305,40.997350677856915
40.90199763762793,41.00935875142731
40.91539348097323,41.021198520574174
40.92862560424985,41.03286942724929
40.94169346881405,41.04437091106704
40.95459653361296,41.05570240931459
40.96733425519067,41.066863356962585
40.97990608769463,41.0778531866764
40.99231148288257,41.08867132882792
41.00454989012992,41.09931721150792
41.01662075643764,41.109790260539015
41.02852352644065,41.12008989948914
41.04025764241664,41.1302155496857
41.051822544295455,41.1401666302303
41.063217669668994,41.14994255801406
41.07444245380164,41.159542747733624
41.08549632964121,41.168966611907734
41.09637872783048,41.17821356089452
41.107089076719234,41.18728300290941
41.11762680237694,41.19617434404375
41.12799132860594,41.20488698828406
41.138182076955296,41.21342033753206
41.14819846673517,41.22177379162533
41.1580399150319,41.22994674835876
41.1677058367236,41.237938603506684
41.1771956444965,41.24574875084577
41.18650874886187,41.25337658217872
41.1956445581736,41.26082148735866
41.20460247864648,41.2680828543144
41.21338191437514,41.275160069076406
41.2219822673537,41.28205251580366
41.23040293749612,41.288759576811316
41.238643322657246,41.29528063259916
41.24670281865463,41.30161506188097
41.25458081929104,41.30776224161474
41.26227671637779,41.313721547033715
41.26978989975876,41.31949235167843
41.27711975733527,41.32507402742952
41.28426567509169,41.33046594454161
41.29122703712189,41.33566747167795
41.29800322565652,41.34067797594619
41.30459362109104,41.34549682293498
41.31099760201476,41.35012337675159
41.31721454524053,41.35455700006054
41.3232438258355,41.35879705412321
41.32908481715261,41.3628428988385
41.33473689086311,41.36669389278449
41.34019941698989,41.37034939326116
41.3454717639418,41.3738087563342
41.3505532985489,41.37707133687987
41.35544338609867,41.380136488630974
41.36014139037316,41.38300356422393
41.36464667368717,41.38567191524697
41.36895859692742,41.38814089228949
41.37307651959272,41.39040984499256
41.37699979983516,41.39247812210058
41.38072779450241,41.39434507151412
41.384259859180986,41.396010040344024
41.38759534824066,41.39747237496666
41.390733614879935,41.39873142108044
41.39367401117264,41.39978652376357
41.39641588811561,41.40063702753308
41.39895859567758,41.40128227640515
41.401301482849085,41.401721613956674
41.40344389769371,41.40195438338821
41.405385187400384,41.40197992758819
41.40712469833692,41.401797589198516
41.40866177610479,41.4014067106815
41.40999576559505,41.400806634388175
41.411126011045646,41.399996702628
41.41205185609982,41.39897625773997
41.41277264386592,41.39774464216512
41.41328771697842,41.39630119852055
41.41359641766031,41.394645269674754
41.41369808778673,41.39277619882457
41.41359206895002,41.39069332957351
41.41327770252612,41.388396006011604
41.41275432974221,41.3858835727968
41.41202129174597,41.38315537523784
41.411077929676,41.38021075937869
41.40992358473381,41.37704907208454
41.408557598257175,41.373669661129334
41.406979311795006,41.37007187528495
41.40518806718356,41.36625506441192
41.40318320662424,41.362218579551765
41.40096407276285,41.357961773021
41.39853000877033,41.35348399850674
41.39588035842508,41.34878461116393
41.393014466196746,41.34386296771432
41.38993167733159,41.33871842654706
41.38663133793945,41.33335034782098
41.38311279508224,41.327758093568626
41.37937539686408,41.321941027801934
41.37541849252299,41.31589851661969
41.37124143252427,41.309629928316724
41.36684356865546,41.3031346334948
41.36222425412298,41.296412005175334
41.3573828436504,41.28946141891383
41.35231869357845,41.282282252916126
41.34703116196663,41.27487388815641
41.34151960869664,41.267235708497026
41.33578339557736,41.25936710081014
41.32982188645173,41.251267455101136
41.323634447305245,41.242936164633925
41.31722044637623,41.23437262605801
41.31057925426789,41.225576239537425
41.30371024406216,41.21654640888151
41.296612791435216,41.20728254167756
41.28928627477492,41.19778404942525
41.281730075299954,41.18805034767304
41.27394357718085,41.17808085615632
41.26592616766275,41.167874998937506
41.257677237190045,41.15743220454797
41.24919617953284,41.14675190613187
41.24048239191524,41.13583354159177
41.23153527514551,41.12467655373629
41.22235423374804,41.113280390429466
41.2129386760972,41.10164450474207
41.20328801455311,41.0897683551048
41.19340166559912,41.077651405463335
41.183279049981344,41.065293125435225
41.17291959284995,41.0526929904687
41.16232272390237,41.03985048200329
41.15148787752836,41.02676508763232
41.140414492956985,41.01343630126727
41.12910201440545,40.99986362330393
41.11754989122979,40.98604656079045
41.10575757807753,40.971984627597145
41.093724535042085,40.95767734458818
41.08145022781917,40.943124239795004
41.068934127864985,40.92832484859162
41.056175712556325,40.9132787138716
41.04317446535252,40.897985386226864
41.029929875959255,40.88244442412825
41.01644144049421,40.86665539410778
41.002708661654594,40.85061787094263
40.98873104888644,40.834331437840824
40.9745081185558,40.81779568662864
40.96003939412171,40.801010217939584
40.94532440631095,40.78397464140507
40.930362693294654,40.766688575846686
40.91515380086661,40.74915164947007
40.89969728262341,40.73136350006032
40.883992700146266,40.713323775178935
40.86803962318462,40.69503213236232
40.851837629841455,40.6764882393217
40.83538630676024,40.65769177414451
40.818685249313646,40.63864242549722
40.80173406179382,40.619339892829494
40.78453235760436,40.59978388657974
40.76707975945386,40.579974128381956
40.749375899551005,40.559910351273814
40.73142041980133,40.53959229990605
40.71321297200535,40.51901973075296
40.69475321805834,40.49819241232411
40.67604083015144,40.47711012537712
40.65707549097432,40.45577266313155
40.63785689391919,40.434179831483696
40.61838474328616,40.4123314492225
40.59865875448993,40.39022734824624
40.57867865426788,40.36786737378019
40.55844418088923,40.345251384595024
40.53795508436563,40.322379253225975
40.51721112666271,40.29925086619275
40.496212081912944,40.275866124220045
40.47495773662949,40.25222494245865
40.45344788992108,40.22832725070708
40.431682353708,40.20417299363367
40.40966095293885,40.17976213099905
40.387383525808346,40.15509463787899
40.36484992397588,40.13017050488744
40.342060012784906,40.10498973839984
40.319013671483006,40.079552360776496
40.29571079344269,40.053858410586045
40.2721512863828,40.02790794282887
40.2483350725904,40.001701029160415
40.22426208914325,39.97523775811436
40.199932288132686,39.94851823532551
40.1753456368868,39.92154258375234
40.15050211819399,39.89431094389918
40.12540173052674,39.866823474037815
40.10004448826549,39.839080350428596
40.074430421922656,39.81108176754079
40.04855957836665,39.78282793827225
40.02243202104581,39.75431909416817
39.99604783021224,39.72555548563894
39.96940710314537,39.696537382176984
39.94250995437532,39.66726507257242
39.91535651590574,39.63773886512753
39.88794693743636,39.607959087869936
39.86028138658485,39.57792608876432
39.83236004910813,39.54764023592265
39.80418312912296,39.51710191781278
39.77575084932564,39.48631154346536
39.74706345121098,39.45526954267889
39.71812119529008,39.42397636622289
39.6889243613072,39.39243248603899
39.65947324845529,39.360638395439956
39.62976817559044,39.32859460930639
39.59980948144474,39.29630166428116
39.569597524837874,39.263760118961294
39.539132684887,39.23097055408738
39.508415361215015,39.19793357273021
39.47744597415703,39.16464980047469
39.446224964965,39.131119885600825
39.41475279601031,39.097344499261645
39.38302995098433,39.063324335658066
39.35105693509673,39.029060112210466
39.31883427527151,38.99455256972688
39.28636252034061,38.95980247256776
39.253642241235006,38.924810608807114
39.22067403117313,38.88957779038994
39.18745850584661,38.85410485328583
39.15399630360305,38.81839265763865
39.12028808562598,38.782442087912116
39.08633453611155,38.746254053031265
39.05213636244215,38.70982948651956
39.01769429535664,38.67316934663164
38.98300908911721,38.636274616481515
38.9480815216726,38.599146304166126
38.91291239481774,38.56178544288417
38.87750253434957,38.52419309105004
38.841852790218944,38.486370332402736
38.80596403667857,38.44831827610978
38.76983717242673,38.41003805686582
38.73347312074688,38.37153083498597
38.69687282964272,38.33279779649367
38.66003727196894,38.29384015320307
38.62296744555724,38.25465914279568
38.585664373337714,38.21525602889131
38.54812910345538,38.17563210111313
38.51036270938173,38.135788675146756
38.47236629002128,38.095727092793254
38.43414096981289,38.05544872201599
38.39568789882584,38.01495495698115
38.35700825285047,37.97424721809195
38.31810323348335,37.93332695201634
38.27897406820677,37.892195631708084
38.2396220104626,37.850854756421306
38.200048339720176,37.80930585171817
38.16025436153839,37.76755046946978
38.120241407621634,37.72559018785014
38.08001083586963,37.68342661132307
38.03956403042099,37.64106137062213
37.99890240169047,37.59849612272328
37.95802738639972,37.55573255081034
37.91694044760151,37.512772364233115
37.87564307469736,37.46961729845818
37.83413678344834,37.42626911501218
37.79242311597919,37.38272960141761
37.750503640775385,37.33900057112103
37.708379952673326,37.29508386341371
37.6660536728434,37.25098134334445
37.62352644876589,37.206694901624836
37.58079995419967,37.16222645452658
37.53787588914362,37.117577943771124
37.4947559797906,37.07275133641133
37.45144197847402,37.02774862470531
37.40793566360696,36.98257182598231
37.3642388396136,36.93722298250064
37.32035333685311,36.891704161297625
37.27628101153585,36.84601745403157
37.2320237456318,36.80016497681569
37.18758344677124,36.754148870044055
37.142962048137576,36.707971298209465
37.09816150835236,36.661634449713304
37.05318381135229,36.615140536667376
37.00803096625839,36.5684917946877
36.962705007237176,36.52169048268031
36.91720799335381,36.47473888261905
36.87154200841727,36.42763929931535
36.82570916081748,36.38039406018015
36.7797115833544,36.333005514977785
36.73355143305904,36.28547603557204
36.68723089100647,36.23780801566436
36.64075216212072,36.19000387052424
36.59411747497167,36.14206603671178
36.54732908156386,36.093996971792706
36.500389257117305,36.045799154045525
36.45330029984027,35.99747508216127
36.40606453069409,35.9490272749356
36.35868429314997,35.900458270953514
36.31116195293794,35.85177062826666
36.26349989778785,35.80296692406334
36.21570053716252,35.75404975433136
36.1677663019831,35.70502173351367
36.11969964434669,35.65588549415703
36.07150303723622,35.606643686553774
36.02317897422271,35.55729897837666
35.97472996915996,35.50785405430709
35.92615855587171,35.4583116156567
35.877467287831394,35.40867437998242
35.82865873783453,35.358945080695236
35.77973549766382,35.309126466662626
35.730700177747096,35.25922130180498
35.68155540680816,35.20923236468595
35.63230383151062,35.15916244809703
35.58294811609488,35.109014358636365
35.53349094200827,35.05879091628207
35.4839350075286,35.00849495396012
35.434283027381035,34.958129317106945
35.38453773234865,34.90769686322701
