fixed_asym_D=1.0 mm^2/w,fixed_sym_D=1.0 mm^2/w
4.0,4.0
3.96,4.0
3.921446044,4.0
3.8842861162318902,4.000000260715309
3.848472838454161,4.000003802914425
3.813963695358902,4.000016719943214
3.78072027177501,4.000047494945696
3.748707595146056,4.000106417097962
3.7178935928796624,4.000205107326503
3.688248644349517,4.000356133996223
3.6597452087936513,4.000572700381794
3.6323575143149935,4.000868389596391
3.6060612965463656,4.001256955929444
3.580833578080292,4.001752154021517
3.556652481654384,4.0023675991455265
3.5334970715016136,4.003116653242263
3.5113472183539387,4.004012332404731
3.49018348442062,4.005067232311769
3.469987025314308,4.006293468740767
3.4507395064144,4.007702630786897
3.4324230315710027,4.009305744814249
3.41502008238773,4.011113247485697
3.398513466595048,4.0131349664802665
3.3828862742509385,4.015380107721989
3.368121840692169,4.017857248122209
3.354203715315007,4.020574332985506
3.341115635394685,4.023538677353425
3.328841504262892,4.026756970664594
3.317365373255676,4.030235284197971
3.3066714269233506,4.0339790808408695
3.296743971061561,4.037993226787103
3.287567423180555,4.042282004825122
3.279126305079449,4.04684912892267
3.271405237235104,4.051697759854653
3.2643889347522723,4.056830521655468
3.258062204653692,4.062249518706898
3.252409944316672,4.067956353298523
3.2474171408868746,4.07395214351995
3.243068871521091,4.08023754136365
3.2393503043292133,4.086812750934021
3.236246699901693,4.093677546673039
3.2337434133228515,4.100831291525666
3.2318258965827757,4.108272954979334
3.23047970131134,4.116001130921585
3.2296904817674683,4.124014055268464
3.2294439980250806,4.132309623323689
3.2297261193045927,4.140885406835116
3.230522827405312,4.14973867072071
3.231820220199826,4.158866389441184
3.23360451515654,4.1682652630007935
3.2358620528609934,4.177931732561586
3.238579300510536,4.187861995659677
3.241742855360441,4.198052021015032
3.245339448102624,4.20849756292872
3.2493559461608674,4.219194175263802
3.2537793568888747,4.2301372250079075
3.258596830659609,4.241321905417204
3.2637956638362837,4.252743248742861
3.2693633016170263,4.264396138542363
3.2752873407467447,4.276275321579077
3.28155553209101,4.28837541931435
3.288155783067958,4.300690938997223
3.295076159935214,4.3132162843574795
3.3023048899297573,4.325945765908271
3.309830363259453,4.338873610865079
3.3176411349456547,4.351993972688078
3.3257259265169274,4.365300940255331
3.334073627554468,4.378788546674459
3.3426732970902813,4.3924507777406285
3.351514164859588,4.406281580048856
3.360585632409304,4.420274868768707
3.369877274064744,4.43442453508956
3.379378837756979,4.44872445334463
3.38908024571352,4.463168487821947
3.39897159501518,4.47775049927049
3.4090431580221745,4.492464351109619
3.419285382672624,4.507303915349906
3.429688892656784,4.522263078233411
3.4402444874703995,4.537335745601322
3.450943142350665,4.552515847996849
3.461776008098353,4.567797345511104
3.472734410789696,4.583174232379614
3.483809851381661,4.59864054133701
3.494994005214264,4.614190347737282
3.506278721413591,4.629817773446883
3.517656022199191,4.645516990517837
3.5291181020994897,4.661282224647871
3.5406573270788724,4.6771077584344365
3.552266233580047,4.69298793442939
3.5639375274852765,4.708917158000926
3.5756640830000337,4.724889900009237
3.5874389414625867,4.740900699302245
3.599255310082987,4.7569441650375826
3.6111065606148784,4.773014978836898
3.622986227963488,4.789107896778404
3.63488800873312,4.805217751233454
3.646805759717403,4.821339452552798
3.658733496335476,4.837467990608043
3.67066539101726,4.853598436193705
3.6825957715408704,4.869725942295107
3.694519119325175,4.8858457452272495
3.706430067680433,4.90195316564967
3.71832340001988,4.918043609462143
3.730194048035061,4.934112568586001
3.742037089837623,4.950155621635683
3.753847748070252,4.9661684344850325
3.765621387989309,4.982146760732742
3.7773535155217033,4.998086442071201
3.78903977529844,5.013983408562932
3.800675948667207,5.029833678828638
3.812257951686316,5.045633360150817
3.823781833102221,5.061378648496765
3.835243772312771,5.077065828464676
3.8466400773182943,5.092691273156473
3.8579671826625344,5.108251443980867
3.869221647365379,5.123742890390057
3.8804001528492766,5.139162249553375
3.891499500861145,5.1545062459710955
3.902516611391528,5.169771691031512
3.913448520592673,5.184955482514306
3.9242923786971526,5.200054604043133
3.935045447938573,5.215066124490253
3.9457051004758648,5.229987197335965
3.956268816322576,5.244815059985482
3.9667341812825327,5.259547033045837
3.977098884893165,5.274180519565285
3.987360718377752,5.28871300423763
3.997517572607759,5.3031420525737705
4.0075674360764015,5.317465310042725
4.01750839288451,5.3316805011843025
4.027338620739707,5.34578542869549
4.0370563889698605,5.3597779724925925
4.046660056551733,5.373656088751048
4.056148070155675,5.387417808924799
4.065518962207186,5.401061238747016
4.074771348966092,5.414584557213904
4.083903928624067,5.427986015553258
4.0929154794211575,5.441263936179371
4.101804857781942,5.454416711635823
4.110570996471896,5.467442803527639
4.119212902774515,5.480340741444208
4.127729656689679,5.493109121874349
4.136120409153728,5.505746607114791
4.1443843802816565,5.518251924173329
4.152520857631823,5.530623863667841
4.160529194493509,5.542861278722282
4.168408808197643,5.5549630838607715
4.176159178450976,5.566928253900767
4.183779845693934,5.578755822846341
4.191270409482389,5.590444882782478
4.198630526893512,5.601994582771281
4.205859910955874,5.613404127750949
4.21295832910392,5.624672777438306
4.219925601656921,5.635799845235655
4.226761600322477,5.646784697142673
4.2334662467246265,5.657626750674017
4.240039510956587,5.668325473783296
4.246481410158134,5.678880383794003
4.252792007117612,5.689291046337971
4.258971408898525,5.699557074301899
4.265019765490669,5.709678126782437
4.270937268485725,5.719653908050295
4.276724149777226,5.729484166523818
4.282380680284782,5.739168693752438
4.287907168702458,5.748707323410354
4.293303960271147,5.758099930300823
4.2985714355748055,5.767346429371352
4.303710009360374,5.776446774740108
4.308720129381212,5.785400958733805
4.313602275263852,5.794209010937316
4.318356957397889,5.802870997255235
4.322984715848772,5.811387018985587
4.327486119293304,5.819757211905872
4.3318617639776,5.82798174537159
4.336112272697288,5.836060821427406
4.340238293799684,5.843994673931055
4.344240500207726,5.851783567690105
4.348119588465368,5.859427797611656
4.351876277804206,5.866927687865058
4.355511309231058,5.874283591057681
4.359025444636208,5.881495887423802
4.362419465922066,5.888564984026609
4.365694174151946,5.895491313973363
4.368850388718673,5.902275335643686
4.371888946532757,5.908917531930995
4.374810701229811,5.915418409497034
4.377616522396952,5.92177849803948
4.380307294817877,5.927998349572575
4.38288391773632,5.9340785377207395
4.385347304137601,5.940019657025086
4.387698380047963,5.9458223222627815
4.389938083851418,5.95148716777916
4.392067365623779,5.957014846832512
4.394087186483611,5.962406030951454
4.395998517959783,5.967661409304769
4.397802341375347,5.972781688083618
4.399499647247432,5.977767589896012
4.401091434702875,5.982619853173422
4.402578710909288,5.987339231589405
4.403962490521288,5.991926493490117
4.405243795141586,5.99638242133659
4.406423652796655,6.0007078111586285
4.407503097426708,6.004903472020189
4.408483168389684,6.008970225496106
4.409364909978986,6.012908905160014
4.410149370954682,6.016720356083323
4.410837604087894,6.020405434345096
4.411430665718131,6.023965006552677
4.411929615323261,6.027399949372921
4.4123355151019,6.030711149073863
4.412649429567922,6.033899501076685
4.412872425156861,6.03696590951781
4.4130055698439365,6.039911286820972
4.413049932773455,6.042736553279112
4.413006583899347,6.045442636645924
4.41287659363659,6.048030471736912
4.412661032523284,6.05050100003979
4.412360970893132,6.052855169334065
4.411977478558119,6.055093933319654
4.411511624501124,6.057218251254367
4.410964476578276,6.059229087600112
4.410337101230812,6.061127411677654
4.409630563206215,6.062914197329777
4.408845925288449,6.064590422592703
4.407984248037039,6.066157069375602
4.407046589534822,6.0676151231480455
4.406034005144152,6.068965572635262
4.404947547271359,6.070209409521031
4.403788265139276,6.071347628158074
4.402557204567631,6.072381225285804
4.401255407761127,6.073311199755269
4.3998839131050085,6.074138552261164
4.398443754967955,6.074864285080772
4.396935963512111,6.075489401819666
4.395361564510075,6.076014907164072
4.393721579168689,6.076441806639731
4.39201702395945,6.076771106377134
4.390248910455386,6.077003812882993
4.3884182451742415,6.077140932817828
4.386526029427794,6.0771834727795255
4.384573259177179,6.077132439092754
4.382560924894042,6.076988837604109
4.380490011427393,6.07675367348286
4.378361497876011,6.076427951027183
4.376176357466247,6.076012673475761
4.3739355574351135,6.075508842824627
4.371640058918495,6.074917459649147
4.36929081684437,6.07423952293102
4.366888779830903,6.073476029890188
4.3644348900892895,6.072627975821552
4.361930083331219,6.0716963539363755
4.359375288680848,6.070682155208282
4.356771428591153,6.06958636822374
4.35411941876456,6.068409979036929
4.351420168077726,6.067153971028899
4.348674578510374,6.065819324770918
4.345883545078063,6.06440701789191
4.3430479557688,6.062918024949903
4.340168691483373,6.0613533173073835
4.337246625979332,6.059713863010472
4.334282625818491,6.058000626671838
4.3312775503178775,6.056214569357256
4.32823225150402,6.054356648475736
4.3251475740705,6.052427817673125
4.322024355338659,6.050429026729129
4.318863425221391,6.04836122145764
4.315665606189927,6.046225343610321
4.312431713243528,6.04402233078337
4.309162553882014,6.041753116327366
4.305858928081035,6.039418629260163
4.302521628270027,6.037019794182722
4.299151439312758,6.0345575311978505
4.295749138490407,6.03203275583175
4.292315495487091,6.029446378958328
4.288851272377781,6.026799306726201
4.285357223618531,6.024092440488331
4.281834096038961,6.0213266767342235
4.278282628836916,6.018502907024647
4.274703553575258,6.015622017928797
4.27109759418071,6.012684890963855
4.2674654669446985,6.009692402536895
4.263807880526142,6.006645423889066
4.260125535956116,6.003544821042017
4.256419126644353,6.000391454746496
4.252689338387504,5.9971861804330855
4.248936849379128,5.99392984816502
4.245162330221346,5.990623302593032
4.241366443938105,5.987267382912195
4.237549845990018,5.983862922820704
4.233713184290715,5.980410750480549
4.229857099224667,5.976911688480053
4.225982223666434,5.973366553798212
4.222089183001293,5.969776157770814
4.218178595147203,5.966141306058278
4.214251070578059,5.962462798615196
4.210307212348204,5.958741429661517
4.206347616118143,5.954977987655354
4.202372870181434,5.951173255267363
4.198383555492708,5.947328009356666
4.194380245696781,5.94344302094829
4.190363507158828,5.939519055212064
4.186333898995572,5.9355568714429765
4.182291973107457,5.931557223042924
4.178238274211783,5.927520857503847
4.1741733398767416,5.923448516392206
4.170097700556353,5.919340935334781
4.166011879626237,5.91519884400575
4.161916393420224,5.911022966115028
4.157811751267741,5.90681401939784
4.153698455531966,5.902572715605487
4.149577001648713,5.898299760497303
4.145447878166018,5.893995853833745
4.141311566784403,5.889661689370621
4.137168542397784,5.88529795485441
4.133019273135005,5.88090533201866
4.128864220401964,5.876484496581436
4.124703838924315,5.8720361182438
4.120538576790708,5.867560860689293
4.1163688754965575,5.8630593815844
4.112195169988305,5.85853233257998
4.10801788870816,5.853980359313634
4.103837453639291,5.849404101412996
4.09965428035145,5.84480419249992
4.095468778047001,5.840181260195546
4.091281349607349,5.835535926126235
4.087092391639719,5.830868805930332
4.082902294524301,5.826180509265762
4.078711442461711,5.821471639818428
4.0745202135207705,5.816742795311395
4.07032897968657,5.811994567514839
4.0661381069088085,5.807227542256759
4.06194795515039,5.802442299434412
4.057758878436254,5.7976394130264755
4.053571224902429,5.792819451105911
4.049385336845289,5.7879829758535095
4.045201550771,5.783130543572118
4.041020197445139,5.778262704701512
4.036841601942466,5.7733800038339185
4.032666083696845,5.768482979730157
4.028493956551282,5.763572165336404
4.024325528808087,5.758648087801544
4.020161103279131,5.753711268495113
4.016000977336182,5.748762223025812
4.011845442961323,5.743801461260575
4.007694786797422,5.738829487344183
4.003549290198649,5.733846799719411
3.999409229281031,5.728853891147694
3.995274874973024,5.723851248730297
3.991146493066095,5.718839353929979
3.987024344265307,5.713818682593144
3.982908684239884,5.708789704972458
3.9787997636737575,5.703752885749926
3.974697828316079,5.698708684060415
3.970603119031679,5.693657553515618
3.9665158718514815,5.688599942228434
3.962436318022849,5.6835362928377675
3.958364684059846,5.678467042533735
3.9543011917934296,5.673392623083253
3.950246058421539,5.6683134608560195
3.946199496559085,5.663229976850858
3.942161714287826,5.65814258672243
3.9381329152061286,5.653051700808294
3.934113298478596,5.647957724156307
3.93010305888556,5.6428610565523645
3.926102386872436,5.63776209254845
3.922111468598915,5.632661221491009
3.9181304859880073,5.627558827549621
3.9141596167749135,5.622455289745967
3.910199034555726,5.617350981983081
3.9062489088359458,5.612246273074878
3.90230940507882,5.607141526775955
3.898380684753476,5.602037101811639
3.894462905382869,5.596933351908296
3.8905562205915114,5.591830625823874
3.886660780152996,5.586729267378687
3.8827767300373113,5.581629615486413
3.878904212457916,5.576532004185321
3.8750433659185983,5.571436762669693
3.8711943252601024,5.566344215321462
3.867357221706509,5.561254681742028
3.863532182911381,5.556168476784269
3.859719333003653,5.551085910584725
3.85591879263328,5.546007288595949
3.852130679016616,5.540932911619031
3.8483551059815433,5.53586307583626
3.84459218401233,5.53079807284395
3.84084202029422,5.525738189685397
3.837104718757753,5.5206837088839675
3.833380380122805,5.515634908476324
3.829669101942349,5.510592062045754
3.8259709786459366,5.505555438755628
3.8222861015828857,5.500525303382946
3.8186145590651863,5.4955019163520005
3.814956436410111,5.4904855337681155
3.811311815982525,5.485476407451484
3.807680777236909,5.480474784971076
3.804063396759069,5.475480909678622
3.800459748307556,5.4704950207426695
3.796869902854763,5.465517353182688
3.793293928627738,5.4605481379032375
3.789731891148661,5.455587601728186
3.7861838532750287,5.450635967434961
3.7826498752395183,5.445693453788844
3.779130014689535,5.440760275577299
3.775624326726443,5.435836643644315
3.77213286394448,5.430922764924778
3.76865567646935,5.426018842478856
3.7651928119964926,5.4211250755263825
3.761744315829033,5.416241659481258
3.758310230915407,5.4113687859858395
3.7548905978866585,5.40650664294532
3.751485455093417,5.401655414562106
3.748094838642541,5.396815281370167
3.74471878243344,5.391986420269369
3.741357318194062,5.387169004559773
3.7380104755165617,5.382363203975912
3.734678281892629,5.377569184721018
3.731360762748493,5.372787109501216
3.728057941479596,5.368017137559665
3.724769839484938,5.363259424710655
3.721496476201086,5.358514123373641
3.7182378691358577,5.3537813826072185
3.714994033901672,5.349061348143038
3.71176498424857,5.344354162419647
3.708550732096904,5.33965996461626
3.705351287569699,5.334978890686451
3.7021666590246816,5.330311073391766
3.69899685308598,5.325656642335246
3.695841874675495,5.32101572399487
3.6927017270439433,5.316388441756894
3.6895764118015695,5.311774915949099
3.686465928948537,5.30717526387394
3.683370276904978,5.3025895998415855
3.6802894525407375,5.298018035202857
3.677223451204774,5.29346067838205
3.674172266754245,5.288917634909639
3.671135891583266,5.284389007454879
3.6681143166513457,5.279874895858266
3.665107531511503,5.275375397163889
3.6621155243380574,5.270890605651643
3.659138281954111,5.266420612869322
3.656175789858692,5.261965507664567
3.6532280322536046,5.25752537621669
3.6502949920699455,5.253100302068344
3.647376650994313,5.248690366157067
3.644472989494702,5.244295646846664
3.641583986846086,5.239916219958457
3.638709621155687,5.235552158802373
3.63584986938794,5.231203534207887
3.633004707389148,5.226870414554804
3.630174109911828,5.222552865803887
3.627358050638758,5.218250951527324
3.6245565022067177,5.213964732939034
3.6217694362299255,5.209694268924801
3.6189968233231817,5.2054396160722565
3.61623863312471,5.201200828700675
3.613494834318703,5.196977958890614
3.6107653946575735,5.192771056513371
3.608050280983914,5.188580169260273
3.6053494592521647,5.184405342671783
3.6026628945499923,5.180246620166434
3.599990551119382,5.176104043069578
3.597332392377445,5.171977650641957
3.5946883809369403,5.167867480108092
3.5920584786265195,5.163773566684478
3.589442646510687,5.159695943607605
3.5868408449094864,5.1556346421617825
3.5842530334179115,5.151589691706779
3.581679170925041,5.147561119705269
3.5791192156329057,5.143548951750089
3.576573125075083,5.139553211591301
3.574040856135027,5.135573921163061
3.5715223650641312,5.131611100610294
3.5690176074995312,5.127664768315168
3.566526538481642,5.123734940923379
3.564049112471441,5.119821633370231
3.561585283367492,5.115924858906517
3.5591350045227164,5.112044629124207
3.556698228760909,5.1081809539819245
3.554274908393007,5.104333841830232
3.5518649952331103,5.100503299436707
3.549468440614254,5.096689332010822
3.5470851954039406,5.092891943228612
3.544715210019428,5.0891111352571485
3.54235843444278,5.0853469087788
3.540014818235678,5.081599263015294
3.537684310554003,5.07786819575157
3.5353668601621773,5.074153703359431
3.533062415447282,5.070455780820982
3.530770924432945,5.066774421751871
3.5284923347930013,5.063109618424317
3.526226593864933,5.059461361789934
3.523973648663085,5.055829641502347
3.521733445891661,5.052214445939607
3.5195059319575086,5.048615762226387
3.517291052982681,5.045033576255983
3.515088754816793,5.0414678727121025
3.5128989830491646,5.037918635090446
3.510721683020754,5.034385845720086
3.508556799835889,5.030869485784631
3.5064042783737954,5.027369535343191
3.504264063299916,5.0238859733511365
3.502136099077041,5.020418777680644
3.500020329976234,5.016967925141042
3.497916700087568,5.013533391498956
3.495825153330664,5.0101151514982325
3.493745633465043,5.006713178879679
3.4916780841002906,5.003327446400579
3.489622448706029,4.999957925854024
3.4875786706217142,4.996604588088021
3.4855466930662447,4.993267403024417
3.4835264591473925,4.989946339677604
3.481517911871058,4.986641366173034
3.479520994150348,4.983352449765529
3.477535648814482,4.980079556857387
3.4755618186175243,4.976822653016295
3.4735994462469506,4.973581702993035
3.4716484743320466,4.970356670738999
3.46970884545214,4.9671475194235
3.467780502144673,4.963954211450889
3.4658633869131097,4.960776708477474
3.463957442234689,4.957614971428247
3.4620626105680192,4.95446896051341
3.460178834360517,4.9513386352447135
3.458306056055694,4.9482239544516
3.456444218100297,4.94512487629715
3.454593262951289,4.942041358293847
3.4527531330826986,4.938973357319141
3.450923770992309,4.935920829630835
3.4491051192082183,4.932883730882266
3.4472971202952456,4.929862016137321
3.4454997168612107,4.926855639885243
3.443712851563068,4.923864556055271
3.441936467112907,4.920888718031082
3.4401705062838244,4.917928078665058
3.4384149119156566,4.914982590292368
3.4366696269205907,4.912052204744865
3.4349345942886416,4.90913687336481
3.4332097570930067,4.906236547018413
3.4314950584952952,4.903351176109193
3.429790441750635,4.90048071059117
3.4280958502126597,4.897625099981871
3.426411227338374,4.894784293375172
3.4247365166929105,4.891958239453954
3.423071661954157,4.889146886502601
3.421416606917283,4.886350182419317
3.419771295499149,4.883568074728276
3.418135671742605,4.880800510591606
3.416509679820681,4.878047436821201
3.4148932640406726,4.875308799890372
3.4132863688481176,4.87258454594533
3.411688938830672,4.869874620816505
3.410100918721883,4.867178970029707
3.40852225340486,4.864497538817118
3.4069528879158493,4.861830272128132
3.4053927674477102,4.859177114640032
3.403841837353294,4.8565380107685145
3.402300043148731,4.853912904678048
3.400767330516622,4.85130174029209
3.399243645309143,4.848704461303139
3.397728933551053,4.846121011182643
3.3962231414426225,4.843551333190751
3.394726215362466,4.840995370385919
3.393238101870295,4.838453065634364
3.391758747709586,4.835924361619377
3.390288099810164,4.833409200850484
3.3888261052907054,4.830907525672466
3.387372711461162,4.828419278274237
3.385927865825106,4.825944400697575
3.3844915160819973,4.8234828348457235
3.3830636101293754,4.821034522491839
3.381644096064976,4.818599405287316
3.3802329221887764,4.816177424769962
3.378830037004965,4.81376852237205
3.377435389223846,4.811372639428227
3.3760489277636667,4.808989717183296
3.374670601752385,4.8066196967998644
3.373300360529363,4.804262519365864
3.371938153647001,4.80191812590194
3.3705839308722974,4.7995864573687195
3.369237642188359,4.797267454673944
3.367899237795835,4.794961058679486
3.3665686681142994,4.792667210208236
3.3652458837835684,4.790385850050875
3.363930835664961,4.788116918972516
3.3626234748425023,4.78586035771924
3.361323752624068,4.783616107024497
3.3600316205424745,4.781384107615406
3.358747030356515,4.779164300218932
3.3574699340519403,4.776956625567944
3.35620028384239,4.774761024407172
3.3549380321702684,4.772577437499042
3.353683131707573,4.770405805629408
3.352435535356672,4.768246069613166
3.3511951962510347,4.766098170299771
3.349962067755912,4.763962048578637
3.3487361034689718,4.761837645384442
3.34751725722089,4.759724901702316
3.346305483075896,4.757623758572938
3.34510073533227,4.755534157097528
3.343902968522806,4.753456038442732
3.3427121374152238,4.751389343845415
3.341528197012546,4.749334014617357
3.340351102553435,4.747289992149844
3.3391808095124844,4.745257217918171
3.3380172736004767,4.743235633486046
3.336860450764604,4.741225180509904
3.335710297188647,4.739225800743126
3.3345667692931253,4.737237436040171
3.333429823735403,4.73526002836061
3.332299417409767,4.733293519773084
3.331175507447469,4.731337852459161
3.3300580512167333,4.729392968717118
3.328947006322735,4.727458810965628
3.327842330607543,4.725535321747374
3.3267439821500355,4.723622443732567
3.325651919265784,4.7217201197223915
3.3245661005069054,4.71982829265237
3.323486484661892,4.71794690559564
3.3224130307554045,4.716075901766164
3.3213456980480447,4.714215224521851
3.320284446036098,4.712364817367608
3.31922923445125,4.710524623958314
3.31818002326028,4.708694588101717
3.317136772664725,4.7068746537612665
3.316099443100525,4.7050647650588635
3.3150679952376394,4.703264866277544
3.314042389979644,4.701474901864092
3.313022588463304,4.699694816431585
3.312008552058124,4.6979245547618635
3.311000242365881,4.696164061807948
3.309997621220132,4.694413282696371
3.3090006506856997,4.692672162729462
3.3080092930581464,4.690940647387552
3.3070235108632238,4.689218682331127
3.306043266856299,4.687506213402914
3.305068524021776,4.6858031866299035
3.3040992455724827,4.684109548225315
3.3031353949490567,4.682425244590502
3.302176935819302,4.680750222316797
3.3012238320775364,4.6790844281872985
3.3002760478439224,4.677427809178606
3.299333547463779,4.675780312462489
3.2983962955068846,4.674141885407513
3.29746425676676,4.6725124755806
3.2965373962599416,4.670892030748543
3.295615679225238,4.669280498879465
3.294699071122976,4.667677828144229
3.293787537634232,4.66608396691779
3.292881044660052,4.664498863780505
3.291979558320661,4.662922467519391
3.291083044954657,4.661354727129332
3.2901914711182,4.659795591814242
3.289304803584183,4.658245010988178
3.288423009341401,4.656702934276411
3.2875460555937006,4.6551693115164445
3.286673909759129,4.653644092758997
3.2858065394690663,4.6521272282689345
3.2849439125673547,4.650618668526165
3.284085997109416,4.649118364226484
3.2832327613613588,4.647626266282386
3.2823841737990853,4.646142325823829
3.2815402031073813,4.644666494198961
3.2807008181790045,4.643198722974809
3.2798659881137646,4.641738963937927
3.279035682217597,4.640287169095007
3.278209870001628,4.638843290673451
3.277388521181236,4.637407281121909
3.2765716056751084,4.635979093110779
3.275759093604287,4.634558679532671
3.274950955291214,4.63314599350284
3.2741471612587723,4.631740988359579
3.273347682229316,4.630343617664585
3.272552489123703,4.628953835203289
3.271761553060318,4.627571594985151
3.2709748453540954,4.626196851243928
3.270192337515536,4.624829558437912
3.26941400124972,4.623469671250131
3.268639808455319,4.622117144588526
3.2678697312236022,4.620771933586098
3.267103741837442,4.619433993601022
3.266341812770313,4.618103280216739
3.265583916685295,4.61677974924202
3.264830026434068,4.615463356710993
3.264080115055907,4.614154058883161
3.263334155776675,4.612851812243376
3.262592122007816,4.611556573501802
3.2618539873453427,4.610268299593845
3.261119725568826,4.608986947680061
3.2603893106403823,4.607712475146039
3.259662716703661,4.606444839602264
3.258939918082828,4.605183998883952
3.2582208892815534,4.60392991105087
3.257505604981993,4.602682534387126
3.256794040043775,4.601441827400942
3.2560861695029835,4.600207748824406
3.255381968571142,4.5989802576132055
3.254681412634198,4.597759312946333
3.2539844772515085,4.596544874225781
3.253291138154822,4.595336901076215
3.25260137124727,4.594135353344625
3.2519151526023458,4.592940191099963
3.251232458462897,4.591751374632758
3.250553265240112,4.590568864454718
3.249877549512508,4.589392621298312
3.2492052880249247,4.588222606116338
3.2485364576875115,4.587058780081472
3.2478710355747245,4.585901104585805
3.247208998924319,4.584749541240355
3.2465503251363472,4.583604051874581
3.245894991772156,4.582464598535866
3.245242976553384,4.581331143488992
3.2445942573609714,4.580203649215604
3.243948812234155,4.579082078413655
3.24330661936948,4.577966393996841
3.2426676571198074,4.576856559094026
3.242031903993324,4.575752537048642
3.241399338652556,4.574654291418095
3.240769939913385,4.573561785973144
3.240143686744068,4.572474984697277
3.239520558264256,4.571393851786072
3.2389005337440184,4.570318351646547
3.238283592602872,4.5692484488965
3.2376697144088067,4.568184108363844
3.237058878877323,4.567125295085919
3.236451065870464,4.5660719743088105
3.235846255395855,4.565024111486643
3.2352444276057466,4.563981672280878
3.234645562796059,4.562944622559593
3.2340496414054307,4.561912928396757
3.233456644014271,4.560886556071496
3.232866551343814,4.559865472067353
3.23227934425518,4.558849643071532
3.2316950037484338,4.557839035974152
3.2311135109616558,4.556833617867469
3.2305348471700057,4.555833356045115
3.229958993784802,4.554838218001312
3.229385932352594,4.553848171430092
3.2288156445542446,4.552863184224503
3.228248112204016,4.551883224475811
3.227683317248654,4.550908260472701
3.227121241766486,4.549938260700461
3.226561867966512,4.548973193840175
3.226005178187509,4.548013028767898
3.225451154897133,4.547057734553834
3.2248997806910253,4.546107280461507
3.224351038291929,4.545161635946924
3.223804910548804,4.544220770657741
3.223261380435943,4.543284654432419
3.222720431052105,4.542353257299376
3.222182045619636,4.541426549476138
3.221646207483605,4.540504501368485
3.221112900110944,4.539587083569595
3.2205821070895837,4.53867426685918
3.2200538121276034,4.537766022202629
3.219527999052381,4.536862320750132
3.219004651809747,4.535963133835822
3.21848375446314,4.535068432976892
3.2179652911927743,4.534178189872731
3.2174492462948043,4.533292376404039
3.2169356041804984,4.532410964631954
3.216424349375413,4.531533926797172
3.2159154665185743,4.53066123531906
3.2154089403616632,4.529792862794776
3.214904755768204,4.528928781998382
3.2144028977127594,4.528068965879959
3.213903351280127,4.527213387564719
3.2134061016645434,4.526362020352113
3.212911134168892,4.525514837714944
3.2124184342039106,4.524671813298476
3.2119279872874134,4.523832920919543
3.2114397790435065,4.522998134565654
3.2109537952018155,4.522167428394105
3.2104700215967146,4.5213407767310825
3.20998844416656,4.520518154070773
3.209509048952927,4.519699535074469
3.209031822099858,4.518884894569677
3.208556749853104,4.518074207549222
3.2080838185593774,4.517267449170357
3.207613014665613,4.516464594753872
3.2071443247182247,4.515665619783199
3.20667773536237,4.514870499903524
3.2062132333412228,4.514079210920893
3.205750805495246,4.513291728801324
3.205290438761471,4.5125080296699185
3.2048321201727785,4.5117280898099725
3.20437583685719,4.510951885662089
3.2039215760371564,4.510179393823293
3.203469325028856,4.509410591046146
3.203019071241495,4.508645454237862
3.2025708021766137,4.507883960459426
3.202124505427395,4.507126086924714
3.2016801686779788,4.506371810999611
3.201237779702781,4.505621110201137
3.200797326365816,4.504873962196568
3.200358796620024,4.5041303448025625
3.1999221785066045,4.50339023598429
3.199487460154349,4.50265361385456
3.1990546297789826,4.50192045667295
3.1986236756825104,4.501190742844946
3.1981945862525647,4.500464450921069
3.197767349961759,4.49974155959602
3.197341955367045,4.499022047707816
3.1969183911090764,4.498305894236932
3.196496645911572,4.497593078305444
3.196076708580687,4.496883579176179
3.1956585680043914,4.496177376251863
3.195242213151844,4.495474449074268
3.1948276330727765,4.494774777323372
3.194414816896884,4.494078340816513
3.194003753833212,4.493385119507544
3.193594433169556,4.492695093486002
3.193186844271858,4.492008242976269
3.192780976583613,4.491324548336734
3.192376819625277,4.490643990058973
3.1919743629936748,4.4899665487669145
3.1915735963614225,4.489292205216016
3.1911745094763435,4.488620940292444
3.190777092160896,4.4879527350122554
3.1903813343115965,4.487287570520581
3.189987225898459,4.486625428090813
3.1895947569644254,4.485966289123794
3.189203917624809,4.485310135147014
3.1888146980667385,4.484656947813804
3.188427088548605,4.484006708902536
3.188041079399517,4.483359400315827
3.187656661018752,4.482715004079745
3.187273823875221,4.482073502343018
3.186892558506931,4.481434877376243
3.1865128555204523,4.480799111571109
3.186134705590389,4.48016618743961
3.185758099458856,4.479536087613271
3.1853830279349595,4.478908794842369
3.185009481894277,4.478284291995169
3.1846374522783454,4.477662562057149
3.1842669300941515,4.477043588130241
3.183897906413627,4.476427353432069
3.1835303723731445,4.475813841295191
3.183164319173021,4.475203035166346
3.182799738077023,4.4745949186057015
3.182436620411873,4.4739894752861105
3.182074957566765,4.473386688992363
3.18171474099288,4.47278654362045
3.181355962202903,4.472189023176826
3.18099861277055,4.471594111777676
3.180642684330093,4.471001793648186
3.180288168575891,4.470412053121816
3.179935057261922,4.469824874639581
3.179583342201322,4.46924024274933
3.1792330152659267,4.468658142105031
3.178884068385813,4.46807855746606
3.178536493548849,4.467501473696493
3.1781902828002444,4.466926875764401
3.177845428242103,4.466354748741153
3.1775019220329845,4.465785077800711
3.177159756387461,4.4652178482189475
3.176818923575686,4.464653045372946
3.1764794159229583,4.4640906547403185
3.176141225809295,4.463530661898527
3.1758043456690057,4.4629730525241955
3.1754687679902696,4.462417812392443
3.1751344853147168,4.46186492737621
3.1748014902370114,4.461314383445585
3.174469775404439,4.460766166667149
3.1741393335164982,4.460220263203307
3.173810157324492,4.4596766593116355
3.173482239631125,4.459135341344228
3.1731555732901047,4.458596295747045
3.172830151205742,4.458059509059265
3.1725059663325585,4.457524967912649
3.1721830116748944,4.4569926590308935
3.1718612802865205,4.456462569229001
3.171540765270254,4.455934685412645
3.171221459777576,4.455408994577545
3.17090335700825,4.454885483808838
3.170586450209951,4.454364140280463
3.1702707326778854,4.453844951254537
3.169956197754426,4.453327904080748
3.1696428388287425,4.452812986195741
3.169330649336436,4.452300185122513
3.169019622759179,4.451789488469809
3.168709752624354,4.451280883931526
3.1684010325047,4.450774359286111
3.168093456017957,4.450269902395976
3.1677870168265176,4.449767501206905
3.1674817086370752,4.449267143747469
3.167177525200284,4.448768818128447
3.1668744603104115,4.448272512542245
3.166572507805004,4.447778215262326
3.166271661564544,4.447285914642633
3.1659719155121198,4.446795599117025
3.165673263613092,4.446307257198716
3.165375699874765,4.445820877479706
3.1650792183460603,4.4453364486302345
3.164783813117192,4.444853959398218
3.1644894783193465,4.444373398608706
3.1641962081243613,4.443894755163329
3.163903996744412,4.443418018039763
3.163612838431696,4.44294317629118
3.163322727478121,4.442470219045721
3.1630336582149985,4.441999135505955
3.162745625012735,4.4415299149483545
3.1624586222805293,4.441062546722768
3.1621726444660703,4.440597020251897
3.1618876860552376,4.440133325030778
3.1616037415718057,4.4396714506262605
3.161320805577149,4.439211386676503
3.1610388726699497,4.438753122890455
3.1607579374859083,4.438296649047359
3.160477994697456,4.437841954996241
3.160199039013469,4.437389030655412
3.1599210651789877,4.4369378660119745
3.1596440679749325,4.436488451121328
3.1593680422178303,4.436040776106676
3.159092982759534,4.435594831158546
3.158818884486951,4.435150606534298
3.158545742321771,4.434708092557651
3.158273551220196,4.4342672796182026
3.158002306172674,4.433828158170955
3.1577320022036326,4.433390718735845
3.1574626343712167,4.432954951897278
3.157194197767028,4.432520848303659
3.156926687515864,4.432088398666934
3.156660098775464,4.431657593762136
3.156394426736253,4.43122842442692
3.15612966662109,4.430800881561121
3.155865813685015,4.430374956126296
3.1556028632150026,4.429950639145286
3.155340810529716,4.429527921701767
3.155079650979259,4.429106794939812
3.1548193799449384,4.428687250063455
3.154559992839019,4.428269278336257
3.154301485104486,4.427852871080874
3.1540438522148104,4.427438019678626
3.153787089673711,4.42702471556908
3.1535311930149232,4.426612950249618
3.1532761578019683,4.426202715275025
3.153021979627923,4.42579400225707
3.1527686541151927,4.42538680286409
3.152516176915286,4.424981108820585
3.1522645437085908,4.424576911906805
3.1520137502041528,4.424174203958346
3.1517637921394552,4.4237729768657506
3.1515146652802004,4.423373222574105
3.1512663654200934,4.422974933082645
3.151018888380627,4.422578100444361
3.150772230010869,4.422182716765607
3.150526386187251,4.421788774205714
3.1502813528133577,4.4213962649766
3.150037125819721,4.421005181342393
3.1497937011636137,4.420615515619045
3.1495510748288416,4.420227260173959
3.1493092428255443,4.419840407425614
3.1490682011899933,4.419454949843187
3.148827945984391,4.419070879946192
3.148588473296675,4.418688190304107
3.1483497792403186,4.418306873536012
3.14811185995414,4.417926922310227
3.147874711602104,4.417548329343952
3.147638330373138,4.417171087402912
3.1474027124809334,4.416795189301002
3.147167854163763,4.416420627899934
3.146933751684292,4.416047396108893
3.146700401329393,4.415675486884184
3.146467799409961,4.4153048932288925
3.1462359422607333,4.414935608192542
3.146004826240106,4.414567624870755
3.145774447729956,4.414200936404914
3.1455448031354627,4.413835535981831
3.1453158888849315,4.413471416833414
3.145087701429619,4.413108572236338
3.144860237243558,4.412746995511716
3.1446334928233868,4.4123866800247775
3.144407464688177,4.412027619184546
3.144182149379267,4.411669806443514
3.1439575434600884,4.411313235297333
3.1437336435160046,4.410957899284495
3.143510446154143,4.410603791986014
3.1432879480032305,4.410250907025126
3.143066145713433,4.409899238066971
3.1428450359561904,4.409548778818293
3.1426246154240616,4.409199523027134
3.142404880830561,4.408851464482529
3.1421858289100038,4.408504597014213
3.141967456417348,4.408158914492317
3.141749760128042,4.407814410827078
3.14153273683787,4.407471079968546
3.1413163833627964,4.407128915906286
3.14110069653882,4.4067879126691
3.140885673221819,4.406448064324731
3.1406713102874075,4.406109364979584
3.1404576046307837,4.405771808778445
3.140244553166585,4.405435389904193
3.140032152828743,4.4051001025775305
3.1398204005703416,4.404765941056702
3.1396092933634705,4.404432899637222
3.139398828199085,4.404100972651604
3.1391890020868685,4.403770154469087
3.138979812055088,4.40344043949537
3.13877125515046,4.403111822172345
3.138563328438012,4.402784296977836
3.138356029000947,4.402457858425331
3.1381493539405083,4.4021325010637264
3.137943300375846,4.4018082194770685
3.1377378654438832,4.401485008284295
3.1375330462991875,4.401162862138982
3.137328840113837,4.400841775729091
3.1371252440772923,4.400521743776721
3.1369222553962697,4.4002027610378525
3.1367198712946114,4.39988482230211
3.1365180890131605,4.399567922392511
3.136316905809635,4.399252056165224
3.1361163189585053,4.398937218509328
3.135916325750868,4.398623404346572
3.135716923494326,4.398310608631137
3.1355181095128666,4.397998826349402
3.1353198811467418,4.397688052519706
3.1351222357523474,4.397378282192121
3.1349251707021057,4.397069510448215
3.134728683384349,4.3967617324008295
3.1345327712032014,4.396454943193846
3.1343374315784645,4.396149138001966
3.1341426619455026,4.395844312030481
3.133948459755129,4.395540460515058
3.133754822473493,4.395237578721511
3.133561747581969,4.39493566194559
3.133369232577045,4.394634705512757
3.133177274970212,4.394334704777973
3.132985872287856,4.394035655125485
3.1327950220711496,4.3937375519686155
3.1326047218759445,4.3934403907495465
3.1324149692726646,4.393144166939114
3.132225761846201,4.3928488760366
3.132037097195806,4.392554513569525
3.1318489729349923,4.392261075093447
3.131661386691426,4.391968556191757
3.131474336106826,4.391676952475473
3.131287818836864,4.391386259583049
3.131101832551062,4.39109647318017
3.130916374932693,4.390807588959556
3.130731443678682,4.390519602640771
3.1305470364995087,4.3902325099700255
3.1303631511191083,4.389946306719983
3.130179785274777,4.389660988689573
3.129996936717074,4.389376551703799
3.1298146032097285,4.38909299161355
3.129632782529544,4.388810304295418
3.1294514724663034,4.388528485651506
3.129270670822682,4.3882475316092515
3.1290903754141475,4.3879674381212395
3.1289105840688745,4.387688201165022
3.1287312946276518,4.387409816742942
3.1285525049437912,4.387132280881948
3.1283742128830423,4.386855589633427
3.1281964163235,4.38657973907302
3.1280191131555197,4.386304725300453
3.1278423012816265,4.386030544439362
3.127665978616435,4.385757192637123
3.1274901430865576,4.385484666064681
3.1273147926305227,4.385212960916379
3.1271399251986898,4.384942073409794
3.126965538753166,4.384671999785571
3.1267916312677224,4.384402736307252
3.126618200727713,4.384134279261119
3.1264452451299927,4.383866624956025
3.1262727624828357,4.38359976972324
3.1261007508058545,4.383333709916285
3.125929208129924,4.383068441910776
3.125758132497098,4.382803962104264
3.125587521960533,4.382540266916081
3.1254173745844094,4.382277352787184
3.1252476884438565,4.382015216179999
3.125078461624873,4.381753853578272
3.1249096922242527,4.381493261486912
3.1247413783495097,4.381233436431845
3.124573518118802,4.380974374959863
3.124406109660858,4.380716073638475
3.1242391511149057,4.38045852905576
3.124072640630593,4.380201737820221
3.123906576367924,4.379945696560642
3.1237409564971785,4.379690401925941
3.123575779198848,4.379435850585028
3.12341104266356,4.379182039226667
3.1232467450920103,4.37892896455933
3.123082884694893,4.378676623311062
3.122919459692833,4.3784250122293376
3.1227564683163127,4.37817412808093
3.122593908805609,4.37792396765177
3.122431779410724,4.377674527746812
3.122270078391318,4.3774258051899
3.122108804016644,4.377177796823634
3.1219479545654787,4.376930499509238
3.121787528326063,4.37668391012643
3.121627523596033,4.3764380255732895
3.121467938682355,4.37619284276613
3.121308771901265,4.375948358639371
3.121150021578203,4.375704570145408
3.1209916860477507,4.37546147425449
3.1208337636535703,4.3752190679545935
3.120676252748341,4.374977348251294
3.1205191516936983,4.374736312167649
3.1203624588601744,4.37449595674407
3.120206172627136,4.374256279038206
3.120050291382725,4.3740172761248175
3.1198948135238007,4.373778945095662
3.119739737455877,4.373541283059372
3.119585061593068,4.3733042871413375
3.1194307843580265,4.373067954483591
3.1192769041818904,4.372832282244689
3.119123419504222,4.372597267599597
3.1189703287729524,4.37236290773958
3.1188176304443256,4.372129199872082
3.1186653229828423,4.371896141220617
3.1185134048612047,4.371663729024657
3.1183618745602613,4.371431960539524
3.1182107305689533,4.371200833036274
3.1180599713842585,4.370970343801591
3.11790959551114,4.370740490137683
3.117759601462491,4.370511269362165
3.117609987759083,4.370282678807961
3.1174607529295124,4.370054715823194
3.11731189551015,4.369827377771081
3.117163414045088,4.36960066202983
3.117015307086089,4.369374565992537
3.1168675731925357,4.369149087067081
3.1167202109313785,4.368924222676024
3.116573218877089,4.36869997025651
3.116426595611608,4.368476327260163
3.116280339724294,4.368253291152989
3.1161344498118804,4.368030859415276
3.11598892447842,4.3678090295414975
3.115843762335241,4.367587799040215
3.115698962000901,4.367367165433978
3.115554522101132,4.367147126259234
3.1154104412688017,4.366927679066229
3.115266718143862,4.3667088214189125
3.1151233513733034,4.366490550894849
3.11498033961111,4.366272865085119
3.114837681518213,4.366055761594231
3.1146953757624467,4.365839238040027
3.1145534210185004,4.365623292053596
3.1144118159678773,4.365407921279177
3.114270559298849,4.365193123374075
3.1141296497064097,4.364978896008572
3.113989085892236,4.364765236865836
3.113848866564641,4.364552143641833
3.113708990438532,4.364339614045247
3.1135694562353686,4.364127645797384
3.113430262683119,4.363916236632096
3.11329140851622,4.363705384295687
3.113152892475533,4.363495086546838
3.1130147133083046,4.363285341156515
3.1128768697681246,4.363076145907892
3.112739360614885,4.362867498596268
3.112602184614742,4.36265939702898
3.112465340540071,4.36245183902533
3.112328827169432,4.362244822416498
3.1121926432875253,4.362038345045465
3.112056787685159,4.3618324047669335
3.111921259159202,4.361626999447249
3.1117860565125506,4.361422126964321
3.111651178554089,4.361217785207547
3.111516624098651,4.361013972077734
3.111382391966982,4.360810685487023
3.1112484809857017,4.360607923358815
3.111114889987268,4.360405683627691
3.110981617809937,4.360203964239344
3.110848663297732,4.360002763150498
3.110716025300399,4.3598020783288405
3.110583702673379,4.359601907752946
3.1104516942777667,4.359402249412205
3.1103199989802763,4.359203101306752
3.110188615653207,4.359004461447395
3.1100575431744075,4.358806327855541
3.109926780427241,4.358608698563133
3.10979632630055,4.358411571612572
3.109666179688624,4.358214945056653
3.109536339491164,4.358018816958496
3.109406804613249,4.357823185391477
3.109277573965302,4.357628048439159
3.109148646463059,4.357433404195229
3.109020021027532,4.357239250763424
3.10889169658498,4.357045586257474
3.108763672066875,4.35685240880103
3.1086359464098696,4.356659716527601
3.108508518555764,4.356467507580489
3.1083813874514767,4.356275780112725
3.1082545520490106,4.356084532287005
3.1081280113054226,4.3558937622756275
3.108001764182793,4.3557034682604305
3.1078758096481924,4.355513648432729
3.107750146673655,4.355324300993253
3.107624774236143,4.355135424152086
3.1074996913175217,4.354947016128605
3.1073748969045254,4.354759075151421
3.10725038998873,4.354571599458314
3.1071261695665218,4.35438458729618
3.107002234639069,4.35419803692097
3.1068785842122946,4.354011946597626
3.106755217296842,4.353826314600031
3.106632132908052,4.353641139210946
3.1065093300659314,4.353456418721954
3.106386807795125,4.353272151433403
3.10626456512489,4.35308833565435
3.106142601089062,4.352904969702503
3.106020914726034,4.352722051904168
3.105899505078725,4.352539580594192
3.105778371194556,4.35235755411591
3.105657512125417,4.3521759708210865
3.105536926927648,4.3519948290698665
3.1054166146620044,4.351814127230718
3.105296574393637,4.35163386368038
3.105176805192062,4.351454036803813
3.105057306131136,4.351274644994139
3.104938076289029,4.351095686652597
3.104819114748201,4.3509171601884855
3.104700420595374,4.350739064019116
3.104581992921508,4.350561396569759
3.1044638308217745,4.350384156273595
3.1043459333955337,4.350207341571662
3.1042282997463078,4.350030950912808
3.104110928981755,4.349854982753642
3.1039938202136503,4.349679435558482
3.103876972557855,4.349504307799308
3.1037603851342968,4.349329597955715
3.1036440570669432,4.349155304514863
3.10352798748378,4.348981425971428
3.1034121755167834,4.34880796082756
3.1032966203019043,4.348634907592829
3.103181320979037,4.348462264784185
3.103066276692,4.348290030925908
3.1029514865885126,4.34811820454956
3.102836949820172,4.347946784193945
3.1027226655424305,4.347775768405059
3.1026086329145723,4.347605155736049
3.102494851099693,4.347434944747163
3.1023813192646754,4.347265134005712
3.1022680365801687,4.347095722086021
3.102155002220566,4.346926707569388
3.102042215363984,4.346758089044039
3.101929675192239,4.346589865105087
3.101817380890828,4.346422034354488
3.101705331648905,4.346254595400997
3.1015935266592627,4.34608754686013
3.1014819651183085,4.345920887354119
3.101370646226046,4.345754615511869
3.101259569186054,4.345588729968924
3.101148733205464,4.345423229367416
3.101038137494943,4.345258112356032
3.10092778126867,4.345093377589973
3.100817663744319,4.344929023730909
3.1007077841430366,4.344765049446945
3.1005981416894226,4.344601453412578
3.100488735611512,4.344438234308658
3.1003795651407526,4.344275390822353
3.1002706295119893,4.344112921647104
3.100161927963441,4.343950825482594
3.100053459736684,4.343789101034702
3.0999452240766323,4.343627747015471
3.0998372202315174,4.343466762143072
3.099729447452872,4.343306145141757
3.0996219049955096,4.343145894741835
3.0995145921175062,4.342986009679625
3.0994075080801826,4.342826488697425
3.0993006521480857,4.342667330543475
3.0991940235889706,4.342508533971918
3.0990876216737817,4.342350097742769
3.098981445676636,4.3421920206218765
3.0988754948748056,4.342034301380888
3.098769768548698,4.341876938797216
3.0986642659818404,4.341719931654001
3.098558986460863,4.3415632787400815
3.098453929275479,4.341406978849953
3.0983490937184697,4.3412510307837415
3.0982444790856665,4.341095433347165
3.098140084675935,4.340940185351503
3.0980359097911565,4.340785285613558
3.0979319537362127,4.34063073295563
3.0978282158189683,4.34047652620548
3.097724695350255,4.340322664196294
3.0976213916438557,4.340169145766658
3.0975183040164853,4.34001596976052
3.09741543178778,4.339863135027162
3.0973127742802755,4.339710640421165
3.097210330819395,4.339558484802382
3.097108100733432,4.339406667035901
3.097006083353532,4.339255185992019
3.0969042780136835,4.33910404054621
3.096802684050696,4.338953229579093
3.0967013008041877,4.338802751976403
3.096600127616568,4.338652606628963
3.096499163833027,4.3385027924326485
3.096398408801514,4.3383533082883625
3.096297861872729,4.338204153102006
3.096197522400101,4.338055325784445
3.09609738973978,4.337906825251487
3.095997463250616,4.337758650423846
3.09589774229415,4.337610800227119
3.095798226234596,4.337463273591755
3.0956989144388265,4.337316069453028
3.0955998062763608,4.337169186751006
3.0955009011193484,4.337022624430529
3.095402198342556,4.336876381441174
3.0953036973233523,4.336730456737234
3.095205397441696,4.3365848492776875
3.09510729808012,4.336439558026171
3.095009398623718,4.3362945819509555
3.094911698460133,4.336149920024913
3.09481419697954,4.336005571225498
3.094716893574636,4.335861534534717
3.0946197876406245,4.335717808939102
3.094522878575203,4.3355743934296855
3.094426165778549,4.335431287001974
3.0943296486533067,4.335288488655924
3.094233326604577,4.335145997395916
3.094137199039901,4.335003812230727
3.094041265369247,4.334861932173507
3.0939455250050005,4.334720356241757
3.0938499773619497,4.334579083457299
3.0937546218572725,4.334438112846254
3.0936594579105248,4.334297443439018
3.093564484943628,4.334157074270238
3.0934697023808564,4.3340170043787865
3.093375109648824,4.333877232807737
3.0932807061764738,4.333737758604343
3.0931864913950653,4.333598580820012
3.093092464738161,4.333459698510284
3.0929986256416164,4.333321110734805
3.0929049735435665,4.333182816557309
3.0928115078844147,4.33304481504559
3.0927182281068206,4.332907105271482
3.092625133655689,4.332769686310835
3.0925322239781585,4.332632557243494
3.0924394985235875,4.332495717153276
3.0923469567435458,4.332359165127946
3.092254598091801,4.3322229002591985
3.0921624220243107,4.332086921642633
3.0920704279992046,4.331951228377731
3.09197861547678,4.33181581956784
3.091886983919487,4.331680694320146
3.0917955327919184,4.331545851745655
3.0917042615608,4.3314112909591715
3.0916131696949765,4.331277011079278
3.0915222566654044,4.3311430112283125
3.0914315219451383,4.331009290532349
3.091340965009322,4.3308758481211775
3.0912505853351764,4.330742683128282
3.0911603824019904,4.330609794690821
3.091070355691109,4.330477181949607
3.0909805046859247,4.330344844049087
3.090890828871865,4.330212780137322
3.090801327736383,4.330080989365969
3.090712000768948,4.3299494708902575
3.090622847461034,4.329818223868973
3.0905338673061102,4.329687247464437
3.090445059799632,4.329556540842488
3.0903564244390265,4.3294261031724615
3.0902679607236903,4.329295933627171
3.0901796681549727,4.329166031382891
3.090091546236169,4.329036395619335
3.0900035944725097,4.32890702551964
3.0899158123711525,4.328777920270346
3.0898281994411705,4.328649079061378
3.089740755193544,4.328520501086029
3.0896534791411505,4.32839218554094
3.089566370798756,4.328264131626082
3.0894794296830037,4.328136338544742
3.0893926553124067,4.328008805503498
3.0893060472073386,4.327881531712208
3.0892196048900225,4.3277545163839894
3.0891333278845234,4.3276277587352014
3.089047215716739,4.327501257985429
3.0889612679143896,4.327375013357465
3.0888754840070107,4.327249024077292
3.088789863525942,4.327123289374067
3.088704406004321,4.326997808480104
3.0886191109770724,4.326872580630856
3.088533977980899,4.3267476050649005
3.0884490065542742,4.326622881023922
3.0883641962374333,4.326498407752695
3.088279546572364,4.326374184499068
3.0881950571027983,4.326250210513947
3.0881107273742043,4.3261264850512795
3.0880265569337766,4.32600300736804
3.087942545330429,4.3258797767242125
3.087858692114787,4.325756792382773
3.087774996839176,4.325634053609678
3.087691459057617,4.325511559673844
3.0876080783258164,4.325389309847138
3.087524854201157,4.325267303404355
3.0874417862426937,4.325145539623209
3.087358874011139,4.325024017784314
3.087276117068862,4.324902737171168
3.087193514979875,4.324781697070145
3.0871110673098285,4.324660896770471
3.087028773626004,4.324540335564213
3.086946633497301,4.324420012746266
3.086864646494237,4.324299927614337
3.0867828121889334,4.324180079468929
3.0867011301551104,4.324060467613329
3.0866195999680794,4.32394109135359
3.0865382212047345,4.323821949998522
3.086456993443546,4.323703042859674
3.0863759162645525,4.32358436925132
3.0862949892493527,4.323465928490446
3.086214211981099,4.323347719896737
3.086133584044489,4.323229742792561
3.08605310502576,4.323111996502958
3.08597277451268,4.322994480355622
3.085892592094541,4.322877193680893
3.0858125573621504,4.322760135811737
3.085732669907828,4.322643306083739
3.0856529293253945,4.322526703835087
3.085573335210165,4.322410328406558
3.0854938871589463,4.322294179141505
3.0854145847700227,4.322178255385844
3.0853354276431557,4.322062556488044
3.0852564153795714,4.3219470817991095
3.08517754758196,4.321831830672569
3.085098823854464,4.321716802464467
3.0850202438026715,4.321601996533341
3.0849418070336125,4.321487412240222
3.0848635131557502,4.32137304894861
3.084785361778974,4.32125890602447
3.0847073525145943,4.3211449828362145
3.0846294849753337,4.3210312787546945
3.0845517587753237,4.3209177931531855
3.084474173530094,4.320804525407375
3.0843967288565706,4.320691474895354
3.084319424373065,4.320578640997599
3.0842422596992707,4.320466023096966
3.084165234456256,4.320353620578675
3.084088348266458,4.320241432830299
3.0840116007536738,4.320129459241754
3.0839349915430585,4.320017699205284
3.083858520261116,4.319906152115454
3.083782186535693,4.319794817369134
3.083705989995974,4.319683694365491
3.083629930272474,4.3195727825059755
3.083554006997033,4.319462081194312
3.083478219802811,4.3193515898364865
3.083402568324279,4.319241307840735
3.0833270521972165,4.319131234617535
3.083251671058702,4.31902136957959
3.083176424547111,4.318911712141825
3.083101312302107,4.318802261721368
3.083026333964636,4.318693017737545
3.082951489176923,4.318583979611869
3.0828767775824635,4.318475146768026
3.082802198826019,4.318366518631865
3.0827277525536108,4.318258094631392
3.0826534384125157,4.318149874196753
3.082579256051257,4.318041856760229
3.0825052051196047,4.317934041756223
3.0824312852685622,4.317826428621249
3.0823574961503675,4.317719016793924
3.082283837418484,4.317611805714957
3.0822103087275954,4.317504794827139
3.0821369097336024,4.317397983575331
3.0820636400936143,4.317291371406458
3.0819904994659453,4.317184957769494
3.081917487510109,4.317078742115458
3.081844603886812,4.3169727238974
3.08177184825795,4.316866902570391
3.0816992202866014,4.3167612775915165
3.081626719637023,4.316655848419865
3.081554345974644,4.316550614516518
3.08148209896606,4.316445575344541
3.081409978279031,4.3163407303689745
3.081337983582472,4.316236079056824
3.0812661145464504,4.3161316208770515
3.081194370842181,4.316027355300564
3.0811227521420204,4.315923281800208
3.0810512581194613,4.315819399850756
3.0809798884491286,4.315715708928902
3.0809086428067736,4.315612208513248
3.0808375208692693,4.315508898084298
3.080766522314606,4.315405777124447
3.080695646821885,4.315302845117974
3.080624894071316,4.315200101551032
3.0805542637442094,4.315097545911641
3.080483755522974,4.314995177689675
3.08041336909111,4.314892996376858
3.0803431041332083,4.314791001466752
3.0802729603349386,4.31468919245475
3.0802029373830515,4.31458756883807
3.0801330349653706,4.31448613011574
3.0800632527707883,4.314384875788594
3.079993590489261,4.314283805359265
3.0799240478118066,4.314182918332172
3.0798546244304954,4.314082214213515
3.0797853200384497,4.313981692511268
3.0797161343298374,4.313881352735165
3.0796470669998675,4.313781194396698
3.0795781177447865,4.3136812170091074
3.0795092862618727,4.31358142008737
3.0794405722494327,4.313481803148196
3.0793719754067963,4.313382365710019
3.079303495434313,4.313283107292988
3.079235132033346,4.313184027418958
3.079166884906272,4.313085125611487
