fixed_asym_D=0.4 mm^2/w,fixed_sym_D=0.4 mm^2/w
0.0,0.0
0.01639792,0.01639792
0.1062201041588975,0.10628568508322632
0.1940456663610628,0.19423968183608267
0.2782608472902385,0.27864351314031177
0.3587938046547805,0.35942278993027965
0.4358312563430556,0.4367617693423339
0.5096024345862903,0.5108873045404386
0.5803285827459151,0.5820183377794524
0.6482110189843642,0.6503539608088105
0.713429870877023,0.7160721465619396
0.7761458349272116,0.7793315060168922
0.8365026110894673,0.8402737202803776
0.8946292684537819,0.8990259040097355
0.950642328958632,0.955702687012465
1.0046475369497363,1.0104079818187435
1.0567413414406748,1.0632364640663106
1.107012133122682,1.1142748077316813
1.1555412778600664,1.1636027169333376
1.202403983209833,1.2112937908365833
1.247670028382901,1.2574162520700485
1.2914043824129722,1.302033563413653
1.3336677305120797,1.345204952731743
1.3745169246878863,1.38698586222189
1.4140053715694474,1.42742833492211
1.452183367900052,1.4665813489316453
1.4890983921809362,1.5044911078260614
1.5247953593806,1.5412012941786881
1.55931684437423,1.5767532918505043
1.5927032787776334,1.6111863817107208
1.624993125036466,1.6445379146469
1.6562230309826371,1.6768434650747435
1.6864279675432023,1.7081369676312625
1.715641351857592,1.7384508393057172
1.7438951577070103,1.767816088910828
1.771220014869917,1.7962624155069338
1.7976452987775469,1.8238182971519208
1.823199211643954,1.8505110711503476
1.8479088560784545,1.8763670068086622
1.871800302048629,1.901411371563753
1.8948986479443657,1.9256684912344586
1.917228076393923,1.9491618050462087
1.9388119053985384,1.9719139159945684
1.959672635280164,1.9939466370415422
1.97983199187538,2.0152810335770277
1.9993109663557915,2.0359374625250735
2.018129852009778,2.0559356084292055
2.036308278281265,2.075294516811921
2.05386524232723,2.0940326250695
2.0708191383261543,2.1121677911338423
2.087187784743972,2.1297173201073583
2.10298844974161,2.14669798905455
2.118237874888602,2.163126070114295
2.1329522973300006,2.1790173520796303
2.1471474705386675,2.1943871605766914
2.1608386837716367,2.209250376961099
2.1740407803374278,2.223621456038291
2.1867681747707146,2.237514442703832
2.199034869001477,2.2509429875904643
2.210854467597467,2.2639203618004142
2.222240192151492,2.2764594707940993
2.2332048948784164,2.288572867499841
2.2437610714809098,2.3002727647033043
2.2539208733376985,2.3115710467701245
2.26369611906335,2.3224792807504775
2.273098305484363,2.333008726910087
2.282138618072506,2.3431703487283646
2.290827940872897,2.3529748224009106
2.299176865961199,2.3624325458805195
2.307195702461463,2.3715536474879957
2.314894485153637,2.3803479941215544
2.3222829826973883,2.3888251990912646
2.3293707054968182,2.3969946296028946
2.336166913228717,2.404865413913609
2.3426806220552616,2.4124464481802343
2.3489206115404664,2.4197464030192184
2.3548954312882584,2.4267737297959733
2.3606134073186964,2.433536666659959
2.366082648197661,2.440043244340665
2.3713110509342155,2.4463012917185383
2.3763063066588264,2.452318441183886
2.381075906094684,2.4581021337958604
2.385627144833519,2.4636596242527666
2.389967128426496,2.468997985684155
2.3941027773000623,2.4741241142744324
2.3980408315059387,2.479044733727058
2.4017878553138194,2.483766399577779
2.4053502416547943,2.488295503364789
2.4087342164229533,2.492638276663165
2.411945842642163,2.496800794990463
2.4149910245045403,2.500788981589891
2.4178755112867374,2.504608611097075
2.4206049011497552,2.5082653130960333
2.423184644827651,2.511764575569638
2.425620049210161,2.5151117482494825
2.42791628082396,2.518312045869796
2.430078369216974,2.5213705513297335
2.432111210249915,2.524292218768125
2.4340195692989344,2.527081876554498
2.4358080843730727,2.529744230199978
2.437481269149964,2.532283865191443
2.439043515933045,2.5347052497521045
2.440499098533337,2.537012737531518
2.441852175078684,2.539210570227831
2.4431067907531814,2.5413028801449262
2.444266880469354,2.54329369268696
2.445336271475516,2.5451869287926554
2.4463186859006028,2.5469864073115756
2.447217743238647,2.5486958473244794
2.4480369627749354,2.5503188704097424
2.4487797659558,2.5518590028577197
2.449449478703865,2.5533196778348226
2.450049333680506,2.5547042374989877
2.4505824724971466,2.5560159350681246
2.451051947876984,2.557257936843047
2.4514607257686065,2.5584333241863098
2.4518116874129223,2.5595450954583043
2.452107631364743,2.5605961679118923
2.452351275470289,2.5615893795467928
2.452545258801837,2.5625274909248796
2.452692143550665,2.563413186947483
2.452794416879386,2.5642490785957426
2.452854492734748,2.565037704635003
2.452874713621868,2.565781533284195
2.4528573523408883,2.5664829638511066
2.452804613686963,2.567144328334402
2.45271863611444,2.567767892993206
2.452601493366102,2.568355859885035
2.452455196068249,2.5689103683728316
2.452281693292415,2.5694334966018024
2.452082874084447,2.569927262946759
2.4518605689616653,2.5703936274306063
2.451616551378796,2.570834493114613
2.4513525391633277,2.571251707461065
2.451070195920936,2.571647063668881
2.4507711324115893,2.5720223019827477
2.45045690789693,2.572379110976311
2.4501290314595,2.5727191288099345
2.449788963294371,2.5730439444635302
2.449438115973717,2.5733550989449343
2.449077855684846,2.573654086474294
2.4487095034421977,2.5739423556449137
2.4483343362738,2.5742213105609935
2.447953588382659,2.574492311952677
2.447568452283546,2.5747566782688196
2.447180079915636,2.5750156867478697
2.4467895837314297,2.5752705744672437
2.446398037762407,2.575522539371573
2.4460064786618,2.5757727412801805
2.445615906724928,2.5760223028741422
2.4452272868874685,2.576272310663278
2.444841549702073,2.5765238159334065
2.4444595922936965,2.5767778356741924
2.444082279294026,2.5770353534879074
2.443710443755372,2.5772973204794183
2.4433448880443813,2.577564656127706
2.442986384715929,2.5778382491392207
2.442635677367536,2.578118958283363
2.442293481474648,2.5784076132103833
2.4419604852071224,2.5787050152519844
2.441637350227244,2.5790119382048986
2.441324712469594,2.5793291290977214
2.441023182903102,2.579657308941266
2.4407333482755806,2.5799971734627065
2.4404557718410653,2.580349393823765
2.440190994070258,2.5807146173232085
2.439939533344377,2.5810934680838966
2.4397018866327107,2.5814865477246416
2.439478530154165,2.581894436017117
2.4392699200230954,2.5823176915280617
2.439076492879709,2.582756852247017
2.4388986665053145,2.5832124361998328
2.4387368404226923,2.5836849420481793
2.4385913964818755,2.584174849675286
2.43846269943159,2.584682620758142
2.438351097476634,2.5852086993263814
2.4382569228214543,2.5857535123080697
2.438180492200181,2.586317470062619
2.438122107393376,2.586900966901036
2.4380820557317424,2.5875043815937313
2.4380606105870606,2.588128077866086
2.4380580318505745,2.588772404881993
2.4380745663990915,2.5894376977155806
2.4381104485490224,2.5901242778113125
2.4381659004986065,2.5908324534326748
2.438241132758551,2.591562520099643
2.4383363445713155,2.5923147610151287
2.438451724319273,2.593089447480596
2.4385874499219686,2.593886839301043
2.4387436892226946,2.594707185179533
2.438920600364609,2.5955507231014705
2.439118332156605,2.5964176807087913
2.4393370244291432,2.5973082756642674
2.4395768083802687,2.5982227160060893
2.439837806912,2.5991612004929143
2.440120134957308,2.6001239189395493
2.440423899797882,2.6011110525434438
2.4407492013728764,2.602122774202161
2.441096132578836,2.603159248821996
2.4414647795609925,2.604220633617906
2.441855221996118,2.6053070784049135
2.442267533367122,2.606418725881147
2.4427017812295797,2.6075557119026707
2.4431580274703566,2.608718165750266
2.443636328558534,2.609906210388312
2.4441367357887755,2.611119962715919
2.4446592955173343,2.612359533810461
2.445204049390854,2.613625029163653
2.4457710345681334,2.6149165489103217
2.4463602839350176,2.616234188049997
2.446971826312576,2.61757803666148
2.4476056866587226,2.6189481801105092
2.448261886263433,2.620344699250664
2.4489404429377126,2.621767670617635
2.449641371196461,2.623217166616993
2.450364682435378,2.6246932557055733
2.451110385102061,2.626196002566609
2.451878484861424,2.6277254682787263
2.452668984755588,2.629281710478925
2.4534818853583613,2.6308647835196526
2.454317184924466,2.6324747386200973
2.455174879533613,2.6341116240117954
2.456054963229576,2.635775485078673
2.4569574281543702,2.637466364491621
2.4578822646776755,2.6391843023377093
2.458829461521608,2.6409293362441377
2.4597990058809645,2.642701501497026
2.460790883539054,2.6445008311551312
2.461805078979225,2.646327356158593
2.462841575492198,2.6481811054327915
2.463900355279315,2.6500621059874065
2.464981399551803,2.6519703830107657
2.4660846886261583,2.653905959959562
2.4672102020157487,2.6558688586440184
2.468357918518733,2.657859099308585
2.469527816302392,2.6598767007082333
2.470719872983957,2.66192168018043
2.4719340657080418,2.663994053712853
2.473170371220745,2.6660938360069206
2.474428765940527,2.6682210405372
2.475709226025935,2.6703756796067557
2.4770117274402583,2.672557764398496
2.478336246013196,2.67476730502258
2.4796827574996136,2.6770043105599393
2.4810512376354588,2.679268789101961
2.482441662190915,2.6815607477863916
2.4838540070208617,2.6838801928295033
2.485288248112708,2.6862271295545685
2.486744361631668,2.68860156241669
2.488222323963544,2.6910034950240203
2.4897221117550754,2.693432930155415
2.491243701951922,2.695889869774552
2.4927870718343303,2.6983743150405517
2.4943521990505526,2.700886266315125
2.4959390616480603,2.7034257231662866
2.497547638102616,2.7059926843686473
2.4991779073452496,2.708587147900322
2.5008298487871903,2.7112091109364647
2.502503442342803,2.7138585698394557
2.5041986684505755,2.716535520145754
2.505915508092196,2.719239956549431
2.5076539428097746,2.7219718728823996
2.509413954721238,2.724731262091343
2.5111955265339456,2.7275181162113573
2.5129986415565613,2.7303324263363065
2.514823283709218,2.733174182585899
2.5166694375320087,2.73604337406948
2.51853708819184,2.7389399888465444
2.5204262214876767,2.7418640138839616
2.522336823854212,2.7448154350099068
2.524268882363983,2.747794236864493
2.5262223847279737,2.7508004028470903
2.5281973192947147,2.7538339150603193
2.5301936750479164,2.756894754250708
2.532211441602652,2.75998289974599
2.534250609200116,2.763098329389025
2.536311168700972,2.766241019468325
2.5383931115773195,2.7694109446451565
2.540496429903284,2.772608077877196
2.542621116344256,2.775832390338713
2.5447671641447926,2.7790838513372442
2.5469345671151897,2.782362428226733
2.5491233196167418,2.7856680863171
2.551333416545701,2.7890007887802013
2.5535648533159416,2.7923604965521482
2.55581762584034,2.7957471682319386
2.5580917305108755,2.799160759976361
2.560387164177467,2.8026012253911317
2.5627039241255343,2.8060685154182123
2.5650420080523,2.809562578219267
2.567401414041834,2.813083359055204
2.569782140538832,2.8166308001617586
2.572184186321142,2.8202048406210545
2.574607550471025,2.823805416229099
2.5770522323451543,2.8274324593591498
2.579518231543352,2.8310858988209007
2.582005547876047,2.834765659715423
2.5845141813304693,2.838471663285805
2.5870441320355497,2.842203826763429
2.5895954002255346,2.8459620632098175
2.5921679862023,2.849746281353994
2.5947618902963567,2.853556385425284
2.5973771128265333,2.8573922749814935
2.600013654058329,2.8612538447324
2.6026715141609165,2.865140984358486
2.605350693162789,2.869053578324844
2.6080511909060307,2.87299150569019
2.6107730069991906,2.876954639910908
2.6135161407687546,2.880942848640063
2.6162805912091853,2.8849559935213045
2.619066356931517,2.8889939299775977
2.621873436110481,2.893056506994704
2.6247018264301447,2.8971435668993477
2.627551525028037,2.9012549451319942
2.630422528437744,2.905390470014173
2.6333148325299347,2.909549962510276
2.6362284324518184,2.9137332359837624
2.6391633225649773,2.917940095947706
2.6421194963815675,2.922170339809618
2.645096946498853,2.9264237566104847
2.648095664532044,2.930700126757951
2.651115641045408,2.934999221753603
2.6541568654816268,2.9393208039142773
2.6572193260893644,2.943664626087358
2.66030300984901,2.948030431359996
2.6634079023965698,2.9524179527622136
2.666533987945665,2.9568269129638427
2.6696812492076107,2.9612570239652594
2.672849667309521,2.965707986781879
2.676039221710428,2.9701794911223787
2.6792498901153543,2.9746712150606216
2.682481648387314,2.979182824701264
2.6857344704571946,2.9837139738390275
2.689008328231484,2.9882643036116323
2.6923031914978006,2.9928334421463862
2.6956190278281817,2.997421004200438
2.6989558024800915,3.0020265907947095
2.702313478295101,3.0066497888415276
2.705692015595204,3.011290170765992
2.7090913720767054,3.015947294121114
2.71251150270167,3.020620701196785
2.7159523595868484,3.0253099186226335
2.719413891890055,3.030014456964845
2.722896045693955,3.0347338103170363
2.726398763887196,3.0394674558852763
2.7299219860428496,3.0442148535673765
2.7334656482941138,3.04897544552657
2.737029683207217,3.053748655759727
2.740614019651491,3.058533889660271
2.74421858266655,3.06333053357596
2.7478432933265364,3.0681379543617395
2.751488068601376,3.072955498927874
2.755152821214999,3.077782493783589
2.758837459500477,3.082618244576481
2.7625418872520244,3.0874620356279645
2.7662660035738136,3.0923131294650585
2.7700097027255626,3.0971707663488286
2.7737728739648384,3.1020341637998317
2.7775554013860337,3.1069025161209334
2.781357163755965,3.111774993917894
2.785178034346051,3.116650743618149
2.7890178807610155,3.121528886988237
2.792876564764084,3.1264085206503536
2.7967539420986136,3.1312887155985516
2.800649862306124,3.1361685167151268
2.804564168540686,3.1410469422877716
2.808496697379617,3.1459229835281057
2.8124472786304646,3.150795604092233
2.8164157351342123,3.1556637396040075
2.8204018825647013,3.1605262971817285
2.824405529224211,3.1653821549690258
2.828426475835181,3.170230161670731
2.832464515328035,3.1750691360945735
2.836519432625089,3.17989786669958
2.840591004420515,3.184715111152103
2.844678998956331,3.189519595890436
2.848783175794419,3.1943100156990303
2.8529032855845333,3.1990850332933594
2.857039069828305,3.2038432789165325
2.861190260639225,3.2085833499488006
2.865356580498609,3.2133038105311384
2.869537742007537,3.2180031912041462
2.873733447634784,3.2226799885635455
2.877943389460744,3.2273326649336025
2.882167248917361,3.231959648059853
2.8864046965241044,3.236559330822555
2.89065539161999,3.2411300709723294
2.894918982091704,3.2456701908895154
2.8991951040978554,3.250177977368791
2.903483381789413,3.254651681430672
2.9077834270263674,3.259089518161528
2.9120948390906976,3.2634896665838187
2.9164172043956955,3.2678502695582727
2.9207500961917376,3.272169433719784
2.925093074268585,3.2764452294488335
2.92944568465431,3.280675690880281
2.9338074593109527,3.2848588159514014
2.93817791582703,3.288992566491071
2.942556557107017,3.293074868352038
2.9469428710579426,3.297103611588234
2.9513363302732465,3.3010766506790956
2.9557363917140624,3.3049918048028952
2.9601424963881,3.308846858161079
2.964554069026311,3.3126395603556182
2.9689705177575485,3.316367626821387
2.9733912337814217,3.3200287393155676
2.97781559103959,3.323620546466082
2.9822429458857336,3.3271406643810217
2.986672636754466,3.330586677321035
2.991103983829462,3.333956138436596
2.9955362887111034,3.3372465705720358
2.999968834083945,3.340455467138182
3.0044008833843434,3.3435802930553913
3.008831680468585,3.346618485768698
3.0132604492818955,3.3495674563367324
3.0176863935287086,3.3524245905959784
3.022108696344609,3.3551872504018565
3.026526519970376,3.3578527749480083
3.0309390054285865,3.3604184821650556
3.0353452722032404,3.362881670199985
3.0397444179229143,3.365239618977175
3.044135518047959,3.3674895918419416
3.0485176255622823,3.3696288372873258
3.0528897706702893,3.3716545907646833
3.057250960499566,3.373564076578456
3.0616001788099267,3.3753545098653266
3.065936385709467,3.3770230986577494
3.070258517378285,3.378567046031654
3.0745654858005724,3.3799835523378885
3.078856178505786,3.381269817516749
3.0831294583196547,3.382423043494689
3.0873841631257792,3.38344043666207
3.091619105638645,3.384319210430541
3.095833073188856,3.3850565878683745
3.100024827521444,3.385649804411804
3.104193104608141,3.38609611065014
3.10833661447451,3.386392775182128
3.1124540410428665,3.3865370875407423
3.1165440419919506,3.3865263611832863
3.120605248634325,3.386357936543384
3.124636265812509,3.38602918414113
3.1286356718148767,3.3855375077473617
3.1326020183123675,3.3848803475977096
3.1365338303170907,3.384055183651775
3.140429606163912,3.3830595388924802
3.1442878175161444,3.381890982660337
3.1481069093964678,3.3805471340170867
3.1518853002442366,3.379025665132881
3.1556213820003407,3.3773243046908887
3.159313520220789,3.375440841302957
3.162960054220223,3.373373126929694
3.166559297246545,3.3711190802981075
3.1701095366878853,3.3686766903097056
3.1736090343131043,3.3660440194317567
3.1770560265470613,3.3632192070642333
3.1804487247818507,3.3602004728747814
3.1837853157252254,3.3569861200939237
3.187063961787409,3.3535745387625853
3.1902828015074878,3.3499642089239337
3.193439950020565,3.346153703751461
3.196533499566844,3.342141692605193
3.199561520043769,3.337926944007907
3.2025220596023534,3.3335083285332496
3.205413145288768,3.328884821597712
3.208232783732249,3.324055506148486
3.210978961880331,3.319019575239353
3.213649647782369,3.313776334486894
3.216242791422283,3.3083252043995004
3.2187563256013663,3.302665722571864
3.2211881668719755,3.2967975457378795
3.22353621652284,3.2907204516751642
3.225798361616649,3.284434340954706
3.2279724760805184,3.2779392385294903
3.2300564218498398,3.271235295156324
3.232048050065929,3.2643227886454627
3.233945202327817,3.2572021249330723
3.2357457119983803,3.2498738389720065
3.237447405564968,3.242338595436837
3.2390481040545027,3.2345971892395733
3.240545624502974,3.226650545853016
3.241937781479065,3.2184997214392017
3.2432223886615854,3.2101459027809502
3.2443972604701816,3.2015904070150647
3.245460213748722,3.1928346811662975
3.2464090695005567,3.183880301481762
3.247241654674736,3.1747289725660357
3.2479558040021006,3.1653825263177717
3.2485493618800088,3.1558429206692074
3.249020184304295,3.146112238130515
3.249366140846897,3.1361926841415038
3.249585116677414,3.1260865852337245
3.2496750146266944,3.115796387006565
3.24963375729037,3.1053246519214412
3.249459289170094,3.094674056918699
3.2491495788500417,3.083847390862314
3.2487026212060925,3.0728475518179503
3.2481164396449,3.0616775441703714
3.247389088369913,3.05034047558661
3.2465186546712217,3.0388395538316977
3.245503261235948,3.0271780834441073
3.244341068475716,3.0153594622783944
3.2430302768676103,3.00338717792283
3.2415691293048297,2.9912648040000756
3.2399559134531355,2.978995996359201
3.238188964109033,2.966584489167544
3.2362666655554864,2.9540340909110827
3.2341874539108497,2.9413486803121516
3.231949819466581,2.928532202173412
3.2295523090091898,2.9155886631570915
3.226993528121781,2.9025221275085444
3.224272143460479,2.8893367127331926
3.221386885000929,2.876036585235911
3.21833654825003,2.8626259559318545
3.2151199964180086,2.8491090758376743
3.211736162545899,2.8354902316519563
3.2081840515835043,2.8217737413335975
3.2044627424128937,2.8079639496866835
3.200571389812525,2.794065223960258
3.1965092263571058,2.7800819494711844
3.1922755642483613,2.7660185252580707
3.1878697970719543,2.7518793597740143
3.183291401475869,2.7376688666256492
3.1785399387656987,2.7233914603657294
3.173615056412372,2.709051552346179
3.168516489468016,2.6946535466382633
3.1632440618857856,2.6802018360262068
3.1577976877396834,2.665700798080285
3.1521773723405557,2.651154791315071
3.14638321324468,2.636568151438196
3.140415401151565,2.6219451876946396
3.1342742206878107,2.6072901793112164
3.1279600510741434,2.5926073720455776
3.1214733666729786,2.5779009748437014
3.1148147374141537,2.563175156609489
3.1079848290967464,2.5484340430897325
3.100984403565189,2.5336817138773706
3.0938143187581915,2.518922199535606
3.0864755286292995,2.5041594788451116
3.0789690829382166,2.4893974761762077
3.0712961269123547,2.474640058987571
3.0634579007783964,2.4598910354526997
3.055455739163973,2.4451541522150433
3.047291070369896,2.430433092272388
3.0389654155137094,2.4157314729907933
3.030480387545652,2.4010528442480763
3.021837690138434,2.3864006867065495
3.0130391164525707,2.371778410214457
3.004086547779304,2.357189352335278
2.9949819520634704,2.3426367770038166
2.985727382308952,2.328123873307765
2.97632497486965,2.3136537543931803
2.966776947629191,2.299229456492117
2.9570855980728403,2.2848539380704365
2.947253301255357,2.270530079093634
2.937282507668756,2.256260680408337
2.9271757410141817,2.2420484632369644
2.9169355958822942,2.227896068782879
2.9065647353467736,2.2138060579432266
2.896065888475725,2.1997809111265285
2.8854418477659327,2.1858230281719653
2.874695466505043,2.171934728367201
2.8638296560669114,2.1581182505614938
2.8528473831454293,2.144375753370762
2.84175166693226,2.1307093154712073
2.830545576243982,2.117120935978036
2.819232226604194,2.1036125349057757
2.8078147772861786,2.0901859537066527
2.7962964283217477,2.0768429558834582
2.7846804174818884,2.0635852276733324
2.7729700172348366,2.050414378798881
2.761168531687152,2.037331943283043
2.7492792935133523,2.02433938032414
2.737305660879595,2.0114380752275745
2.7252510143668145,1.9986293403906394
2.713118753898652,1.9859144163369822
2.700912295679411,1.9732944727972692
2.688635069147145,1.9607706098326763
2.6762905139468893,1.9483438589978708
2.6638820769288727,1.9360151845402191
2.651413209176447,1.923785484632021
2.6388873630682728,1.9116555926326415
2.6263079893791623,1.8996262783774889
2.6136785344238,1.8876982494908685
2.601002437247381,1.8758721527198237
2.588283126867025,1.864148575286162
2.575524019567626,1.8525280462539562
2.5627285162556057,1.8410110379098985
2.5498999998738427,1.82959796715398
2.537041832880829,1.8182891968980646
2.524157354796926,1.8070850374700178
2.5112498798203458,1.7959857480211525
2.4983226945153243,1.7849915379348458
2.485379055574686,1.7741025682342828
2.47242218765884,1.763318952987377
2.4594552813130037,1.7526407607070134
2.446481490964263,1.7420680157448605
2.4335039329998644,1.731600699677086
2.420525683927928,1.7212387526804103
2.4075497786215783,1.7109820748970213
2.394579208647285,1.7008305277869677
2.3816169206780287,1.690783935466734
2.3686658149916866,1.6808420860327897
2.355728744054896,1.6710047328689943
2.342808511192429,1.6612715959368145
2.329907869341974,1.6516423630474006
2.317029519894026,1.6421166911146436
2.3041761116164587,1.6326942073884088
2.2913502396631613,1.6233745106672224
2.2785544446659984,1.6141571724897543
2.2657912119092094,1.6050417383045095
2.253062970585217,1.5960277286172102
2.240372093130702,1.587114640115413
2.2277208946416684,1.5783019467699655
2.215111632366122,1.569589100912968
2.2025465052728714,1.5609755342919625
2.1900276536948664,1.552460659100119
2.177557159045398,1.5440438689822513
2.1651370436053967,1.535724540016529
2.1527692703799954,1.5275020316718115
2.140455743022448,1.5193756877405658
2.1281983058234344,1.5113448372473701
2.1159987437637326,1.5034087953330513
2.1038587826281794,1.4955668641145323
2.091780089178807,1.4878183335205055
2.079764271385011,1.480162482103077
2.067812878708561,1.4725985778255577
2.0559274024412613,1.465125878826605
2.04410927609304,1.4577436341609442
2.032359875828233,1.4504510845169212
2.0206805209478373,1.443247462911162
2.0090724744154835,1.4361319953606348
1.9975369434249164,1.4291039015324258
1.986075080006744,1.422162395371558
1.974687981672261,1.4153066857072008
1.963376692092152,1.4085359768376233
1.952142201807915,1.401849469094267
1.9409854489738632,1.395246359385313
1.929907320127596,1.3887258417191375
1.9189086509868705,1.3822871077080519
1.9079902272708305,1.3759293470527312
1.8971527855435972,1.3696517480077437
1.886397014078269,1.3634534978285924
1.8757235537394128,1.3573337832006913
1.865132998882192,1.351291790650694
1.8546258982663064,1.3453267069405979
1.8442027559829932,1.3394377194450486
1.8338640323933575,1.3336240165122677
1.8236101450763929,1.3278847878090243
1.8134414697850745,1.322219224650075
1.8033583414089804,1.3166265203124905
1.7933610549419492,1.3111058703352836
1.7834498664533305,1.3056564728047557
1.7736249940614552,1.3002775286259691
1.7638866189080016,1.2949682417807513
1.754234886131984,1.2897278195726334
1.7446699058421669,1.2845554728591173
1.7351917540867403,1.2794504162716658
1.7258004738191686,1.2744118684237962
1.7164960758591672,1.2694390521076615
1.707278539847825,1.2645311944794895
1.6981478151959382,1.2596875272342478
1.6891038220246808,1.2549072867698954
1.680146452097786,1.2501897143415737
1.6712755697444643,1.2455340562060842
1.6624910127723356,1.2409395637569922
1.653792593369703,1.23640549365069
1.645180098996543,1.2319311079237438
1.6366532932636304,1.2275156741018423
1.6282119167992717,1.2231584653006597
1.619855688103152,1.2188587603189358
1.6115843043868547,1.214615843724067
1.6033974424006476,1.210429005930501
1.595294759246174,1.2062975432712137
1.5872758931747215,1.2022207580625446
1.5793404643707831,1.1981979586626552
1.5714880757206582,1.1942284595238732
1.5637183135658752,1.190311581239173
1.5560307484412552,1.186446650583037
1.548424935797459,1.1826330005469423
1.5409004167079,1.178869970369694
1.5334567185599255,1.1751569055628417
1.5260933557302034,1.1714931579313868
1.518809830244271,1.1678780855900006
1.5116056324202345,1.1643110529749523
1.5044802414966214,1.1607914308519474
1.4974331262444234,1.1573185963200696
1.4904637455633705,1.1538919328120119
1.4835715490625176,1.1505108300907747
1.4767559776252237,1.147174684243009
1.470016463958634,1.1438828976691695
1.4633524331277854,1.1406348790706409
1.456763303074473,1.1374300434339961
1.4502484851210278,1.1342678120125362
1.4438073844591692,1.1311476123052586
1.437439400624109,1.1280688780333954
1.4311439279540903,1.1250310491146565
1.4249203560355643,1.1220335716353098
1.4187680701342005,1.1190758978202255
1.4126864516119524,1.1161574860010028
1.4066748783303975,1.1132778005822994
1.4007327250405783,1.1104363120064757
1.3948593637595754,1.1076324967166609
1.3890541641340592,1.1048658371183453
1.3833164937910556,1.1021358215396004
1.3776457186761766,1.0994419441900214
1.3720412033795657,1.0967837051184843
1.3665023114498092,1.0941606101698078
1.3610284056960733,1.0915721709404023
1.3556188484787164,1.08901790473299
1.3502730019886402,1.086497334510473
1.344990228515636,1.0840099888490238
1.3397698907059823,1.0815554018904705
1.3346113518095584,1.0791331132940443
1.3295139759167205,1.0767426681875565
1.3244771281852106,1.0743836171180656
1.319500175057342,1.0720555160020957
1.3145824844677214,1.0697579260754626
1.3097234260417563,1.0674904138427626
1.3049223712852012,1.0652525510265758
1.3001786937649829,1.0630439145164339
1.2954917692815582,1.060864086317599
1.290860976033038,1.058712653499699
1.286285694771321,1.0565892081452608
1.28176530895047,1.0544933472981861
1.2772992048675655,1.0524246729122027
1.2728867717962615,1.0503827917993327
1.2685274021132722,1.0483673155784106
1.2642204914180084,1.0463778606236824
1.2599654386455816,1.044414048013522
1.2557616461733891,1.0424755034792879
1.25160851992149,1.040561857354354
1.2475054694469772,1.0386727445233368
1.2434519080325472,1.0368078043715458
1.2394472527694638,1.034966680734681
1.2354909246351091,1.0331490218487958
1.231582348565313,1.0313544803005523
1.2277209535216396,1.0295827129777824
1.2239061725538196,1.0278333810203757
1.2201374428574971,1.0261061497715112
1.2164142058274678,1.0244006887292478
1.212735907106573,1.0227166714984892
1.2091019966304168,1.0210537757433358
1.2055119286680618,1.0194116831398374
1.2019651618588625,1.0177900793291583
1.1984611592455847,1.0161886538711642
1.1949993883039622,1.0146071001984431
1.191579320968828,1.0130451155707676
1.1882004336569654,1.0115024010300078
1.1848622072868125,1.0099786613555015
1.1815641272951496,1.0084736050198895
1.1783056836509007,1.0069869441454211
1.1750863708661714,1.0055183944607358
1.1719056880046437,1.0040676752581257
1.1687631386874449,1.0026345093512832
1.1656582310966066,1.0012186230335367
1.1625904779762175,0.9998197460365778
1.1595593966313829,0.9984376114896826
1.1565645089250898,0.9970719558794291
1.1536053412730811,0.9957225190099113
1.150681424636831,0.9943890439634517
1.14779229451472,0.9930712770618139
1.1449374909314955,0.9917689678279119
1.1421165584261102,0.9904818689480205
1.1393290460380174,0.9892097362344823
1.1365745072920097,0.9879523285889125
1.133852500181676,0.9867094079658992
1.131162587151558,0.9854807393371984
1.1285043350780728,0.9842660906564199
1.125877315249278,0.983065232824205
1.1232811033435457,0.9818779396538897
1.1207152794072102,0.9807039878376541
1.1181794278312565,0.9795431569131526
1.1156731373271045,0.9783952292306224
1.1131960009015531,0.9772599899204674
1.1107476158309408,0.9761372268613131
1.108327583634572,0.975026730648529
1.1059355100474677,0.973928294563214
1.1035710049924854,0.9728417145416414
1.1012336825518636,0.9717667891451587
1.0989231609382273,0.9707033195305375
1.0966390624651097,0.9696511094207689
1.0943810135170249,0.9686099650763005
1.092148644519137,0.9675796952667084
1.0899415899065634,0.9665601112428017
1.0877594880933494,0.9655510267091515
1.0856019814411515,0.9645522577970416
1.0834687162276644,0.9635636230378346
1.0813593426148205,0.9625849433367482
1.0792735146167998,0.9616160419470361
1.0772108900678763,0.9606567444445687
1.0751711305901304,0.9597068787028076
1.073153901561053,0.9587662748681677
1.0711588720810736,0.9578347653357633
1.0691857149410304,0.9569121847255301
1.0672341065896092,0.9559983698587191
1.0653037271007753,0.9550931597347563
1.0633942601412163,0.9541963955084621
1.0615053929378209,0.9533079204676255
1.0596368162452063,0.9524275800109256
1.057788224313322,0.9515552216261979
1.0559593148551387,0.9506906948690352
1.054149789014443,0.9498338513417222
1.0523593513337537,0.9489845446724932
1.0505877097223753,0.9481426304951117
1.048834575424597,0.9473079664287629
1.0470996629880571,0.946480412058255
1.0453826902322854,0.9456598289145224
1.043683378217424,0.9448460804554274
1.0420014512131552,0.9440390320468516
1.0403366366678308,0.943238550944074
1.038688665177821,0.9424445062734295
1.0370572704570906,0.9416567690142404
1.0354421893070054,0.9408752119810196
1.0338431615863874,0.9400997098059348
1.0322599301818136,0.939330138921532
1.030692240978173,0.9385663775437123
1.0291398428294856,0.9378083056549548
1.0276024875299885,0.9370558049877824
1.0260799297854932,0.9363087590084644
1.0245719271850238,0.9355670529009503
1.023078240172731,0.93483057355103
1.0215986320200947,0.9340992095307156
1.020132868798414,0.9333728510828389
1.0186807193515883,0.9326513901058605
1.0172419552691905,0.9319347201388853
1.0158163508598377,0.9312227363468784
1.0144036831248593,0.9305153355060779
1.0130037317322638,0.9298124159896001
1.0116162789910044,0.92911387775323
1.010241109825548,0.9284196223213954
1.0088780117507443,0.9277295527733183
1.0075267748469978,0.9270435737293384
1.00618719173574,0.9263615913374069
1.0048590575552063,0.9256835132597423
1.0035421699365104,0.9250092486596475
1.002236328980023,0.9243387081884817
1.0009413372320466,0.9236718039727837
0.9996569996617936,0.9230084496015417
0.998383123638656,0.9223485601136064
0.9971195189097742,0.9216920519852428
0.995865997577901,0.9210388431178166
0.994622374079554,0.9203888528256114
0.9933884651634628,0.9197420018237737
0.9921640898692992,0.9190982122163799
0.9909490695066986,0.9184574074846236
0.9897432276345608,0.9178195124751185
0.9885463900406338,0.9171844533883134
0.987358384721374,0.9165521577670162
0.986179041862084,0.9159225544850221
0.9850081938173204,0.9152955737358452
0.983845675091574,0.9146711470215473
0.9826913223202132,0.9140492071416618
0.9815449742506936,0.9134296881822109
0.9804064717240252,0.9128125255048101
0.9792756576564986,0.912197655735859
0.9781523770216618,0.9115850167558155
0.9770364768325492,0.9109745476885487
0.9759278061241564,0.9103661888907693
0.974826215936156,0.909759881941534
0.9737315592958546,0.9091555696318216
0.9726436912013848,0.9085531959541767
0.9715624686051284,0.9079527060924206
0.9704877503973665,0.9073540464114248
0.9694193973901574,0.9067571644469461
0.968357272301431,0.9061620088955196
0.9673012397393016,0.9055685296044085
0.966251166186594,0.904976677561607
0.9652069199855764,0.9043864048858956
0.9641683713229,0.9037976648169449
0.96313539221474,0.9032104117054677
0.962107856492131,0.902624601003415
0.9610856397864996,0.9020401892542168
0.9600686195153826,0.9014571340830627
0.9590566748683328,0.9008753941872225
0.9580496867930062,0.9002949293264046
0.9570475379814248,0.8997157003131496
0.956050112856416,0.8991376690032584
0.9550572975582194,0.8985607982862523
0.9540689799312608,0.8979850520758644
0.9530850495110872,0.8974103953005598
0.9521053975114612,0.896836793894084
0.951129916811608,0.8962642147860372
0.9501585019436152,0.8956926258924742
0.9491910490799764,0.8951219961065272
0.9482274560212818,0.8945522952890517
0.9472676221840424,0.893983494259293
0.9463114485886556,0.8934155647855736
0.9453588378474972,0.8928484795759982
0.944409694153147,0.8922822122691781
0.9434639232667328,0.8917167374249712
0.9425214325064007,0.8911520305152384
0.9415821307358992,0.8905880679146156
0.940645928353278,0.8900248268912988
0.9397127372796982,0.889462285597843
0.9387824709483472,0.8889004230619743
0.9378550442934588,0.8883392191774127
0.9369303737394324,0.8877786546947075
0.9360083771900488,0.8872187112120821
0.9350889740177788,0.8866593711662895
0.9341720850531836,0.8861006178234772
0.9332576325744,0.8855424352700612
0.9323455402967104,0.8849848084036084
0.9314357333621928,0.8844277229237274
0.9305281383294476,0.8838711653229671
0.9296226831634012,0.8833151228777226
0.9287192972251772,0.8827595836391491
0.9278179112620388,0.8822045364240817
0.926918457397396,0.8816499708059634
0.9260208691208744,0.8810958771057786
0.9251250812784444,0.8805422463829942
0.9242310300626082,0.8799890704265059
0.9233386530026392,0.8794363417455928
0.9224478889548748,0.8788840535608771
0.9215586780930572,0.8783321997952903
0.92067096189872,0.877780775065047
0.9197846831516208,0.8772297746706246
0.9188997859202124,0.8766791945877496
0.9180162155521544,0.8761290314583919
0.917133918664862,0.8755792825817655
0.916252843136088,0.8750299459053363
0.915372938094536,0.8744810200158388
0.914494153910506,0.8739325041302995
0.9136164421865643,0.8733843980870696
0.9127397557482416,0.8728367023368655
0.9118640486347525,0.8722894179338189
0.9109892760897372,0.8717425465265363
0.910115394552024,0.8711960903491678
0.9092423616464056,0.8706500522124871
0.9083701361744344,0.8701044354949817
0.9074986781052304,0.8695592441339541
0.906627948566301,0.8690144826166357
0.9057579098343717,0.8684701559713124
0.9048885253262242,0.8679262697584634
0.9040197595895434,0.8673828300619137
0.9031515782937682,0.8668398434800004
0.902283948220948,0.8662973171167537
0.9014168372565996,0.8657552585730941
0.9005502143805685,0.8652136759380449
0.899684049657886,0.8646725777799619
0.8988183142296283,0.8641319731377806
0.8979529803037716,0.8635918715122815
0.8970880211460422,0.8630522828573742
0.8962234110707642,0.8625132175714021
0.8953591254316979,0.8619746864884662
0.8944951406128742,0.8614367008697714
0.893631434019418,0.8608992723949942
0.8927679840683649,0.8603624131536733
0.891904770179466,0.8598261356366244
0.8910417727659835,0.8592904527273787
0.8901789732254732,0.8587553776936475
0.889316353930556,0.8582209241788125
0.8884538982196749,0.8576871061934432
0.8875915903878401,0.8571539381068427
0.886729415677358,0.8566214346386214
0.8858673602685464,0.856089610850301
0.8850054112704342,0.8555584821369492
0.8841435567114448,0.8550280642188449
0.8832817855300644,0.8544983731331769
0.882420087565492,0.8539694252257749
0.8815584535482739,0.8534412371428749
0.8806968750909207,0.8529138258229197
0.8798353446785064,0.8523872084883954
0.8789738556592506,0.8518614026377046
0.8781124022350819,0.8513364260370769
0.8772509794521849,0.8508122967125191
0.8763895831915278,0.8502890329418038
0.8755282101593735,0.8497666532464991
0.8746668578777715,0.84924517638404
0.873805524675033,0.8487246213398405
0.8729442096761876,0.8482050073194514
0.8720829127934226,0.8476863537407595
0.8712216347165059,0.8471686802262337
0.8703603769031898,0.8466520065952158
0.8694991415695997,0.8461363528562588
0.8686379316806055,0.8456217391995123
0.8677767509401768,0.8451081859891567
0.8669156037817223,0.8445957137558866
0.866054495358414,0.8440843431894441
0.8651934315334961,0.8435740951312044
0.8643324188705799,0.8430649905668114
0.8634714646239238,0.8425570506188678
0.8626105767287013,0.842050296539678
0.8617497637912551,0.8415447497040454
0.8608890350793394,0.841040431602125
0.860028400512351,0.8405373638323325
0.8591678706515485,0.840035568094309
0.8583074566902633,0.839535066181945
0.857447170444099,0.839035879976461
0.856587024341124,0.838538031439549
0.8557270314120553,0.838041542606572
0.854867205280436,0.837546435579826
0.8540075601528062,0.8370527325218616
0.8531481108088691,0.836560455648869
0.8522888725916526,0.836069627224125
0.8514298613976679,0.8355802695515034
0.850571093667065,0.8350924049690499
0.849712586373788,0.8346060558426215
0.8488543570157288,0.834121244559591
0.8479964236048824,0.8336379935226182
0.8471388046575035,0.8331563251434869
0.8462815191842659,0.8326762618370096
0.8454245866804261,0.8321978260149998
0.8445680271159914,0.8317210400803129
0.843711860925895,0.8312459264209552
0.8428561090001774,0.8307725074042634
0.8420007926741769,0.8303008053711536
0.84114593371873,0.8298308426304396
0.8402915543303818,0.8293626414532242
0.8394376771216094,0.8288962240673603
0.8385843251110582,0.828431612651984
0.8377315217137923,0.8279688293321205
0.836879290731562,0.827507896173362
0.8360276563430871,0.8270488351766192
0.835176643094359,0.8265916682729456
0.834326275888963,0.826136417318436
0.8334765799784205,0.8256831040891988
0.8326275809525545,0.8252317502764028
0.8317793047298779,0.8247823774813992
0.8309317775480074,0.824335007210917
0.8300850259541027,0.8238896608723361
0.8292390767953344,0.8234463597690334
0.8283939572093796,0.8230051250958063
0.8275496946149491,0.8225659779343715
0.8267063167023447,0.8221289392489397
0.8258638514240508,0.8216940298818671
0.8250223269853593,0.8212612705493831
0.8241817718350304,0.8208306818373942
0.8233422146559909,0.8204022841973648
0.8225036843560701,0.8199760979422757
0.8216662100587762,0.8195521432426573
0.8208298210941125,0.8191304401227024
0.8199945469894375,0.8187110084564532
0.8191604174603675,0.8182938679640674
0.8183274624017249,0.8178790382081604
0.8174957118785328,0.8174665385902241
0.8166651961170569,0.8170563883471231
0.8158359454958973,0.8166486065476681
0.8150079905371298,0.816243212089265
0.8141813618974991,0.8158402236946416
0.8133560903596654,0.8154396599086507
0.8125322068235045,0.8150415390951498
0.811709742297464,0.814645879433956
0.810888727889976,0.8142526989178793
0.8100691948009283,0.8138620153498295
0.8092511743131939,0.8134738463400003
0.8084346977842223,0.8130882093031288
0.8076197966376913,0.81270512145583
0.8068065023552232,0.8123245998140067
0.8059948464681633,0.8119466611903343
0.8051848605494255,0.8115713221918197
0.8043765762054034,0.8111985992174353
0.8035700250679491,0.810828508455826
0.8027652387864211,0.8104610658830907
0.8019622490198024,0.810096287260637
0.8011610874288881,0.8097341881331078
0.8003617856685471,0.8093747838263824
0.7995643753800551,0.8090180894456478
0.7987688881835033,0.8086641198735434
0.7979753556702812,0.808312889768376
0.797183809395636,0.8079644135624067
0.7963942808713094,0.8076187054602073
0.7956068015582518,0.8072757794370876
0.7948214028594169,0.806935649237592
0.7940381161126351,0.8065983283740652
0.7932569725835681,0.8062638301252866
0.7924780034587458,0.8059321675351728
0.7917012398386851,0.8056033534115479
0.7909267127310934,0.8052774003249802
0.7901544530441544,0.8049543206076865
0.7893844915799011,0.8046341263525014
0.7886168590276732,0.8043168294119131
0.7878515859576619,0.8040024413971625
0.7870887028145414,0.803690973677408
0.7863282399111886,0.8033824373789537
0.7855702274224919,0.8030768433845394
0.7848146953792486,0.8027742023326956
0.7840616736621524,0.8024745246171571
0.7833111919958716,0.8021778203863407
0.7825632799432185,0.8018840995428816
0.7818179668994095,0.8015933717432308
0.7810752820864186,0.8013056463973105
0.7803352545474224,0.8010209326682297
0.7795979131413386,0.8007392394720563
0.7788632865374584,0.8004605754776469
0.7781314032101716,0.8001849491065338
0.7774022914337873,0.7999123685328665
0.7766759792774484,0.7996428416834095
0.7759524946001413,0.7993763762375938
0.7752318650458008,0.7991129796276228
0.7745141180385106,0.7988526590386303
0.7737992807777996,0.7985954214088916
0.7730873802340339,0.7983412734300855
0.7723784431439052,0.798090221547608
0.771672496006016,0.7978422719609347
0.7709695650765598,0.7975974306240339
0.7702696763651002,0.7973557032458273
0.7695728556304444,0.7971170952906991
0.768879128376615,0.796881611979052
0.7681885198489177,0.7966492582879097
0.7675010550301062,0.7964200389515639
0.7668167586366442,0.7961939584622681
0.7661356551150632,0.7959710210709738
0.7654577686384176,0.7957512307881103
0.7647831231028365,0.7955345913844075
0.7641117421241711,0.7953211063917601
0.7634436490347398,0.7951107791041326
0.7627788668801679,0.794903612578505
0.7621174184163243,0.7946996096358572
0.7614593261063533,0.7944987728621932
0.7608046121178019,0.7943011046096018
0.7601532983198432,0.7941066069973555
0.7595054062805932,0.7939152819130451
0.7588609572645231,0.7937271310137505
0.7582199722299658,0.7935421557272456
0.7575824718267165,0.793360357253238
0.7569484763937254,0.793181736564641
0.7563180059568858,0.7930062944088794
0.7556910802269123,0.7928340313092258
0.7550677185973134,0.7926649475661688
0.7544479401424541,0.7924990432588108
0.7538317636157112,0.792336318246296
0.753219207447718,0.7921767721692663
0.7526102897446997,0.7920204044513458
0.7520050282868989,0.7918672143006523
0.7514034405270893,0.7917172007113352
0.7508055435891782,0.7915703624651396
0.7502113542668968,0.7914266981329945
0.7496208890225777,0.7912862060766265
0.7490341639860191,0.7911488844501962
0.748451194953434,0.7910147312019574
0.7478719973864859,0.7908837440759392
0.7472965864114076,0.7907559206136484
0.7467249768182049,0.7906312581557936
0.7461571830599425,0.7905097538440288
0.7455932192521122,0.7903914046227161
0.745033099172083,0.7902762072407075
0.7444768362586316,0.790164158253144
0.7439244436115524,0.7900552540232728
0.7433759339913474,0.7899494907242798
0.7428313198189935,0.7898468643411392
0.7422906131757878,0.7897473706724775
0.7417538258032689,0.7896510053324524
0.741220969103214,0.7895577637526453
0.7406920541377113,0.7894676411839675
0.7401670916293056,0.7893806326985783
0.7396460919612169,0.7892967331918158
0.7391290651776316,0.7892159373841388
0.7386160209840644,0.7891382398230787
0.7381069687477908,0.7890636348852029
0.7376019174983479,0.7889921167780863
0.7371008759281048,0.7889236795422924
0.7366038523928994,0.7888583170533624
0.7361108549127419,0.7887960230238127
0.7356218911725839,0.7887367910051384
0.7351369685231515,0.7886806143898241
0.7346560939818416,0.7886274864133604
0.7341792742336819,0.7885774001562664
0.7337065156323503,0.7885303485461158
0.7332378242012568,0.7884863243595686
0.7327732056346831,0.7884453202244059
0.7323126652989812,0.7884073286215687
0.7318562082338298,0.7883723418871981
0.7314038391535463,0.7883403522146789
0.7309555624484545,0.7883113516566848
0.7305113821863057,0.7882853321272241
0.7300713021137547,0.7882622854036871
0.729635325657886,0.788242203128893
0.7292034559277925,0.7882250768131367
0.7287756957162036,0.7882108978362353
0.7283520475011626,0.7881996574495733
0.7279325134477519,0.7881913467781458
0.7275170954098652,0.7881859568226002
0.7271057949320258,0.788183478461275
0.7266986132512491,0.7881839024522361
0.7262955512989496,0.7881872194353096
0.7258966097028905,0.7881934199341104
0.7255017887891745,0.7882024943580677
0.7251110885842758,0.7882144330044446
0.7247245088171115,0.7882292260603544
0.7243420489211518,0.7882468636047701
0.7239637080365674,0.7882673356105291
0.7235894850124134,0.7882906319463314
0.7232193784088493,0.7883167423787318
0.722853386499393,0.7883456565741254
0.7224915072732079,0.7883773641007249
0.7221337384374233,0.7884118544305325
0.7217800774194857,0.7884491169413022
0.7214305213695403,0.7884891409184945
0.7210850671628426,0.7885319155572238
0.7207437114021976,0.7885774299641956
0.7204064504204274,0.7886256731596355
0.7200732802828643,0.7886766340792091
0.7197441967898701,0.7887303015759318
0.7194191954793794,0.7887866644220692
0.7190982716294667,0.7888457113110273
0.7187814202609363,0.7889074308592321
0.7184686361399332,0.7889718116079991
0.7181599137805753,0.7890388420253915
0.7178552474476053,0.7891085105080677
0.717554631159061,0.789180805383117
0.7172580586889642,0.7892557149098842
0.7169655235700256,0.7893332272817825
0.7166770190963675,0.7894133306280938
0.7163925383262595,0.7894960130157579
0.7161120740848705,0.7895812624511479
0.7158356189670334,0.7896690668818346
0.7155631653400218,0.7897594141983368
0.7152947053463397,0.7898522922358602
0.7150302309065208,0.7899476887760212
0.7147697337219394,0.7900455915485594
0.7145132052776286,0.7901459882330357
0.7142606368451088,0.790248866460517
0.7140120194852224,0.790354213815247
0.7137673440509766,0.7904620178363038
0.7135266011903909,0.790572266019243
0.7132897813493508,0.7906849458177267
0.7130568747744657,0.7908000446451386
0.7128278715159305,0.7909175498761846
0.7126027614303905,0.7910374488484784
0.7123815341838079,0.791159728864114
0.7121641792543307,0.7912843771912221
0.7119506859351619,0.7914113810655126
0.7117410433374286,0.7915407276918014
0.7115352403930515,0.7916724042455239
0.7113332658576121,0.7918063978742316
0.711135108313219,0.791942695699075
0.7109407561713703,0.7920812848162713
0.7107501976758146,0.7922221522985555
0.7105634209054064,0.7923652851966188
0.7103804137769585,0.7925106705405287
0.7102011640480883,0.7926582953411366
0.710025659320059,0.7928081465914683
0.7098538870406146,0.792960211268099
0.7096858345068076,0.7931144763325145
0.7095214888678196,0.7932709287324547
0.7093608371277746,0.7934295554032437
0.7092038661485424,0.7935903432691025
0.7090505626525341,0.7937532792444478
0.708900913225488,0.7939183502351744
0.708754904319245,0.7940855431399219
0.7086125222545141,0.7942548448513262
0.7084737532236257,0.7944262422572559
0.708338583293275,0.794599722242032
0.7082069984072525,0.7947752716876332
0.708078984389162,0.7949528774748847
0.7079545269451258,0.7951325264846327
0.7078336116664778,0.795314205598902
0.707716224032441,0.7954979017020392
0.7076023494127923,0.79568360168184
0.707491973070512,0.7958712924306615
0.7073850801644194,0.796060960846518
0.7072816557517917,0.7962525938341632
0.7071816847909689,0.7964461783061557
0.7070851521439413,0.7966417011839098
0.7069920425789216,0.7968391493987308
0.7069023407728998,0.7970385098928358
0.7068160313141818,0.7972397696203585
0.7067330987049099,0.7974429155483396
0.7066535273635659,0.7976479346577017
0.7065773016274574,0.7978548139442098
0.7065044057551838,0.7980635404194164
0.7064348239290863,0.7982741011115922
0.7063685402576771,0.7984864830666417
0.7063055387780512,0.7987006733490043
0.7062458034582778,0.7989166590425406
0.7061893181997733,0.7991344272514045
0.7061360668396539,0.7993539651009005
0.706086033153069,0.7995752597383269
0.7060392008555134,0.7997982983338042
0.705995553605121,0.80002306808109
0.7059550750049363,0.8002495561983789
0.705917748605166,0.8004777499290889
0.7058835579054102,0.800707636542634
0.7058524863568723,0.8009392033351821
0.7058245173645469,0.8011724376303999
0.7057996342893882,0.8014073267801839
0.7057778204504557,0.8016438581653771
0.7057590591270385,0.8018820191964733
0.7057433335607588,0.802121797314307
0.7057306269576524,0.8023631799907307
0.7057209224902284,0.8026061547292784
0.7057142032995065,0.8028507090658162
0.7057104524970323,0.80309683056918
0.7057096531668704,0.8033445068417998
0.7057117883675754,0.8035937255203117
0.705716841134141,0.8038444742761571
0.7057247944799259,0.8040967408161688
0.7057356313985581,0.8043505128831449
0.7057493348658168,0.8046057782564104
0.7057658878414912,0.8048625247523669
0.7057852732712174,0.8051207402250282
0.7058074740882927,0.8053804125665467
0.7058324732154672,0.8056415297077253
0.7058602535667128,0.8059040796185187
0.7058907980489701,0.8061680503085228
0.7059240895638725,0.806433429827452
0.7059601110094474,0.8067002062656058
0.7059988452817955,0.8069683677543227
0.706040275276747,0.8072379024664239
0.706084383891496,0.8075087986166455
0.7061311540262121,0.8077810444620593
0.706180568585629,0.8080546283024831
0.7062326104806121,0.8083295384808794
0.7062872626297022,0.8086057633837443
0.7063445079606379,0.808883291441485
0.7064043294118556,0.8091621111287869
0.7064667099339674,0.8094422109649709
0.7065316324912163,0.8097235795143397
0.7065990800629102,0.8100062053865139
0.7066690356448332,0.8102900772367588
0.7067414822506357,0.8105751837663003
0.7068164029132019,0.8108615137226316
0.7068937806859964,0.8111490558998099
0.7069735986443885,0.8114377991387437
0.7070558398869552,0.8117277323274704
0.7071404875367631,0.8120188444014244
0.707227524742628,0.8123111243436962
0.7073169346803545,0.8126045611852828
0.7074087005539534,0.8128991440053274
0.707502805596839,0.8131948619313523
0.7075992330730042,0.8134917041394814
0.7076979662781764,0.8137896598546548
0.7077989885409515,0.8140887183508346
0.7079022832239078,0.8143888689512022
0.7080078337246997,0.8146901010283468
0.7081156234771304,0.8149924040044467
0.7082256359522054,0.8152957673514414
0.708337854659165,0.8156001805911961
0.7084522631464975,0.8159056332956585
0.7085688450029324,0.8162121150870072
0.7086875838584143,0.8165196156377931
0.708808463385057,0.8168281246710724
0.708931467298078,0.8171376319605328
0.7090565793567145,0.817448127330612
0.7091837833651201,0.817759600656609
0.7093130631732423,0.8180720418647881
0.7094444026776814,0.8183854409324759
0.7095777858225314,0.8186997878881512
0.7097131966002015,0.8190150728115289
0.7098506190522201,0.8193312858336353
0.7099900372700203,0.8196484171368791
0.7101314353957076,0.8199664569551136
0.7102747976228097,0.8202853955736942
0.7104201081970087,0.8206052233295285
0.7105673514168565,0.8209259306111204
0.7107165116344711,0.8212475078586087
0.7108675732562181,0.8215699455637984
0.7110205207433732,0.8218932342701871
0.7111753386127694,0.8222173645729853
0.7113320114374265,0.8225423271191307
0.7114905238471649,0.8228681126072966
0.7116508605292027,0.8231947117878959
0.7118130062287362,0.8235221154630784
0.7119769457495061,0.8238503144867229
0.7121426639543457,0.8241792997644247
0.7123101457657152,0.8245090622534776
0.7124793761662197,0.8248395929628503
0.7126503401991123,0.8251708829531581
0.7128230229687821,0.8255029233366304
0.7129974096412266,0.8258357052770722
0.7131734854445104,0.8261692199898214
0.7133512356692088,0.8265034587417017
0.7135306456688365,0.8268384128509707
0.713711700860263,0.8271740736872631
0.7138943867241135,0.8275104326715302
0.7140786888051555,0.8278474812759747
0.7142645927126722,0.8281852110239815
0.7144520841208225,0.8285236134900438
0.714641148768987,0.8288626802996861
0.7148317724621011,0.8292024031293822
0.7150239410709752,0.82954277370647
0.7152176405326021,0.829883783809062
0.715412856850451,0.8302254252659527
0.7156095760947497,0.8305676899565213
0.7158077844027546,0.830910569810632
0.7160074679790074,0.8312540568085302
0.7162086130955809,0.8315981429807344
0.7164112060923126,0.8319428204079269
0.7166152333770263,0.8322880812208389
0.7168206814257425,0.8326339176001338
0.7170275367828776,0.8329803217762871
0.7172357860614311,0.8333272860294626
0.7174454159431629,0.8336748026893864
0.7176564131787586,0.8340228641352176
0.7178687645879852,0.8343714627954162
0.7180824570598352,0.8347205911476077
0.7182974775526612,0.8350702417184459
0.7185138130942994,0.8354204070834726
0.7187314507821841,0.8357710798669743
0.7189503777834513,0.8361222527418367
0.7191705813350328,0.8364739184293972
0.7193920487437412,0.8368260696992941
0.719614767386345,0.8371786993693138
0.7198387247096344,0.8375318003052361
0.7200639082304781,0.8378853654206769
0.7202903055358709,0.8382393876769287
0.7205179042829731,0.8385938600827989
0.7207466921991402,0.8389487756944465
0.7209766570819449,0.8393041276152164
0.7212077867991904,0.8396599089954723
0.7214400692889152,0.8400161130324263
0.7216734925593906,0.8403727329699687
0.721908044689109,0.8407297620984947
0.7221437138267655,0.8410871937547294
0.7223804881912314,0.8414450213215519
0.72261835607152,0.8418032382278169
0.7228573058267455,0.8421618379481753
0.7230973258860736,0.8425208140028935
0.7233384047486664,0.8428801599576701
0.7235805309836193,0.8432398694234527
0.7238236932298912,0.8435999360562524
0.7240678801962283,0.8439603535569566
0.7243130806610811,0.8443211156711422
0.7245592834725151,0.8446822161888855
0.7248064775481144,0.8450436489445725
0.7250546518748807,0.8454054078167071
0.7253037955091242,0.845767486727719
0.7255538975763501,0.8461298796437696
0.7258049472711391,0.8464925805745581
0.7260569338570211,0.8468555835731254
0.7263098466663445,0.8472188827356579
0.7265636751001394,0.8475824722012902
0.7268184086279759,0.8479463461519069
0.7270740367878165,0.8483104988119435
0.727330549185864,0.848674924448187
0.7275879354964044,0.8490396173695752
0.7278461854616441,0.8494045719269957
0.7281052888915436,0.8497697825130839
0.7283652356636451,0.850135243562021
0.7286260157228969,0.8505009495493306
0.7288876190814725,0.8508668949916758
0.7291500358185855,0.8512330744466544
0.7294132560803006,0.8515994825125951
0.7296772700793399,0.8519661138283522
0.7299420680948857,0.8523329630731005
0.7302076404723791,0.8527000249661294
0.7304739776233147,0.853067294266637
0.730741070025032,0.8534347657735237
0.7310089082205025,0.8538024343251857
0.7312774828181139,0.8541702947993077
0.7315467844914505,0.8545383421126564
0.7318168039790702,0.8549065712208729
0.7320875320842787,0.855274977118265
0.7323589596748997,0.8556435548375998
0.7326310776830433,0.8560122994498964
0.7329038771048697,0.8563812060642175
0.7331773490003519,0.8567502698274617
0.7334514844930341,0.8571194859241559
0.733726274769788,0.8574888495762472
0.7340017110805666,0.857858356042895
0.7342777847381549,0.8582280006202632
0.7345544871179188,0.8585977786413127
0.7348318096575511,0.8589676854755934
0.7351097438568154,0.8593377165290369
0.7353882812772875,0.8597078672437487
0.7356674135420951,0.8600781330978015
0.7359471323356551,0.8604485096050275
0.7362274294034088,0.8608189923148123
0.7365082965515556,0.8611895768118875
0.7367897256467841,0.8615602587161244
0.7370717086160026,0.8619310336823285
0.7373542374460661,0.8623018974000326
0.7376373041835036,0.8626728455932922
0.7379209009342423,0.8630438740204793
0.7382050198633314,0.8634149784740783
0.7384896531946634,0.8637861547804809
0.7387747932106948,0.8641573987997822
0.7390604322521651,0.8645287064255763
0.7393465627178147,0.8649000735847537
0.7396331770641017,0.8652714962372977
0.7399202678049169,0.865642970376082
0.740207827511299,0.8660144920266685
0.7404958488111472,0.8663860572471057
0.740784324388934,0.8667576621277276
0.741073246985417,0.8671293027909529
0.7413626093973488,0.8675009753910846
0.7416524044771877,0.8678726761141109
0.7419426251328065,0.8682444011775053
0.7422332643272007,0.8686161468300289
0.7425243150781967,0.8689879093515313
0.7428157704581586,0.869359685052754
0.7431076235936952,0.8697314702751333
0.743399867665366,0.8701032613906039
0.7436924959073872,0.8704750548014031
0.7439855016073363,0.8708468469398759
0.7442788781058581,0.8712186342682807
0.7445726187963686,0.8715904132785951
0.7448667171247597,0.871962180492323
0.7451611665891036,0.872333932460302
0.7454559607393563,0.8727056657625116
0.7457510931770619,0.873077377007882
0.7460465575550566,0.8734490628341036
0.7463423475771718,0.8738207199074373
0.7466384569979383,0.8741923449225251
0.7469348796222901,0.8745639346022022
0.7472316093052681,0.8749354856973088
0.7475286399517239,0.8753069949865036
0.7478259655160242,0.8756784592760771
0.7481235800017547,0.8760498753997666
0.7484214774614248,0.8764212402185713
0.7487196519961723,0.8767925506205677
