fixed_asym,fixed_sym
4.0,4.0
3.996,4.0
3.9920726044,4.0
3.988216756025367,4.000000260715309
3.984434193698531,4.000003816183645
3.980729881376308,4.000016905326929
3.977111448063431,4.0000484139510855
3.973588697804797,4.000109386528587
3.9701732050597074,4.000212623119411
3.9668779808016814,4.000372346815295
3.963717195052307,4.000603927448459
3.960705944581792,4.000923650323587
3.957860057142826,4.001348521360997
3.9551959255912665,4.001896102022006
3.9527303667124825,4.0025843688498925
3.95048050065888,4.003431593544152
3.9484636477206414,4.00445624030039
3.946697239774574,4.005676877769435
3.945198744237889,4.0071121034699795
3.943985598731888,4.008780478866032
3.943075154960624,4.010700473619782
3.942484630550685,4.012890417770701
3.942231067793572,4.0153684607864655
3.9423312983920096,4.018152536590578
3.94280191344328,4.0212603338028545
3.943659238002114,4.0247092705380165
3.944919309657152,4.0285164731987475
3.9465978606319023,4.032698758776212
3.9487103029861457,4.037272620235799
3.951271716548974,4.042254214620877
3.954296839261787,4.047659353554305
3.95780005964996,4.053503495857658
3.961795411176625,4.0598017420427395
3.966296568262025,4.066568830459804
3.9713168437778017,4.073819134912786
3.9768691878482056,4.081566663574276
3.982966187809785,4.089825059052555
3.989620069198303,4.098607599480077
3.996842697646623,4.107927200507731
4.0046455815904665,4.117796418102344
4.013039875690522,4.1282274520563895
4.0220363848895815,4.139232150129053
4.031645569032356,4.150822012746737
4.04187754798358,4.1630081981990115
4.052742107187047,4.175801528273043
4.06424870361444,4.189212494275723
4.076406472058356,4.203251263398245
4.089224231728858,4.2179276853827865
4.102710493117216,4.233251299455294
4.116873465094445,4.249231341492278
4.131721062215681,4.265876751392957
4.147260912204538,4.283196180631223
4.163500363594361,4.3011979999646055
4.180446493505764,4.319890307279931
4.1981061155420285,4.339280935557539
4.21648578778593,4.359377460937913
4.235591820883324,4.380187210876349
4.255430286200398,4.401717272372845
4.276007024042927,4.423974500265851
4.29732765192712,4.446965525579753
4.319397572892807,4.470696763917121
4.342221983850713,4.495174423887789
4.365805883956509,4.520404515567715
4.390154083005114,4.5463928589814255
4.415271209839504,4.573145092602583
4.441161720768905,4.600666681867853
4.467829907991872,4.628962927699893
4.495279908020271,4.658038975035767
4.523515710100677,4.687899821357615
4.552541164630107,4.718550325222821
4.582359991563447,4.749995214791323
4.612975788810216,4.782239096348043
4.644392040618686,4.815286462818771
4.676612125945628,4.849141702278078
4.709639326810227,4.883809106448134
4.743476836630949,4.91929287918753
4.77812776854434,4.955597144969402
4.813595163704953,4.992725957348382
4.849881999565767,5.030683307416064
4.886991198138629,5.069473132244835
4.924925634234407,5.109099323320095
4.963688143682677,5.149565734961007
5.003281531530906,5.190876192730076
5.0437085802232255,5.233034501831965
5.084972057758978,5.276044455502084
5.127074725831375,5.319909843385591
5.170019347946681,5.364634459907576
5.213808697524457,5.410222112635277
5.2584455659794935,5.456676630633298
5.303932770786168,5.504001872812894
5.350273163526063,5.552201736276488
5.397469637919767,5.601280164658695
5.445525137843894,5.6512411564652
5.494442665334444,5.702088773410977
5.544225288577734,5.753827148759395
5.594876149890222,5.806460495663895
5.646398473688659,5.859993115513998
5.6987955744520935,5.914429406287534
5.752070864677368,5.969773870911075
5.806227862829859,6.0260311256306585
5.86127020129131,6.083205908395042
5.917201634306723,6.141303087253784
5.974026045932404,6.200327668772629
6.031747457987355,6.260284806468756
6.090370038010347,6.321179809268596
6.149898107225115,6.3830181499910505
6.210336148516265,6.44580547385908
6.271688814418589,6.509547607042766
6.333960935122647,6.5742505652371
6.397157526499595,6.639920562277893
6.461283798148378,6.706564018799355
6.526345161468575,6.77418757093705
6.592347237762295,6.842798079080083
6.6592958663687245,6.91240263667656
6.727197112835031,6.983008579096501
6.796057277127526,7.054623492556595
6.8658829018871375,7.127255223111322
6.936680780733418,7.200911885715198
7.008457966621472,7.275601873361036
7.081221780256375,7.351333866299352
7.154979818569835,7.428116841344204
7.229739963264013,7.505960081270989
7.305510389427631,7.584873184311892
7.382299574229673,7.664866073754933
7.460116305696164,7.745949007652731
7.538969691575746,7.82813258864737
7.618869168299948,7.911427773917933
7.699824510044253,7.995845885257549
7.781845837896286,8.081398619286992
7.864943629137661,8.168098057812145
7.949128726646249,8.255956678332884
8.034412348425835,8.344987364711177
8.120806097270389,8.435203418006461
8.208321970570388,8.526618567486656
8.29697237026888,8.619246981823387
8.38677011297521,8.713103280480329
8.477728440244602,8.808202545303818
8.569861029032019,8.904560332325225
8.663182002328998,9.00219268378483
8.757705939992439,9.101116140387271
8.853447889774548,9.201347753798972
8.95042337856349,9.30290509939823
9.04864842384452,9.40580628928902
9.148139545391697,9.510069985589883
9.248913777200563,9.615715414009617
9.3509886796725,9.722762377721853
9.454382352061756,9.83123127155095
9.559113445196468,9.941143096482026
9.66520117448538,10.052519474508326
9.772665333222186,10.165382663829496
9.881526306199913,10.279755574414772
9.991805083647977,10.395661783945478
10.10352327550502,10.513125554151651
10.216703126040915,10.632171847558066
10.331367528841822,10.752826344655347
10.447540042172385,10.875115461512342
10.565244904729818,10.999066367846373
10.6845070518048,11.124707005568478
10.805352131864645,11.252066107821246
10.927806523574658,11.38117321852735
11.051897353273976,11.51205871246739
11.177652512922666,11.644753815906226
11.30510067853736,11.779290627787478
11.434271329133152,11.915702141516462
11.565194766189972,12.05402226735238
11.69790213366219,12.194285855431211
11.832425438550716,12.336528719441278
11.968797572057348,12.480787660974155
12.107052331341764,12.62710049457417
12.247224441902,12.775506073510398
12.389349580599935,12.926044316295709
12.533464399353823,13.078756233978137
12.679606549520548,13.233683958230456
12.827814706990884,13.390870770264623
12.978128598021694,13.550361130598413
13.13058902582959,13.712200709702335
13.28523789797134,13.876436419555656
13.442118254536874,14.043116446141086
13.60127429718149,14.212290282908516
13.762751419024564,14.384008765238901
13.92659623544276,14.55832410594026
14.09285661578647,14.735289931808484
14.261581716049,14.914961321286563
14.432822012518663,15.097394843256547
14.60662933644488,15.282648596999502
14.78305690974993,15.470782253359488
14.962159381819076,15.661857097148456
15.143992867402249,15.855936070829811
15.328614985661586,16.053083819519223
15.516084900399706,16.25336673734212
15.706463361504538,16.45685301518816
15.899812747647283,16.663612689903758
16.09619711027093,16.873717694964654
16.295682218907537,17.08724191267123
16.498335607863353,17.304261227910168
16.704226624311566,17.524853583526717
16.913426477833372,17.74909903735272
17.126008291448773,17.977079820936133
17.342047154179287,18.208880400018508
17.561620175185503,18.444587536807617
17.784806539523185,18.68429035409287
18.011687565562216,18.92808040125178
18.242346764113464,19.176051722196227
18.476869899309136,19.4283009253076
18.71534505128289,19.684927255410255
18.95786268069635,19.946032667833006
19.20451569515929,20.211721904608346
19.455399517590934,20.4821025728593
19.710612156570367,20.757285225423487
19.97025427872405,21.03738344376391
20.2344292831987,21.322513923215404
20.50324337826773,21.612796560615212
20.776805660119365,21.90835454436531
21.05522819387436,22.209314446973128
21.338626096880613,22.51580632011614
21.627117624331817,22.827963792274257
21.92082425725608,23.145924168972257
22.219870792919853,23.469828535672473
22.52438543769121,23.799821863355497
22.83449990240499,24.136053116824023
23.150349500270927,24.478675365761788
23.472073247363635,24.827845898576026
23.799813965731214,25.18372633904789
24.133718389156627,25.54648276581078
24.47393727160284,25.916285834671456
24.820625498369584,26.293310903783297
25.17394219998552,26.677738161674718
25.534050868855413,27.069752758128946
25.90111947867706,27.46954493790364
26.275320606637365,27.877310177270477
26.6568315583909,28.293249323345524
27.04583449581776,28.71756873617104
27.442516567550133,29.150480433498267
27.847070042248937,29.592202238208536
28.25969244460302,30.04295792829673
28.680586694013638,30.502977389326723
29.10996124591629,30.972496769252587
29.54803023568033,31.451758635482324
29.995013625013858,31.94101213404232
30.451137350787945,32.440513150680644
30.916633476178568,32.95052447372565
31.391740344008863,33.471315958492845
31.876702732156065,34.00316469300788
32.37177201086854,34.54635516478621
32.87720630181752,35.10117942838083
33.39327063868559,35.667937273378165
33.92023712906995,36.24693639248849
34.45838511745238,36.83849254934145
35.008001348959866,37.442929745558544
35.56938013360988,38.060580386633625
36.14282351070203,38.69178544610863
36.72864141298349,39.33689462748514
37.32715183017858,39.99626652326288
37.93868097143377,40.67026877044401
38.563563426187415,41.359278201786005
39.20214232292882,42.06368099202762
39.85476948526399,42.78387279824995
40.521805584655056,43.52025889346944
41.20362028914707,44.27325429249082
41.900592407339616,45.04328386897574
42.613110026801046,45.83078246260731
43.34157064606052,46.63619497515163
44.0863812992471,47.45997645413523
44.847958672375874,48.30259216277137
45.62672921020844,49.164517634679584
46.42312921253936,50.046238711850854
47.237604918681065,50.94825156421604
48.07061257883724,51.871062689078045
48.92261851096952,52.815188888568585
49.7940991416737,53.78115722318876
50.685541029490864,54.769504939389854
51.59744086898463,55.780779369046684
52.53030547382003,56.815537798571285
53.48465173698151,57.8743473053108
54.46100656616779,58.957784558769944
55.459906792300806,60.06643558409732
56.48189904898476,61.20089548517621
57.527539620649925,62.361768124565835
58.59739425701562,63.549665757449354
59.69203795140767,64.76520861666177
60.81205468036932,66.0090244457951
61.958037101911486,67.28174797731218
63.13058620965962,68.58402035254473
64.33031094007175,69.9164884804092
65.55782772982649,71.27980433164547
66.81376002041242,72.67462416537234
68.09873770689342,74.10160768476115
69.4133965277786,75.56141711865715
70.75837739289402,77.05471622603011
72.13432564613657,78.58216922021296
73.54189025999186,80.1444396099928
74.98172295871785,81.74218895475477
76.4544772671393,83.37607553104841
77.96080748206361,85.04675290815112
79.50136756342233,86.75486843044531
81.07680994236357,88.50106160470948
82.687784243674,90.28596239074749
84.33493592009505,92.1101893941505
86.01890479632026,93.97434796040042
87.74032352072122,95.87902816998675
89.49981592314982,97.82480273471899
91.2979952775074,99.81222479597675
93.13546246815774,101.84182562624844
95.01280405969304,103.9141122359665
96.93059027003991,106.0295648883525
98.88937284741854,108.18863452573602
100.8896828522404,110.39174011160627
102.93202834565166,112.63926589348998
105.01689198709494,114.93155859262086
107.14472854397556,117.2689245272694
109.31596231727352,119.651626677531
111.53098448773864,122.07988170031989
113.79015038813974,124.55385690427788
116.0937767079042,127.07366719527283
118.44213863737914,129.63937200412286
120.83546695985967,132.25097220912946
123.27394510046209,134.90840706692487
125.75770614185684,137.61155116602575
128.28682981781537,140.36021141832543
130.86133949645134,143.15412410453865
133.4811991659477,145.992951990324
136.14631043643718,148.87628153043906
138.85650957254566,151.8036201788192
141.6115645718922,154.77439382290228
144.41117230556532,157.7879443608372
147.2549557372447,160.84352744040456
150.14246123820146,163.94031037853418
153.07315601587808,167.07737028021657
156.04642567410954,170.25369237537095
159.0615719232897,173.46816859184148
162.11781045890382,176.7195963821453
165.21426902682958,180.00667782088775
168.3499856936487,183.32801898889005
171.52390733990305,186.68212965904695
174.73488839376935,190.06742329774647
177.98168982201105,193.482217394348
181.2629783942947,196.92473412973467
184.5773262360309,200.39310139333915
187.92321068381952,203.88535415629906
191.29901445634752,207.3994362065416
194.7030261522143,210.93320224963716
198.1334410846476,214.48442037721543
201.5883624614341,218.05077490261843
205.06580291663263,221.62986956128984
208.56368639877644,225.21923107118465
212.07985041831543,228.8163130462477
215.61204865501855,232.41850025376817
219.1579539239601,236.02311320419224
222.7151614965715,239.62741305978219
226.2811927710696,243.22860684636885
229.85349928438453,246.8238529503716
233.4294670555344,250.41026688127522
237.006421248232,253.98492727787323
240.58163113839657,257.5448821348281
244.1523153701837,261.08715522448
247.71564748216343,264.6087526873679
251.2687616833926,268.10666976362677
254.80875885734457,271.5778976363074
258.3327127700122,275.0194303567367
261.8376764569879,278.42827182131225
265.3206887629707,281.8014427686105
268.77878100596814,285.1359877653906
272.20898373745416,288.4289821500001
275.6083335689353,291.6775389018374
278.973880034766,294.8788154058987
282.3026924606507,298.0300200820315
285.59186680708143,301.1284188493313
288.83853245698765,304.1713413971417
292.0398589171202,307.156187235347
295.1930624031549,310.0804314980643
298.29541227917883,312.94163047644105
301.3442373231104,315.73742685802495
304.33693179069115,318.4655546520813
307.2709612519706,321.1238437822702
310.14386817566646,323.7102243302399
312.95327723841035,326.2227304159285
315.69690033767245,328.6595037026648
318.37254128907125,331.0187965175057
320.97810019080805,333.29897457961613
323.51157744009464,335.49851933186704
325.97107738864725,337.61602987317787
328.35481162658226,339.6502244914394
330.66110188634457,341.59994179910194
332.8883825606087,343.4641414756862
335.03520283039524,345.2419046235495
337.100228401919,346.93243374520625
339.08224285291215,348.53505235234314
340.9801485913263,350.0492042183757
342.79296743139736,351.4744522879545
344.5198407940339,352.81047725823635
346.16002954036,354.05707584798665
347.71291344898253,355.21415877166515
349.177990349162,356.28174843657075
350.554874923526,357.2599763818801
351.84329719527886,358.1490804790104
353.0431007160146,358.9494019131741
354.1542404712389,359.6613819662756
355.1767805215452,360.2855586214349
356.1108913980669,360.82256300941526
356.95684727135205,361.27311571709197
357.7150229131753,361.6380229778368
358.3858904710242,361.91817276331204
358.97001607507684,362.1145307956877
359.46805629743346,362.2281364987172
359.88075448318466,362.26009890544907
360.2089369726016,362.21159253961895
360.4535092333287,362.0838532869733
360.6154519209568,361.87817427193033
360.6958168857648,361.5959017540974
360.6957231427504,361.2384310582452
360.61635282133767,360.80720255039967
360.45894711035817,360.303697671755
360.22480221306324,359.72943504115483
359.9152653260547,359.08596663592675
359.53173065511555,358.37487405990726
359.07563548000354,357.5977649065595
358.5484562793368,356.7562692241713
357.9517049257679,355.85203608923223
357.2869249607096,354.88673029322894
356.5556879569563,353.86202914727255
355.7595899766406,352.7796194081806
354.9002481310804,351.64119432888646
353.97929724821665,350.4484508353363
352.9983866525128,349.2030868313678
351.95917706139386,347.9067986324356
350.86333760154486,346.5612785284683
349.7125429476675,345.16821247560165
348.5084705856148,343.7292779160365
347.252798201183,342.2461417248169
345.9472011952428,340.7204582819116
344.5933503253372,339.15386766761173
343.1929094733589,337.54799397892486
341.74753353844943,335.90444376435204
340.2588664538298,334.2248045741775
338.7285393258865,332.51064362317584
337.15816869348,330.7635065624534
335.54935490513355,328.98491635697906
333.9036806114822,327.1763722652306
332.2227093701188,325.339348917279
330.50798435976606,323.47529548755455
328.76102720052467,321.58563495848523
326.98333687680105,319.6717634711623
325.1763887593961,317.7350497591767
323.341633723143,315.7768346617725
321.48049735641075,313.798430712485
319.5943792587431,311.80112179946576
317.6846524228726,309.7861628937449
315.75266269734266,307.75477984174125
313.7997283259765,305.7081692183995
311.82713956045626,303.6474982374141
309.8361583423116,301.57390471508336
307.828018050668,299.4884970844329
305.80392331216314,297.3923544563425
303.76504986951187,295.2865267245162
301.71254450527675,293.1720347112382
299.6475250174875,291.0498703509688
297.57108024384405,288.92099690894213
295.4842701313337,286.78634923204226
293.3881258481941,284.64683402934287
291.2836499352574,282.5033301798114
289.1718164938169,280.35668906478753
287.0535714072651,278.20773492295774
284.92983259386205,276.05726522565743
282.80149028810064,273.90605107043757
280.6694073482461,271.7548375909411
278.53441958773453,269.6043443812355
276.3973361282232,267.4552659328487
274.258939772192,265.30827208285575
272.1199873930988,263.16400847145513
269.9812103411952,261.0230970075689
267.8433148632076,258.8861363410886
265.7069825341883,256.7537023404752
263.5728706999345,254.62634857450277
261.44161292846627,252.50460679701845
259.3138194691432,250.3889874336631
257.19007771808737,248.27998006957424
255.0709526886613,246.17805393716054
252.95698748583112,244.0836584031045
250.84870378332263,241.9972234538138
248.7466023025504,239.9191601786026
246.65116329237225,237.84986124994097
244.5628470087888,235.78970140016676
242.48209419377216,233.7390378941045
240.40932655246965,231.69821099708673
238.34494722808768,229.66754443791808
236.289341273816,227.64734586636786
234.2428761212063,225.63790730481702
232.20590204446876,223.6395055937254
230.178752620198,221.6524028306209
228.16174518208564,219.67684680234754
226.15518127021767,217.71307141034134
224.1593470745962,215.76129708873307
222.17451387256293,213.82173121510547
220.20093845983595,211.89456851375917
218.23886357490676,209.9799914513658
216.2885183165737,208.07817062491023
214.3501185544194,206.18926514184488
212.42386733206527,204.31342299239918
210.5099552630633,202.4507814140056
208.60856091930856,200.60146724782047
206.719851211878,198.76559728733383
204.8439817642229,196.943278619077
202.98109727765967,195.13460895544947
201.1313318891237,193.3396769596995
199.29480952116563,191.5585625631037
197.47164422418635,189.79133727440103
195.6619405109188,188.03806448154592
193.8657936831804,186.2987997458538
192.0832901509293,184.57359108862005
190.3145077436696,182.86247927029936
188.5595160142615,181.1654980623401
186.81837653519815,179.4826745117723
185.09114318742385,177.8140291986535
183.3778624417707,176.15957648648086
181.6785736331021,174.51932476568163
179.9933092272528,172.8932766902968
178.32209508086464,171.2814294079764
176.66495069421916,169.68377478340636
175.0218894571736,168.1002996152894
173.39291888830962,166.53098584700314
171.77804086740832,164.97581077106076
170.17725186136624,163.43474722749966
168.59054314367083,161.90776379632425
167.01790100755463,160.3948249841296
165.45930697294918,158.89589140503216
163.91473798736112,157.41091995603418
162.3841666207932,155.93986398694756
160.86756125483387,154.48267346500234
159.36488626603932,153.03929513426448
157.87610220373168,151.60967266998645
156.401165962337,150.19374682801293
154.94003094838632,148.79145558936304
153.49264724230244,147.40273430010902
152.05896175509392,146.02751580666958
150.63891838007785,144.6657305866352
149.2324581397506,143.31730687524035
147.83951932792573,141.98217078759657
146.46003764725597,140.66024643679793
145.09394634225583,139.35145604800928
143.74117632793858,138.05572006864526
142.40165631418114,136.77295727474655
141.07531292592773,135.50308487365749
139.76207081934203,134.2460186031079
138.4618527940154,133.00167282679922
137.17457990133735,131.76996062659356
135.9001715491324,130.5507938914021
134.63854560266518,129.34408340286748
133.38961848211446,128.14973891793238
132.1533052566147,126.96766924838495
130.92951973496088,125.79778233746941
129.7181745530719,124.63998533364843
128.51918125830449,123.49418466160165
127.3324503907088,122.36028609054296
126.1578915613138,121.23819479993706
124.9954135275293,120.12781544269404
123.84492426574975,119.02905220591857
122.7063310412421,117.94180886928879
121.57954047539876,116.86598886113762
120.46445861043496,115.80149531230798
119.3609909716072,114.7482311078509
118.26904262702828,113.70609893663449
117.18851824515237,112.67500133892928
116.11932215000132,111.65484075203415
115.06135837420274,110.6455195540053
114.01453070990692,109.64694010554888
112.97874275764966,108.65900479013648
111.95389797322537,107.68161605240094
110.93989971263292,106.71467643486845
109.93665127515617,105.75808861308126
108.94405594463804,104.81175542916391
107.96201702900676,103.87557992388453
106.99043789811036,102.94946536726088
106.02922201991424,102.03331528776
105.07827299511564,101.1270335001384
104.1374945902264,100.23052413196868
103.20679076917484,99.34369164889723
102.28606572347567,98.466440878676
101.37522390101569,97.5986770340103
100.47417003350128,96.74030573426361
99.58280916261336,95.89123302605869
98.70104666491282,95.05136540281326
97.82878827553914,94.2206098232479
96.96594011074352,93.39887372890172
96.11240868929636,92.58606506069124
95.26810095280808,91.78209227454624
94.43292428500074,90.98686435615562
93.60678652996722,90.20029083485507
92.78959600945346,89.4222817966877
91.981261539198,88.65274789666745
91.18169244436235,87.89160037027447
90.3907985740846,87.13875104421068
89.60849031518737,86.39411234644265
88.83467860507102,85.65759731555855
88.06927494382124,84.92911960946444
87.3121914055597,84.20859351344505
86.56334064906558,83.4959339476129
85.82263592769473,82.79105647376902
85.08999109862258,82.09387730169799
84.36532063143586,81.40431329491891
83.6485396160978,80.72228197591357
82.93956377031012,80.04770153085217
82.23830944629495,79.38049081383635
81.54469363701894,78.72056935067884
80.85863398188066,78.06785734223809
80.18004877188248,77.42227566732568
79.50885695430681,76.78374588520428
78.84497813691617,76.15219023769238
78.18833259169614,75.5275316508923
77.53884125815911,74.90969373655719
76.89642574622674,74.29860079311196
76.261008338708,73.69417780634294
75.63251199338943,73.09635044977031
75.0108603447535,72.50504508471718
74.39597770534043,71.92018876008821
73.78778906676862,71.34170921187089
73.18622010042787,70.76953486237156
72.59119715785943,70.20359481919814
72.00264727083639,69.64381887400124
71.42049815115739,69.0901375009845
70.84467819016616,68.54248185519509
70.27511645800928,68.00078377060461
69.71174270264352,67.4649757579905
69.15448734860453,66.93499100262746
68.60328149554746,66.41076336179826
68.05805691657035,65.89222736213306
67.51874605633034,65.37931819678559
66.98528202896263,64.87197172245489
66.45759861581166,64.37012445626034
65.93563026298376,63.87371357247812
65.41931207873002,63.38267689914617
64.90857983066795,62.89695291454526
64.40336994285036,62.416480743562865
63.90361949268907,61.941200153946646
63.40926620774136,61.47105155245402
62.92024846236655,61.00597598090397
62.43650527425967,60.545915112137145
61.957976300869255,60.090811245889995
61.48460183570574,59.64060730458848
61.01632280454697,59.195246829066704
60.55308076154685,58.75467397421565
60.09481788525312,58.31883350456689
59.64147697453985,57.88767078981611
59.193001444460286,57.46113180029096
58.7493353220252,57.03916310236761
58.31042324191185,56.62171185384039
57.87621044210849,56.20872579924831
57.44664275949902,55.80015326516265
57.02166662539243,55.39594315543912
56.60122906100121,54.99604494643835
56.18527767287312,54.60040868221812
55.773760648280096,54.20898496970054
55.36662675056834,53.821724973817545
54.96382531447319,53.4385804126376
54.565306241402304,53.05950355247656
54.17101999469071,52.68444720299558
53.78091759483082,52.31336471228856
53.394950614680646,51.94620996196196
53.01307117465327,51.58293736220919
52.6352319378903,51.22350184688204
52.26138610542228,50.86785886856144
51.89148741131851,50.5159643936296
51.525490117828966,50.167774897345616
51.16334901052069,49.823247358926544
50.80501939341094,49.48233925663579
50.45045708409938,49.145008562880555
50.09961840890143,48.81121373932012
49.75246019798477,48.4809137319865
49.408939780511,48.15406796641913
49.06901497978418,47.83063634281491
48.73264410840825,47.51057923119516
48.399785963454775,47.193857466590636
48.07039982164274,46.88043234424608
47.74444543453193,46.570265614845326
47.42188302373133,46.26331947975816
47.10267327612391,45.95955658631006
46.78677733910914,45.65894002307572
46.47415681586454,45.36143331519747
46.16477376062727,45.067000419729325
45.85859067399714,44.77560572100767
45.55557049826191,44.48721402604933
45.25567661274594,44.20179055997775
44.95887282918326,43.91930096147808
44.66512338711571,43.63971127828172
44.37439294931733,43.36298796268111
44.08664659724548,43.08909786707515
43.80184982651971,42.818008239545996
43.51996854242885,42.549686719467594
43.24096905546725,42.28410133314649
42.96481807690056,42.02122048949533
42.69148271436167,41.76101297573947
42.420930467477575,41.50344795315705
42.153129223527344,41.24849495285287
41.88804725313189,40.99612387156639
41.62565320597591,40.7463049675141
41.36591610656234,40.49900885626658
41.10880534999982,40.25420650666038
40.854290697823394,40.011869236745035
40.60234227384877,39.77196870976525
40.352930560060486,39.53447693017855
40.10602639253419,39.29936623970843
39.86160095739323,39.06660931343315
39.6196257867998,38.83617915591026
39.38007275498085,38.6080490973369
39.14291407428881,38.38219278974599
38.90812229129736,38.15858420323823
38.67567028293232,37.93719762225003
38.4455312526377,37.71800764185736
38.217678726577134,37.50098916411538
37.99208654987053,37.286117394433994
37.76872888286616,37.073367837989124
37.54758019744811,36.86271629616979
37.32861527337914,36.65413886306076
37.111809194678855,36.44761192196082
36.8971373460373,36.24311214193651
36.68457540926377,36.04061647441118
36.47409935977095,35.84010214978937
36.265685463094144,35.64154667411618
36.05931027144561,35.44492782577172
35.85495062030395,35.25022365220033
35.652583625038304,35.057412466674435
35.45218667756737,34.86647284509296
35.25373744305305,34.67738362281401
35.057213856628614,34.490123891521755
34.862594120161226,34.30467299612717
34.66985669904867,34.121010531702616
34.47898031905016,33.939116340449985
34.28994396315098,33.758970508702106
34.1027268684609,33.580553363957385
33.91730852314601,33.4038454719473
33.733668663394006,33.22882763373664
33.551787270412504,33.055480882856195
33.371644567460336,32.88378648246766
33.193221016911586,32.71372592256063
33.0164973173521,32.54528091718122
32.84145440070828,32.37843340169242
32.66807342940803,32.21316553006549
32.496335793573444,32.0494596722026
32.32622310824517,31.88729841129013
32.15771721063818,31.726664541182537
31.990800157428595,31.567541063816524
31.82545422207151,31.4099111866552
31.66166189214944,31.253758320162017
31.49940586675117,31.0990660753042
31.338669053880828,30.94581826108545
31.179434567896788,30.793998882107584
31.021685726980344,30.643592136160937
30.865406050633727,30.49458241184319
30.710579257207307,30.346954286206394
30.5571892614557,30.200692522431925
30.405220172122515,30.05578206753309
30.254656289553477,29.91220805008514
30.10548210333769,29.769955777982386
29.957682289976784,29.629010736222206
29.811241710581623,29.48935858471562
29.66614540859641,29.350985156124228
29.52237860754981,29.213876453723177
29.37992670883297,29.07801864928996
29.238775289504048,28.94339808101873
29.09891010011905,28.81000125145991
28.960317062588704,28.677814825484784
28.822982268061143,28.54682562827488
28.68689197483006,28.417020643335796
28.552032606268117,28.28838701053528
28.418390748785377,28.160912024165285
28.2859531498125,28.034583131027716
28.15470671580833,27.909387928543655
28.024638510291805,27.78531416288577
27.89573575189774,27.662349727133673
27.76798581245641,27.540482659451992
27.64137621509653,27.419701141290858
27.51589463237146,27.2999934956086
27.391528884408373,27.18134818511639
27.268266937080107,27.063753810544593
27.14609690019948,26.947199108930544
27.02500702573582,26.831672951927562
26.904985706053445,26.717164344134936
26.786021472171857,26.60366242144862
26.668102992047423,26.491156449432445
26.55121906887628,26.37963582170956
26.43535863941822,26.26909005837393
26.32051077234135,26.15950880442159
26.206664666587265,26.050881828201483
26.093809649756466,25.9431990198856
25.981935176513907,25.836450389958255
25.871030827014277,25.73062606772422
25.761086305346893,25.625716299835513
25.65209143800001,25.521711448836626
25.544036172344185,25.418601991727964
25.436910575134583,25.316378518547296
25.330704831032023,25.215031730968953
25.22540924114239,25.11455244092064
25.12101422157438,25.01493156921757
25.01751030201525,24.916160144213766
24.914888124324385,24.818229300470296
24.81313844114448,24.721130277440245
24.7122521145301,24.624854418170223
24.612220114593462,24.529393168018203
24.51303351816717,24.434738073387493
24.4146835074837,24.340880780476635
24.31716136887156,24.247813034045063
24.220458491467667,24.155526676194278
24.124566365946063,24.06401364516441
24.02947658326248,23.97326597414594
23.93518083341475,23.88327579010636
23.8416709042188,23.79403531263171
23.74893868010001,23.705536852782636
23.656976140899843,23.617772811964944
23.565775360697423,23.53073568081437
23.47532850664602,23.444418038095442
23.385627837824124,23.358812549614218
23.29666570410106,23.27391196714477
23.20843454501684,23.189709127369213
23.12092688867615,23.106196950831116
23.034135350656317,23.023368440902132
22.94805263292896,22.941216682761674
22.86267152279533,22.85973484238948
22.77798489183503,22.778916165570894
22.69398569486796,22.698753976914738
22.61066696892945,22.619241678883547
22.52802183225823,22.540372750836095
22.446043483297217,22.462140748081993
22.364725199706907,22.384539300948227
22.2840603373912,22.3075621138575
22.204042329535508,22.23120296441821
22.124664685657056,22.155455702525916
22.04592099066709,22.08031424947617
21.96780490394499,22.005772597088534
21.890310158424008,21.931824806841664
21.813430559688584,21.85846500901933
21.73715998508304,21.7856874018672
21.66149238283151,21.71348625076029
21.586421771169,21.641855887380906
21.511942237483368,21.570790708906973
21.43804793746818,21.500285177210603
21.364733094286212,21.43033381806679
21.291991997743533,21.360931220372063
21.21981900347397,21.292072035373042
21.1482085321339,21.223750975904675
21.07715506860716,21.155962815638116
21.00665316122,21.088702388338074
20.93669742096594,21.021964587129542
20.867282520740368,20.955744363773746
20.79840319458481,20.890036727953245
20.730054236940727,20.82483674656602
20.66223050191269,20.760139543028473
20.594926902540852,20.695940296587192
20.5281384100826,20.632234241639406
20.461860053303187,20.56901666706197
20.39608691777541,20.506282915548827
20.330814145187983,20.44402838295678
20.266036932662693,20.38224851765953
20.201750532080126,20.320938819909802
20.137950249413866,20.260094841209536
20.07463144407308,20.19971218368797
20.011789528253367,20.139786499487567
19.949419966295785,20.08031349015762
19.88751827405389,20.02128890605554
19.8260800182688,19.9627085457556
19.76510081595203,19.904568255465165
19.704576333776156,19.846863928448215
19.64450228747306,19.789591504456116
19.584874441239812,19.73274696916555
19.52568860715193,19.67632635362348
19.46694064458406,19.62032573369909
19.40862645963788,19.564741229542598
19.350742004577224,19.50956900505085
19.293283277270262,19.454805267339626
19.236246320638696,19.400446266222552
19.179627222113808,19.346488293696535
19.123422113099405,19.292927683433657
19.067627168441412,19.239760810279435
19.012238605904177,19.18698408975735
18.957252685653263,19.134593977579577
18.902665709744795,19.082586969163863
18.848474021621115,19.03095959915642
18.79467400561281,18.97970844096081
18.741262086446948,18.928830106272695
18.68823472876144,18.878321244620434
18.6355884366255,18.8281785429114
18.58331975306612,18.778398724983965
18.53142525960038,18.72897855116511
18.479901575773702,18.679914817833513
18.428745358703797,18.631204356988146
18.377953302630317,18.582844035822212
18.32752213847017,18.53483075630242
18.277448633378345,18.487161454753508
18.2277295903142,18.43983310144795
18.17836184761321,18.392842700200763
18.12934227856401,18.346187287969393
18.080667790990727,18.299863934458564
18.032335326840524,18.253869741730064
17.98434186177626,18.20820184381738
17.936684404774248,18.16285740634515
17.88935999772699,18.117833626153327
17.8423657150509,18.07312773092606
17.79569866329885,18.02873697882515
17.749355980777597,17.9846586581281
17.70333483716993,17.94089008687065
17.657632433161513,17.89742861249376
17.612246000072393,17.85427161149498
17.567172799493058,17.811416489084174
17.522410122925034,17.76886067884348
17.47795529142595,17.726601642391547
17.433805655258983,17.684636869051886
17.38995859354668,17.642963875525393
17.34641151392907,17.6015802055669
17.30316185222601,17.56048342966576
17.26020707210374,17.51967114473038
17.21754466474552,17.47914097377669
17.17517214852643,17.438890565620454
17.13308706869212,17.398917594573405
17.091286997041607,17.35921976014315
17.04976953161395,17.319794786736804
17.00853229637883,17.28064042336826
16.967572940930967,17.241754443369143
16.92688914018829,17.20313464410328
16.88647859409388,17.164778846684765
16.84633902732157,17.126684895699476
16.806468188985193,17.088850658930053
16.766863852351438,17.05127402708428
16.727523814556246,17.013952913526825
16.688445896324698,16.976885254014306
16.64962794169439,16.94006900643362
16.61106781774221,16.903502150543527
16.57276341431448,16.86718268771941
16.534712643760454,16.831108640701196
16.49691344066908,16.7952780533444
16.459363761609033,16.759688990374247
16.422061584871937,16.724339537142807
16.38500491021876,16.689227799389165
16.348191758629344,16.654351903002528
16.31162017205501,16.61970999378826
16.275288213174225,16.585300237236815
16.239193965151266,16.55112081829552
16.20333553139787,16.517169941143155
16.167711035337806,16.48344582896735
16.13231862017437,16.449946723744702
16.097156448660712,16.416670886023596
16.062222702873004,16.383616594709732
16.02751558398641,16.350782146854282
15.993033312053791,16.318165857444658
15.958774125787151,16.28576605919785
15.924736282341756,16.25358110235634
15.890918057102908,16.221609354486485
15.857317743475358,16.189849200279436
15.823933652675285,16.15829904135446
15.79076411352484,16.126957296064727
15.757807472249208,16.09582239930545
15.725062092276184,16.064892802324422
15.692526354038169,16.03416697253485
15.660198654776634,16.003643393330535
15.628077408348975,15.973320563903272
15.596161045037723,15.943196999062554
15.564448011362106,15.913271229057456
15.532936769891917,15.883541799400716
15.501625799063676,15.85400727069499
15.470513592999035,15.824666218461237
15.439598661325403,15.795517232969216
15.408879528998794,15.766558919070059
15.378354736128804,15.737789896030915
15.34802283780578,15.709208797371613
15.31788240393007,15.680814270703344
15.287932019043376,15.65260497756932
15.258170282162173,15.62457959328738
15.228595806613164,15.596736806794555
15.19920721987075,15.569075320493507
15.170003163396489,15.541593850100888
15.14098229248051,15.514291124497541
15.112143276084884,15.487165885580543
15.08348479668889,15.460216888117065
15.055005550136183,15.433442899600033
15.026704245483842,15.406842700105546
14.998579604853225,15.380415082152057
14.97063036328269,15.354158850561275
14.942855268582088,15.328072822320774
14.91525308118904,15.302155826448292
14.887822574026966,15.276406703857687
14.860562532364856,15.250824307226539
14.833471753678737,15.225407500865384
14.806549047514846,15.200155160588539
14.779793235354465,15.175066173586517
14.7532031504804,15.150139438300013
14.7267776378451,15.125373864295414
14.700515553940372,15.100768372141859
14.674415766668687,15.076321893289792
14.648477155216067,15.052033369951005
14.622698609926498,15.02790175498015
14.597079032177897,15.003926011757708
14.571617334259562,14.980105114074389
14.546312439251157,14.956438046016945
14.521163280903112,14.932923801855386
14.49616880351854,14.909561385931575
14.471327961836543,14.886349812549186
14.446639720916966,14.863288105865017
14.422103056026536,14.840375299781627
14.397716952526403,14.817610437841285
14.373480405761038,14.794992573121228
14.34939242094848,14.772520768130187
14.32545201307192,14.7501940947062
14.301658206772611,14.728011633915655
14.278010036244064,14.705972475953574
14.25450654512754,14.684075720045135
14.231146786408814,14.66232047434837
14.20792982231618,14.640705855858082
14.184854724219708,14.619230990310918
14.16192057253171,14.597895012091612
14.139126456608434,14.576697064140378
14.116471474652936,14.555636297861424
14.093954733619125,14.534711873032606
14.07157534911699,14.513922957716165
14.049332445318974,14.493268728170571
14.02722515486746,14.472748368763444
14.005252618783407,14.452361071885532
13.983413986376084,14.432106037865749
13.961708415153884,14.411982474887255
13.940135070736249,14.391989598904551
13.918693126766629,14.372126633561603
13.897381764826513,14.352392810110956
13.876200174350512,14.332787367333843
13.855147552542446,14.313309551461272
13.83422310429245,14.293958616096074
13.813426042095108,14.274733822135909
13.792755585968552,14.255634437697218
13.772210963374556,14.23665973804009
13.75179140913958,14.21780900549407
13.731496165376786,14.199081529384856
13.711324481408989,14.1804766059619
13.69127561369254,14.161993538326902
13.671348825742138,14.143631636363168
13.651543388056526,14.125390216665837
13.63185857804512,14.107268602472965
13.612293679955492,14.08926612359745
13.59284798480176,14.071382116359787
13.573520790293813,14.053615923521653
13.554311400767412,14.035966894220296
13.535219127115129,14.018434383903744
13.516243286718108,14.001017754266783
13.49738320337868,13.983716373187747
13.478638207253756,13.966529614666053
13.460007634789044,13.949456858760529
13.441490828654066,13.93249749152848
13.42308713767793,13.915650904965503
13.404795916785911,13.898916496946047
13.38661652693678,13.882293671164692
13.36854833506088,13.865781837078158
13.35059071399898,13.849380409848017
13.332743042441818,13.833088810284108
13.315004704870423,13.816906464788655
13.297375091497132,13.800832805301058
13.2798535982073,13.78486726924337
13.262439626501756,13.769009299466443
13.245132583439917,13.753258344196736
13.2279318815836,13.737613856983762
13.210836938941508,13.722075296648205
13.193847178914396,13.706642127230653
13.176962030240874,13.691313817940976
13.160180926943893,13.676089843108315
13.143503308277838,13.660969682131695
13.126928618676306,13.645952819431239
13.110456307700462,13.631038744399987
13.094085829988057,13.616226951356307
13.07781664520303,13.60151693949689
13.06164821798575,13.586908212850323
13.045580017903816,13.572400280231244
13.029611519403478,13.557992655195049
13.013742201761644,13.543684855993163
12.997971549038446,13.529476405528868
12.982299050030388,13.515366831313669
12.96672419822406,13.501355665424203
12.951246491750398,13.487442444459681
12.935865433339512,13.47362670949985
12.920580530276045,13.459908006063486
12.905391294355054,13.446285884067386
12.890297241838471,13.432759897785887
12.87529789341204,13.419329605810866
12.860392774142774,13.40599457101225
12.845581413436966,13.392754360499017
12.83086334499866,13.379608545580664
12.816238106788646,13.366556701729177
12.80170524098394,13.353598408541455
12.787264293937758,13.340733249702213
12.772914816139965,13.327960812947339
12.758656362177996,13.315280690027715
12.744488490698272,13.302692476673482
12.730410764368044,13.290195772558755
12.716422749837724,13.277790181266782
12.702524017703665,13.265475310255527
12.688714142471376,13.253250770823692
12.674992702519198,13.24111617807717
12.661359280062404,13.229071150895907
12.647813461117732,13.21711531190118
12.634354835468368,13.2052482874233
12.620982996629309,13.193469707469704
12.607697541813188,13.18177920569346
12.59449807189648,13.170176419362157
12.581384191386134,13.15866098932721
12.568355508386585,13.14723255999352
12.5554116345672,13.13589077928955
12.542552185130084,13.124635298637754
12.529776778778288,13.1134657729254
12.5170850376844,13.102381860475747
12.50447658745952,13.091383223019601
12.491951057122604,13.08046952566723
12.47950807907017,13.069640436880626
12.467147289046396,13.058895628446141
12.454868326113557,13.048234775447455
12.442670832622824,13.037657556238894
12.430554454185431,13.0271636524191
12.418518839644165,13.016752748805024
12.406563641045226,13.006424533406268
12.39468851361042,12.996178697399744
12.382893115709685,12.986014935104672
12.371177108833956,12.975932943957892
12.35954015756835,12.9659324244895
12.347981929565702,12.956013080298804
12.336502095520382,12.946174618030586
12.325100329142476,12.93641674735167
12.31377630713224,12.926739180927811
12.302529709154902,12.917141634400874
12.291360217815736,12.907623826366311
12.280267518635474,12.898185478350946
12.26925130002599,12.88882631479104
12.2583112532663,12.879546063010647
12.247447072478844,12.870344453200271
12.236658454606069,12.861221218395787
12.225945099387282,12.85217609445765
12.215306709335808,12.843208820050389
12.204742989716411,12.83431913662236
12.194253648523013,12.825506788385784
12.183838396456643,12.816771522297048
12.173496946903724,12.808113088037269
12.163229015914563,12.799531237993127
12.153034322182148,12.791025727237953
12.142912587021188,12.782596313513075
12.132863534347422,12.774242757209425
12.122886890657172,12.765964821349385
12.112982385007165,12.7577622715689
12.103149748994586,12.74963487609982
12.093388716737405,12.741582405752501
12.083699024854912,12.733604633898635
12.074080412448543,12.725701336454332
12.064532621082895,12.717872291863431
12.055055394767011,12.710117281081045
12.045648479935892,12.702436087557341
12.036311625432228,12.694828497221554
12.02704458248838,12.687294298466218
12.017847104708574,12.679833282131632
12.008718948051312,12.672445241490541
11.99965987081203,12.665129972233048
11.99066963360595,12.657887272451735
11.981747999351166,12.650716942627003
11.972894733251929,12.643618785612633
11.964109602782164,12.636592606621546
11.95539237766918,12.629638213211791
11.946742829877596,12.622755415272726
11.938160733593469,12.61594402501141
11.929645865208624,12.609203856939208
11.921198003305204,12.60253472785858
11.912816928640384,12.595936456850094
11.904502424131309,12.589408865259614
11.896254274840224,12.582951776685704
11.88807226795979,12.576565016967217
11.87995619279859,12.57024841417108
11.871905840766829,12.56400179858027
11.863921005362222,12.557825002681977
11.856001482156062,12.551717861155964
11.84814706877947,12.545680210863107
11.84035756490984,12.539711890834115
11.832632772257435,12.53381274225844
11.824972494552208,12.527982608473378
11.817376537530732,12.522221334953322
11.809844708923372,12.516528769299226
11.802376818441584,12.510904761228222
11.7949726777654,12.505349162563423
11.787632100531091,12.499861827223903
11.780354902318972,12.49444261121484
11.773140900641398,12.489091372617837
11.765989914930907,12.48380797158141
11.758901766528547,12.478592270311646
11.75187627867232,12.47344413306303
11.74491327648584,12.46836342612943
11.738012586967113,12.463350017835257
11.731174038977471,12.458403778526778
11.724397463230696,12.453524580563597
11.717682692282246,12.4487122983103
11.711029560518678,12.443966808128245
11.704437904147197,12.439287988367532
11.69790756118535,12.43467571935911
11.691438371450896,12.430129883407046
11.685030176551784,12.425650364780962
11.678682819876308,12.421237049708601
11.67239614658338,12.416889826368571
11.666170003592963,12.41260858488322
11.660004239576647,12.408393217311675
11.65389870494834,12.404243617643024
11.64785325185512,12.40015968178965
11.64186773416822,12.396141307580708
11.635942007474144,12.392188394755756
11.63007592906592,12.388300844958524
11.624269357934484,12.384478561730827
11.618522154760203,12.38072145050663
11.61283418190452,12.377029418606256
11.607205303401738,12.373402375230718
11.60163538495092,12.369840231456218
11.596124293907938,12.366342900228767
11.590671899277623,12.362910296358958
11.585278071706073,12.359542336516862
11.579942683473032,12.356238939227078
11.574665608484468,12.35300002486391
11.569446722265203,12.349825515646687
11.564285901951717,12.346715335635214
11.55918302628502,12.343669410725354
11.554137975603709,12.340687668644762
11.54915063183708,12.33777003894873
11.544220878498413,12.33491645301618
11.539348600678313,12.33212684404579
11.53453368503824,12.329401147052234
11.529776019804093,12.326739298862579
11.525075494759932,12.324141238112794
11.520432001241824,12.321606905244396
11.515845432131782,12.319136242501221
11.511315681851825,12.316729193926335
11.506842646358152,12.314385705359058
11.502426223135428,12.31210572443213
11.498066311191158,12.309889200568993
11.4937628110502,12.307736084981206
11.489515624749377,12.305646330665994
11.48532465583217,12.3036198924039
11.481189809343563,12.301656726756589
11.477110991824958,12.299756792064766
11.47308811130921,12.297920048446212
11.469121077315762,12.296146457793958
11.465209800845892,12.294435983774571
11.461354194378051,12.292788591826573
11.457554171863311,12.291204249158982
11.453809648720917,12.289682924749968
11.450120541833927,12.288224589345644
11.446486769544986,12.286829215458969
11.44290825165215,12.285496777368781
11.439384909404856,12.284227251118953
11.435916665499958,12.283020614517657
11.43250344407789,12.281876847136768
11.429145170718902,12.280795930311381
11.425841772439409,12.279777847139446
11.422593177688428,12.278822582481528
11.419399316344116,12.277930122960692
11.416260119710415,12.2771004569625
11.413175520513766,12.276333574635139
11.410145452899936,12.275629467889651
11.407169852430943,12.274988130400311
11.404248656082066,12.274409557605106
11.401381802238951,12.273893746706332
11.39856923069482,12.273440696671326
11.395810882647742,12.273050408233308
11.393106700698045,12.272722883892346
11.390456628845778,12.272458127916439
11.387860612488286,12.272256146342723
11.385318598417872,12.272116946978798
11.38283053481955,12.272040539404172
11.380396371268883,12.272026934971821
11.37801605872992,12.272076146809887
11.375689549553227,12.272188189823474
11.373416797473988,12.27236308069658
11.37119775761022,12.272600837894142
11.369032386461054,12.272901481664206
11.366920641905134,12.273265034040216
11.364862483199072,12.273691518843423
11.362857870976011,12.274180961685415
11.360906767244282,12.274733389970775
11.359009135386122,12.27534883289985
11.357164940156514,12.276027321471647
11.35537414768209,12.276768888486854
11.353636725460133,12.27757356855098
11.351952642357658,12.278441398077614
11.350321868610587,12.279372415291812
11.34874437582302,12.280366660233605
11.34722013696656,12.281424174761636
11.345749126379763,12.282545002556903
11.344331319767658,12.28372918912665
11.34296669420134,12.284976781808364
11.341655228117675,12.286287829773904
11.34039690131908,12.287662384033757
11.339191694973374,12.28910049744141
11.338039591613745,12.290602224697862
11.336940575138774,12.292167622356244
11.335894630812568,12.293796748826585
11.33490174526496,12.295489664380694
11.333961906491814,12.297246431157168
11.333075103855387,12.299067113166533
11.332241328084816,12.300951776296511
11.331460571276656,12.30290048831742
11.33073282689552,12.304913318887696
11.330058089774806,12.306990339559553
11.329436356117496,12.309131623784765
11.328867623497064,12.311337246920589
11.32835189085844,12.313607286235813
11.327889158519096,12.315941820916938
11.327479428170182,12.318340932074491
11.327122702877766,12.320804702749475
11.326818987084163,12.323333217919952
11.326568286609346,12.325926564507762
11.326370608652436,12.328584831385372
11.32622596179329,12.331308109382869
11.326134355994167,12.334096491295085
11.326095802601486,12.336950071888863
11.326110314347668,12.339868947910455
11.32617790535306,12.342853218093067
11.326298591127966,12.345902983164539
11.32647238857473,12.349018345855168
11.326699315989943,12.352199410905671
11.326979393066718,12.355446285075296
11.327312640897048,12.358759077150063
11.327699081974265,12.362137897951165
11.328138740195593,12.3655828603435
11.328631640864756,12.369094079244363
11.329177810694723,12.37267167163227
11.329777277810496,12.376315756555945
11.33043007175201,12.380026455143437
11.331136223477134,12.383803890611407
11.331895765364733,12.387648188274552
11.332708731217831,12.391559475555182
11.333575156266894,12.395537881992956
11.334495077173138,12.399583539254767
11.335468532031994,12.403696581144782
11.336495560376637,12.407877143614641
11.337576203181587,12.412125364773805
11.338710502866446,12.416441384900073
11.339898503299686,12.420825346450252
11.341140249802551,12.425277394070983
11.342435789153049,12.429797674609743
11.343785169590031,12.43438633712599
11.345188440817385,12.43904353290249
11.346645654008276,12.4437694154568
11.348156861809548,12.448564140552916
11.34972211834616,12.453427866213097
11.35134147922576,12.458360752729849
11.35301500154332,12.463362962678083
11.354742743885904,12.468434660927448
11.356524766337504,12.473576014654832
11.358361130483988,12.47878719335704
11.360251899418133,12.484068368863648
11.36219713774478,12.489419715350035
11.364196911586058,12.494841409350588
11.366251288586732,12.500333629772099
11.368360337919643,12.505896557907327
11.370524130291235,12.511530377448763
11.372742737947217,12.51723527450256
11.375016234678272,12.523011437602673
11.377344695825938,12.528859057725153
11.379728198288532,12.53477832830267
11.382166820527209,12.540769445239196
11.384660642572111,12.546832606924898
11.38720974602864,12.552968014251217
11.389814214083808,12.55917587062615
11.392474131512715,12.565456381989726
11.395189584685138,12.571809756829682
11.397960661572196,12.578236206197339
11.40078745175316,12.58473594372369
11.403670046422356,12.591309185635678
11.406608538396164,12.597956150772701
11.409603022120164,12.604677060603304
11.412653593676346,12.611472139242101
11.415760350790476,12.6183416134669
11.418923392839542,12.625285712736042
11.42214282085934,12.632304669205968
11.425418737552144,12.639398717748985
11.428751247294525,12.646568095971277
11.432140456145262,12.653813044231118
11.435586471853378,12.661133805657323
11.439089403866292,12.668530626167927
11.442649363338091,12.67600375448908
11.446266463137924,12.683553442174194
11.44994081785851,12.691179943623302
11.453672543824773,12.698883516102674
11.457461759102598,12.706664419764657
11.46130858350771,12.714522917667763
11.465213138614676,12.722459275797
11.46917554776603,12.730473763084444
11.473195936081533,12.738566651430064
11.477274430467553,12.7467382157228
11.481411159626566,12.754988733861884
11.485606254066813,12.763318486778429
11.489859846112054,12.771727758457269
11.494172069911476,12.780216835959056
11.49854306144972,12.788786009442637
11.50297295855706,12.797435572187675
11.5074619009197,12.806165820617558
11.5120100300902,12.81497705432257
11.516617489498072,12.823869576083336
11.521284424460475,12.83284369189455
11.526010982193084,12.841899710988978
11.530797311821068,12.85103794586175
11.535643564390236,12.860258712294929
11.540549892878314,12.869562329382378
11.545516452206366,12.878949119554912
11.550543399250364,12.888419408605754
11.555630892852909,12.897973525716278
11.560779093835082,12.907611803482064
11.565988165008475,12.91733457793925
11.571258271187348,12.927142188591198
11.57658957920094,12.937034978435458
11.581982257905958,12.94701329399107
11.587436478199187,12.95707748532616
11.592952413030291,12.967227906085869
11.598530237414732,12.97746491352061
11.60417012844689,12.987788868514638
11.609872265313328,12.998200135614972
11.6156368293062,13.008699083060634
11.621464003836865,13.019286082812236
11.627353974449612,13.029961510581915
11.633306928835616,13.040725745863595
11.639323056847012,13.051579171963624
11.64540255051116,13.062522176031747
11.651545604045085,13.073555149092439
11.657752413870076,13.084678486076609
11.664023178626488,13.09589258585366
11.670358099188697,13.107197851263926
11.676757378680229,13.118594689151477
11.68322122248911,13.130083510397302
11.689749838283348,13.141664729952884
11.696343436026634,13.153338766874146
11.70300222799422,13.165106044355802
11.709726428788976,13.176966989766091
11.71651625535766,13.188922034681925
11.723371927007348,13.20097161492442
11.73029366542209,13.213116170594862
11.737281694679744,13.225356146111062
11.744336241269009,13.237691990244146
11.75145753410666,13.250124156155755
11.758645804554996,13.262653101435678
11.765901286439476,13.275279288139922
11.773224216066565,13.288003182829213
11.780614832241795,13.300825256607936
11.788073376288049,13.313745985163528
11.795600092064,13.326765848806325
11.80319522598286,13.339885332509857
11.81085902703126,13.353104925951616
11.818591746788393,13.366425123554283
11.82639363944537,13.379846424527434
11.834264961824806,13.393369332909726
11.84220597340061,13.40699435761156
11.85021693631804,13.420722012458238
11.858298115413968,13.434552816233618
11.866449778237364,13.448487292724263
11.874672195070062,13.462525970764107
11.882965638947711,13.476669384279624
11.89133038568102,13.490918072335521
11.899766713877204,13.505272579180952
11.908274904961695,13.51973345429627
11.916855243200123,13.534301252440308
11.9255080157205,13.548976533698209
11.93423351253571,13.563759863529802
11.943032026566232,13.578651812818533
11.951903853663122,13.59365295792097
11.960849292631266,13.608763880716856
11.9698686452529,13.62398516865976
11.978962216311396,13.639317414828293
11.988130313615322,13.654761217977931
11.997373248022775,13.670317182593415
12.006691333466009,13.685985918941768
12.016084886976302,13.70176804312592
12.02555422870917,13.717664177138948
12.035099681969818,13.73367494891894
12.044721573238904,13.7498009924045
12.054420232198588,13.766042947590881
12.0641959917589,13.782401460586772
12.07404918808438,13.798877183671745
12.083980160621042,13.815470775354356
12.09398925212365,13.832182900430917
12.104076808683285,13.849014230044958
12.114243179755237,13.865965441747361
12.124488718187232,13.883037219557204
12.134813780247962,13.900230254023294
12.14521872565594,13.91754524228642
12.1557039176087,13.934982888142333
12.16626972281232,13.952543902105436
12.176916511511282,13.970229001473234
12.187644657518678,13.988038910391507
12.198454538246764,14.005974359920263
12.209346534737854,14.024036088100434
12.220321031695573,14.042224840021362
12.231378417516469,14.060541367889057
12.242519084321982,14.078986431095256
12.25374342799079,14.097560796287274
12.265051848191504,14.116265237438675
12.27644474841576,14.135100535920765
12.287922536011674,14.154067480574907
12.299485622217691,14.173166867785687
12.31113442219682,14.192399501554927
12.322869355071248,14.211766193576564
12.334690843957368,14.231267763312388
12.346599316001203,14.250905038068685
12.358595202414245,14.270678853073754
12.370678938509664,14.290590051556332
12.38285096373901,14.310639484824948
12.395111721729256,14.330828012348181
12.407461660320315,14.351156501835877
12.419901231602978,14.371625829321296
12.43243089195728,14.392236879244233
12.445051102091313,14.41299054453511
12.457762327080491,14.433887726700036
