evolving_asym,evolving_sym
0.0,0.0
0.01639792,0.01639792
0.1062692898521441,0.10628568508322632
0.194191096080992,0.19423968183608267
0.2785475239778017,0.27864351288786793
0.3592647467738243,0.3594227866418487
0.4365275629751017,0.4367617535388419
0.5105633458598391,0.5108872546505371
0.5815915365883858,0.5820182140382077
0.6498117049528267,0.6503536988642915
0.7154022816486663,0.7160716511107604
0.7785223159019155,0.7793306447180629
0.839313908460783,0.8402723181401951
0.8979045760312566,0.8990237383853464
0.9544093339672995,0.9556994833455299
1.0089324649874376,1.0104034101813875
1.061569000737738,1.063230136577814
1.112405958219291,1.1142662768850473
1.1615233727928789,1.1635914748551077
1.2089951642799632,1.211279269490423
1.254889866561376,1.2573978244041337
1.2992712454265956,1.3020105454433633
1.3421988246417442,1.3451766065422577
1.383728336302376,1.386951399869718
1.4239121084103306,1.4273869232101342
1.4627994001271316,1.4665321150287554
1.5004366931826696,1.5044331456997135
1.5368679463497594,1.5411336718066584
1.5721348186456925,1.5766750591765721
1.606276865922454,1.6110965793079512
1.639331714704192,1.6444355830515127
1.671335216482079,1.6767276547531915
1.702321585150527,1.7080067495430529
1.732323519839574,1.7383053160246362
1.7613723150465266,1.7676544062675505
1.789497959680239,1.7960837747164629
1.8167292263916752,1.8236219673899017
1.8430937523650603,1.8502964025429947
1.868618112577484,1.8761334438018178
1.8933278863951997,1.9011584666374426
1.9172477182572911,1.9253959189301988
1.940401373097951,1.9488693762752642
1.9628117870742277,1.9716015925963117
1.9845011140942015,1.9936145465620574
2.0054907685790853,2.014929484239092
2.0258014648399945,2.0355669583616516
2.0454532534047662,2.0555468645535977
2.064465554590997,2.0748884747987
2.0828571895875365,2.093610468421371
2.1006464092772013,2.111730960810535
2.1178509210077827,2.129267530093636
2.134487913496013,2.146237241945381
2.15057408002951,2.1626566726961554
2.166125640114484,2.178541930887856
2.181158359701832,2.1939086774096808
2.195687570110857,2.208772144333067
2.20972818575803,2.2231471525531417
2.223294720787739,2.2370481283335657
2.236401304692668,2.250489118842368
2.2490616970031714,2.263483806758086
2.261289301117646,2.2760455240181643
2.2730971773393107,2.2881872647749755
2.284498055178916,2.299921697618943
2.295504344977628,2.3112611771229656
2.3061281488995937,2.32221775475761
2.3163812713394294,2.3328031892222696
2.326275228786032,2.3430289562336633
2.3358212591806664,2.3529062578095723
2.3450303308041307,2.3624460310825985
2.353913150724992,2.371658956675889
2.362480172838302,2.3805554666702164
2.3707416055218875,2.3891457521894672
2.3787074189351864,2.397439770629489
2.386387351983684,2.4054472525533126
2.393790918970239,2.4131777082740227
2.4009274159530034,2.420640434144943
2.407805926828164,2.42784451857535
2.4144353291544127,2.434798847788595
2.420824299734819,2.441512111338277
2.4269813199706523,2.4479928073970156
2.4329146810006943,2.4542492478313154
2.438632488638607,2.4602895630750945
2.4441426681200755,2.4661217068135657
2.449452968670632,2.4717534604883613
2.454570967904332,2.477192437634064
2.45950407606278,2.4824460880556156
2.4642595401033507,2.4875217018554547
2.4688444476449067,2.4924264133186504
2.473265730778736,2.4971672046637625
2.477530169751958,2.5017509096666615
2.481644396530191,2.506184217164078
2.485614898245806,2.510473674443225
2.489448020537744,2.514625690523437
2.493149970788464,2.5186465393354003
2.4967268212632647,2.5225423628032013
2.5001845121568853,2.5263191738341044
2.50352885455201,2.529982859220662
2.506765533294001,2.5335391824594913
2.509900109785943,2.536993786490777
2.512938024707806,2.5403521963623295
2.5158846006633557,2.5436198218217863
2.518745044758163,2.546801959840335
2.521524451111924,2.5499037970711402
2.524227803308059,2.5529304122454537
2.52685997678343,2.555886778509225
2.529425741160809,2.558777765702853
2.531929762526603,2.561608142586563
2.5343766056561736,2.564382579013747
2.536770736188964,2.5671056480544645
2.539116522755505,2.5697818280711706
2.5414182390582574,2.572415504748606
2.543680065908116,2.575010973079676
2.545906093218315,2.577572439309026
2.54810032195734,2.5801040228359127
2.55026666606238,2.582609758077882
2.5524089543147386,2.5850935962966504
2.554530932178551,2.587559407387513
2.5566362636040494,2.5900109816335015
2.558728532796565,2.592452031425437
2.560811245952356,2.5948861929489504
2.5628878329622826,2.597317027839452
2.5649616490843,2.599748024805976
2.5670359765856428,2.602182601224746
2.5691140263555385,2.6046241047032406
2.5711989394892143,2.607075814615484
2.573293788843905,2.609540943609212
2.5754015805675188,2.6120226390855135
2.577525255600563,2.614523984651486
2.5796676911518763,2.617048001546391
2.581831702148677,2.619597650041738
2.584020042661375,2.6221758308156735
2.5862354073035645,2.624785386302007
2.5884804326075583,2.627429102014146
2.5907576983757936,2.6301097078441718
2.5930697290083886,2.6328298793372404
2.595418994807095,2.635592238941437
2.597807913255854,2.638399357233179
2.600238850278122,2.6412537541182117
2.6027141214711005,2.644157900008191
2.605235993316954,2.6471142169728172
2.6078066843711,2.6501250798674247
2.6104283664275707,2.6531928174358983
2.6131031656614594,2.656319713388742
2.6158331637483974,2.659508007456082
2.618620398960993,2.662759896415339
2.621466867242127,2.666077535093266
2.624374523254956,2.669463037342002
2.627345281409464,2.6729184769887464
2.6303810168653463,2.6764458887586158
2.6334835665109897,2.680047269170194
2.6366547299182863,2.6837245774032517
2.639896270272968,2.687479736138049
2.643209915280127,2.691314632365601
2.6465973580445565,2.6952311181682256
2.6500602579255,2.699231011469651
2.653600241365372,2.7033160967539054
2.657218902691977,2.7074881257521537
2.6609178048937108,2.7117488180966047
2.664698480367199,2.716099861940542
2.668562431636784,2.720542914543481
2.672511132045238,2.7250796028203994
2.6765460264150303,2.7297115238539167
2.6806685316794527,2.7344402453682437
2.6848800374828428,2.7392673061636548
2.689181906749121,2.744194216510168
2.6935754762178026,2.7492224584990455
2.698062056946593,2.754353486350665
2.702642934779648,2.759588726677219
2.707319370780504,2.7649295786986428
2.7120926016286537,2.770377414410075
2.716963839978675,2.7759335786990826
2.7219342747807755,2.781599389410788
2.7270050715615537,2.787376137358951
2.732177372663714,2.793265086280971
2.737452297443423,2.799267472734667
2.742830942423918,2.8053845059346054
2.748314381403928,2.8116173675256446
2.7539036655193763,2.8179672112912457
2.759599823256796,2.8244351627940114
2.765403860416782,2.8310223189457853
2.771316760025751,2.8377297475045364
2.7773394821942,2.844558486495137
2.7834729639195617,2.8515095435510127
2.789718118831682,2.8585838951735236
2.7960758368788587,2.865782485905806
2.802546983952288,2.8731062274176695
2.809132401446673,2.8805559974980133
2.815832905754664,2.8881326389510815
2.822649287692688,2.895836958392747
2.829582311855644,2.9036697249428562
2.83663271589782,2.9116316688095374
2.84380120973731,2.9197234797612164
2.8510884746810623,2.927945805481942
2.858495162467625,2.936299249805467
2.866021894224523,2.944784370823397
2.873669259337076,2.9534016788625457
2.8814378142253863,2.9621516343265055
2.8893280810260755,2.971034645396296
2.897340546175254,2.980051065584789
2.9054756588890847,2.989201191139494
2.913733829538176,2.9984852582881265
2.922115427911941,3.007903440321276
2.930620781368921,3.0174558445063417
2.9392501728689684,3.027142508826811
2.9480038388830745,3.0369633985408377
2.956881967176501,3.0469184025529907
2.9658846944607835,3.0570073295929614
2.975012103910056,3.067229904194964
2.984264222537066,3.0775857624715095
2.993641018424137,3.0880744476752233
3.003142397804269,3.0986954055423683
3.0127682019874853,3.1094479794117773
3.022518204127459,3.1203314051129474
3.0323921058234324,3.131344805617158
3.042389533552358,3.142487185445594
3.0525100349262053,3.1537574248286506
3.062753074769358,3.165154273610799
3.0731180310110338,3.1766763448956925
3.083604190387709,3.1883221084265125
3.094210743950592,3.2000898836969593
3.104936782373266,3.2119778327887603
3.1157812910547698,3.2239839529321137
3.126743145013509,3.2361060687861163
3.1378211035676205,3.2483418244369364
3.14901380479762,3.2606886751123207
3.1603197597874653,3.273143878611937
3.171737346640496,3.2857044864540987
3.1832648042670906,3.2983673347405755
3.1949002259413493,3.3111290347424926
3.206641552624608,3.3239859632117463
3.2184865660541853,3.3369342524239665
3.2304328815964256,3.349969779960785
3.242477940863836,3.363088158241106
3.2546190040969645,3.3762847238131566
3.2668531423125926,3.389554526421401
3.27917722922083,3.4028923178648767
3.2915879329148723,3.4162925406662152
3.304081707338413,3.4297493165735298
3.316654783537101,3.4432564349204786
3.329303160701937,3.4568073408731976
3.3420225970141626,3.470395123596399
3.354808600302985,3.484012504374783
3.3676564185294438,3.4976518247300077
3.3805610301118176,3.5113050345777905
3.3935171341102643,3.524963680474318
3.406519140290814,3.5386188940059284
3.419561159091486,3.552261380381103
3.432636991516083,3.565881407289046
3.445740118984215,3.5794687940946104
3.458863693169294,3.5930129014449523
3.4720005258595847,3.6065026213691045
3.48514307888097,3.6199263679575577
3.4982834541238117,3.6332720687149465
3.5114133837202,3.6465271566849546
3.5245242204219838,3.6596785634525775
3.5376069282341907,3.6727127131348034
3.5506520733628606,3.685615517476577
3.563649815540806,3.6983723721744495
3.576589899799452,3.710968154555592
3.5894616487595954,3.723387222744672
3.6022539555186626,3.7356134164554207
3.614955277216824,3.747630059547429
3.627553629369022,3.7594199644916317
3.640036581054637,3.7709654388900202
3.6523912510610193,3.7822482941961426
3.6646043050814394,3.793249856782834
3.676661954072068,3.80395098150215
3.6885499538763433,3.8143320678795734
3.7002536062283458,3.8243730790799937
3.711757761249684,3.8340535637766546
3.7230468215565455,3.843352681046001
3.734104748095129,3.8522492284010457
3.744915067824381,3.8607216730633906
3.7554608833647847,3.868748186559223
3.7657248847307296,3.876306682707444
3.7756893632616775,3.8833748590484536
3.785336227863725,3.8899302417400237
3.794647023668234,3.89595023392212
3.803602953207777,3.9014121675255593
3.812184900201629,3.906293358470079
3.820373456033408,3.910571165165923
3.8281489489919993,3.914223050199605
3.83549147633371,3.9172266450493622
3.842380939208434,3.9195598176392803
3.84879708047565,3.92120074250355
3.85471952541713,3.922127973294245
3.860127825332484,3.922320517327902
3.865001503981059,3.9217579118285992
3.8693201068094414,3.9204203014887833
3.873063252877905,3.9182885169344135
3.876210689371921,3.915344153648806
3.878742348556385,3.9115696508804856
3.880638407000884,3.9069483700351717
3.881879346874416,3.9014646720313193
3.882446019077781,3.8951039930831444
3.8823197079518974,3.887852918365261
3.881482197270881,3.8796992530095573
3.8799158372003975,3.8706320898880713
3.877603611875027,3.860641873645714
3.8745292072236746,3.849720460463936
3.870677078649949,3.8378611730607606
3.86603251815539,3.825058850464002
3.8605817204780246,3.8113098921325204
3.854311847807338,3.796612296044671
3.847211092629864,3.780965690423015
3.839268738257556,3.764371358819067
3.830475216594175,3.7468322583405373
3.8208221627033954,3.728353030865069
3.810302465756171,3.7089400071478327
3.798910315954303,3.688601203794338
3.78664124705183,3.66734631313327
3.7734921741257175,3.645186686085926
3.7594614262819537,3.622135308187756
3.7445487740221455,3.5982067689726476
3.72875545103847,3.57341722498098
3.7120841702507104,3.5477843566973997
3.6945391339474174,3.5213273197631523
3.676126037943056,3.494066690840271
3.65685206971364,3.466024408530734
3.636725900523836,3.437223709772951
3.6157576716080415,3.4076890621507268
3.593958974515665,3.377446092556611
3.571342825775986,3.3465215126527403
3.547923636079869,3.314943041568579
3.523717174213645,3.2827393262670714
3.4987405260141675,3.249939859999378
3.4730120486430884,3.2165748992544323
3.4465513205024814,3.1826753795937113
3.419379087133085,3.1482728307446344
3.391517203450615,3.1133992913085495
3.3629885726850146,3.0780872234218126
3.333817082392463,3.042369427691541
3.3040275379108195,3.006278958711483
3.27364559362639,2.9698490414483234
3.242697682413993,2.933112988774709
3.2112109436038,2.8961041204123266
3.179213149817851,2.858855683536352
3.1467326330070957,2.8214007752813846
3.113798210006669,2.7837722673782728
3.080439107913428,2.7460027331408265
3.0466848895758614,2.708124377010962
3.01256537947264,2.6701689668600723
2.978110590242599,2.63216776923313
2.943350650115862,2.594151487709929
2.90831573148334,2.5561502045448434
2.873035980829865,2.518193325732369
2.8375414502447605,2.4803095296304583
2.801862030712586,2.4425267192572537
2.766027387376001,2.404871978359336
2.7300668969519943,2.3673715313310875
2.6940095874720225,2.330050707045436
2.6578840805056205,2.2929339066362138
2.6217185360157944,2.2560445752518867
2.585540599982709,2.2194051777797026
2.5493773549198453,2.183037178518625
2.5132552733938254,2.146961024758987
2.47720017464545,2.1111961342069034
2.441237184395205,2.075760886172295
2.405390697901568,2.040672616421182
2.369684346325011,2.005947615575844
2.3341409664347155,1.9716011309307158
2.298782573678827,1.9376473715376188
2.263630338622747,1.9040995164012644
2.228704566743611,1.8709697256149325
2.1940246815529423,1.8382691542569525
2.159609211003624,1.8060079688610666
2.125475777121999,1.7741953662679648
2.09164108879124,1.7428395946612176
2.058120937598237,1.7119479765884464
2.0249301966433246,1.6815269337677972
1.992082822200288,1.6515820134805368
1.9595918581033196,1.6221179163527812
1.927469442728101,1.5931385253328605
1.895726818425932,1.5646469356755408
1.864374343262896,1.5366454857501
1.8334215049104576,1.5091357884959868
1.802876936529619,1.4821187633573405
1.7727484344877826,1.4555946685358843
1.7430429777458023,1.4295631334105106
1.713766748752198,1.4040231909811045
1.6849251556822311,1.3789733102037227
1.6565228558612957,1.3544114280940098
1.6285637802148547,1.3303349814856196
1.601051158590875,1.3067409383402981
1.5739875458052124,1.2836258285161104
1.547374848265675,1.260985773909956
1.521214351036381,1.2388165178999775
1.495506745210455,1.2171134540226294
1.4702521554659944,1.1958716538280172
1.4454501676874654,1.1750858938655862
1.4210998565421769,1.1547506817602942
1.397199812909183,1.134860281347031
1.3737481710657256,1.1154087368382117
1.3507426355441612,1.096389896006178
1.3281805075800892,1.077797432368256
1.3060587110800923,1.059624866368079
1.2843738180450324,1.0418655855520376
1.2631220733921902,1.0245128637445362
1.242299419126651,1.007559879230065
1.2219015178191603,0.9909997319540019
1.2019237753542231,0.9748254597575221
1.1823613629184249,0.9590300536650536
1.1632092382048247,0.9436064722453783
1.1444621658147998,0.928547655069779
1.1261147368438635,0.9138465352925734
1.108161387642777,0.8994960513810043
1.0905964177497034,0.885489158022767
1.0734140069932088,0.871818836240496
1.0566082317696166,0.858478102743311
1.0401730805015823,0.845460018546063
1.024102468287768,0.8327576968872553
1.0083902507561795,0.8203643104767406
0.9930302371361158,0.8082730981042603
0.9780162025657444,0.7964773706396938
0.9633418996541196,0.7849705164555529
0.94900106931799,0.7737460063018009
0.9349874509150092,0.7627973976625182
0.921294791696024,0.7521183386232857
0.9079168555999332,0.7417025712774318
0.8948474314152463,0.7315439346984995
0.8820803403329148,0.721636367505447
0.8696094429152942,0.7119739100462131
0.857428645506216,0.7025507062243636
0.8455319061071502,0.6933610049925936
0.8339132397442973,0.6843991615359128
0.8225667233512178,0.6756596381663703
0.8114865001912656,0.6671370049502208
0.8006667838436715,0.658825940087468
0.7901018617766327,0.6507212300627698
0.7797860985302019,0.6428177695857539
0.769713938531169,0.6351105613378646
0.7598799085614678,0.6275947155419651
0.7502786199009586,0.6202654493700297
0.7409047701647206,0.6131180862034112
0.7317531448542521,0.6061480547593323
0.7228186186412278,0.5993508880964477
0.7140961564017019,0.5927222225115483
0.7055808140178895,0.5862577963387323
0.6972677389638918,0.5799534486616494
0.6891521706909789,0.5738051179487408
0.6812294408272989,0.5678088406207371
0.673494973206143,0.5619607495590517
0.665944283736182,0.5562570725631071
0.6585729801263788,0.5506941307640649
0.6513767614776048,0.5452683370018895
0.644351417752317,0.5399761941721616
0.6374928291330111,0.5348142935485768
0.6307969652795478,0.5297793130866006
0.6242598844948457,0.5248680157133232
0.6178777328078647,0.5200772476081453
0.6116467429822499,0.5154039364785457
0.6055632334584784,0.5108450898348159
0.5996236072368522,0.5063977932673123
0.5938243507081924,0.5020592087294531
0.588162032438642,0.4978265728293943
0.5826333019145418,0.4936971951330356
0.5772348882529396,0.4896684564807504
0.5719635988828948,0.4857378073199883
0.5668163182023778,0.48190276605567267
0.5617900062152075,0.47816091742010725
0.5568816971521462,0.47450991086390504
0.5520884980799556,0.47094745896927626
0.547407587501927,0.4674713358868398
0.5428362139531197,0.4640793757969675
0.5383716945932863,0.46076947139652724
0.5340114138002162,0.4575395724117567
0.5297528217659991,0.4543876841378769
0.5255934330984994,0.4513118660059421
0.521530825430126,0.44831023017731914
0.517562638035798,0.4453809401660935
0.5136865704618264,0.44252220948961246
0.5099003811672685,0.4397323003472976
0.5062018861791585,0.43700952232778384
0.5025889577628722,0.4343522311443789
0.4990595231087483,0.43175882739877547
0.4956115630359676,0.42922775537289637
0.4922431107145689,0.42675750184870087
0.4889522504063779,0.42434659495574106
0.4857371162255195,0.42199360304621386
0.482595890919092,0.41969713359722144
0.4795268046684967,0.4174558321399214
0.4765281339118307,0.4152683812152204
0.4735982001876824,0.4131334993556412
0.4707353690005937,0.41104994009297113
0.4679380487083946,0.4090164909912838
0.4652046894315534,0.4070319727049083
0.4625337819846332,0.405095238060909
0.4599238568298962,0.4032051711656258
0.4573734830530499,0.4013606865348191
0.4548812673610888,0.3995607282469536
0.4524458531021472,0.39780426911915234
0.4500659193072435,0.3960903099053468
0.4477401797537647,0.3944178785161481
0.4454673820505114,0.392786029259962
0.4432463067440986,0.3911938421048716
0.4410757664464833,0.38964042196081283
0.4389546049833692,0.38812489798156863
0.4368816965632212,0.38664642288611245
0.4348559449666062,0.38520417229883475
0.4328762827555599,0.38379734410819
0.4309416705026709,0.3824251578433079
0.4290510960395575,0.381086854068117
0.427203573724409,0.37978169379253596
0.4253981437282502,0.37850895790029315
0.4236338713395849,0.37726794659294277
0.4219098462870679,0.37605797884965286
0.4202251820798505,0.3748783919023471
0.4185790153652422,0.37372854072579087
0.4169705053033299,0.3726077975422191
0.4153988329581931,0.3715155513401116
0.4138632007053547,0.3704512074067299
0.4123628316551084,0.36941418687403677
0.4108969690913622,0.368403926277629
0.4094648759256414,0.36741987712832097
0.4080658341658981,0.36646150549602535
0.4066991443997722,0.3655282916055858
0.4053641252919596,0.36461972944422394
0.4040601130953395,0.36373532638027073
0.4027864611755228,0.36287460279286204
0.4015425395484848,0.36203709171228404
0.4003277344309514,0.36122233847066343
0.3991414478032133,0.3604299003627048
0.3979830969840461,0.35965934631618485
0.3968521142174225,0.3589102565719213
0.395747946270706,0.3581822223729414
0.3946700540440228,0.35747484566258186
0.3936179121905133,0.3567877387912611
0.3925910087471709,0.35612052423166857
0.3915888447759821,0.35547283430212634
0.3906109340150887,0.35484431089788226
0.3896568025396955,0.3542346052301021
0.3887259884324586,0.3536433775723341
0.3878180414630902,0.3530702970142263
0.3869325227769237,0.35251504122228183
0.3860690045921919,0.3519772962074452
0.3852270699057714,0.3514567560993177
0.3844063122071561,0.3509531229268055
0.3836063352004296,0.35046610640501075
0.3828267525340077,0.34999542372818
0.3820671875379314,0.3495407993685316
0.3813272729684968,0.3491019648807872
0.3806066507600101,0.3486786587122384
0.3799049717834674,0.3482706260181847
0.3792218956119568,0.3478776184825836
0.3785570902925943,0.3474993941437581
0.3779102321248016,0.34713571722501163
0.377281005444746,0.34678635797000595
0.3766691024157634,0.34645109248275924
0.3760742228245922,0.3461297025721292
0.3754960738832495,0.3458219756006476
0.374934370036387,0.3455277043375773
0.3743888327739683,0.3452466868160677
0.3738591904491121,0.34497872619428643
0.3733451781009529,0.34472363062041106
0.3728465372823735,0.34448121310136554
0.372363015892467,0.34425129137519195
0.3718943680135928,0.34403368778695026
0.3714403537528916,0.3438282291680416
0.3710007390881315,0.3436347467188552
0.3705752957177592,0.3434530758946403
0.3701638009150331,0.34328305629450967
0.3697660373861223,0.3431245315534814
0.3693817931320552,0.3429773492374711
0.3690108613144055,0.34284136074114774
0.3686530401246097,0.342716421188569
0.3683081326568093,0.3426023893365157
0.3679759467841156,0.34249912748044636
0.3676562950382008,0.3424065013629952
0.3673489944921157,0.34232438008494
0.3670538666462444,0.3422526360185679
0.366770737317304,0.34219114472337003
0.3664994365303016,0.3421397848639964
0.3662397984133646,0.3420984381304069
0.3659916610953614,0.3420669891601545
0.3657548666062322,0.3420453254627386
0.3655292607799525,0.3420333373459699
0.3653146931600549,0.3420309178442884
0.3651110169076352,0.3420379626489781
0.3649180887117719,0.34205437004022504
0.3647357687022915,0.3420800408209647
0.3645639203648121,0.34211487825246895
0.3644024104580005,0.3421587879916215
0.3642511089329809,0.34221167802983526
0.364109888854834,0.34227345863356334
0.3639786263261272,0.34234404228635995
0.3638572004124187,0.3424233436324465
0.3637454930696808,0.3425112794217399
0.3636433890735873,0.3426077684563034
0.3635507759506136,0.34271273153817755
0.3634675439108983,0.3428260914185546
0.3633935857828179,0.3429477727482575
0.3633287969492251,0.343077702029487
0.3632730752853066,0.34321580756880166
0.3632263210980141,0.3433620194312962
0.3631884370670249,0.3435162693959447
0.3631593281871905,0.34367849091207664
0.3631389017124311,0.3438486190569535
0.3631270671010372,0.34402659049441664
0.3631237359623394,0.3442123434345754
0.3631288220047077,0.3444058175945082
0.363142240984846,0.34460695415994747
0.3631639106583439,0.3448156957479219
0.3631937507314538,0.3450319863703303
0.3632316828140587,0.34525577139842006
0.3632776303737986,0.34548699752814743
0.3633315186913238,0.34572561274639385
0.3633932748166459,0.34597156629801606
0.3634628275265549,0.3462248086537071
0.3635401072830751,0.34648529147864593
0.3636250461929322,0.3467529676019151
0.3637175779680027,0.3470277909866648
0.3638176378867214,0.34730971670100397
0.3639251627564202,0.3475987008895983
0.364040090876573,0.3478947007459572
0.3641623620029249,0.3481976744853898
0.3642919173124788,0.34850758131861376
0.3644286993693202,0.34882438142599825
0.3645726520912556,0.34914803593242494
0.3647237207172438,0.3494785068827506
0.3648818517756003,0.349815757217855
0.3650469930529529,0.35015975075125927
0.36521909356393,0.35051045214629906
0.3653981035215618,0.3508678268938387
0.3655839743083766,0.3512318412905117
0.3657766584481732,0.3516024624174736
0.3659761095784529,0.3519796581196549
0.366182282423493,0.3523633969854998
0.3663951327680465,0.352753648327179
0.3666146174316504,0.35315038216126426
0.3668406942435284,0.3535535691898526
0.3670733220180719,0.35396318078212824
0.3673124605308849,0.3543791889563522
0.3675580704953781,0.3548015663622673
0.367810113539899,0.3552302862639091
0.3680685521853831,0.3556653225228119
0.3683333498235148,0.35610664958159943
0.3686044706953831,0.3565542424479517
0.3688818798706215,0.35700807667893736
0.369165543227019,0.357468128365703
0.36945542743059,0.35793437411851053
0.3697514999160932,0.3584067910521134
0.3700537288679864,0.3588853567714641
0.3703620832018074,0.3593700493577437
0.3706765325459713,0.35986084735470675
0.3709970472239716,0.3603577297553324
0.3713235982369772,0.36086067598877547
0.3716561572468149,0.36136966590760905
0.3719946965593275,0.36188467977535255
0.3723391891080994,0.36240569825427776
0.372689608438539,0.36293270239348585
0.3730459286923113,0.36346567361724974
0.3734081245921105,0.3640045937136145
0.3737761714267658,0.3645494448232503
0.3741500450366704,0.36510020942855165
0.3745297217995287,0.3656568703429769
0.3749151786164111,0.3662194107006228
0.3753063928981116,0.3667878139460281
0.3757033425517987,0.36736206382420133
0.3761060059679554,0.36794214437086686
0.3765143620075979,0.3685280399029252
0.3769283899897699,0.3691197350091213
0.3773480696793038,0.3697172145409174
0.377773381274843,0.3703204636035645
0.3782043053971199,0.37092946754736916
0.3786408230774831,0.37154421195915005
0.3790829157466671,0.3721646826538808
0.3795305652238011,0.37279086566651465
0.3799837537056494,0.3734227472439868
0.3804424637560787,0.3740603138373904
0.3809066782957472,0.37470355209432316
0.3813763805920105,0.3753524488513994
0.3818515542490394,0.37600699112692526
0.3823321831981442,0.3766671661137329
0.3828182516883016,0.3773329611721701
0.3833097442768789,0.3780043638232424
0.3838066458205518,0.3786813617419043
0.3843089414664114,0.3793639427504964
0.3848166166432549,0.38005209481232477
0.3853296570530582,0.38074580602538105
0.3858480486626239,0.3814450646161987
0.3863717776954032,0.3821498589338436
0.3869008306234859,0.38286017744403605
0.3874351941597559,0.38357600872340114
0.3879748552502085,0.38429734145384514
0.3885198010664258,0.38502416441705567
0.3890700189982068,0.3857564664891223
0.3896254966463492,0.3864942366352763
0.3901862218155787,0.3872374639047461
0.3907521825076243,0.38798613742572696
0.3913233669144348,0.38874024640046234
0.3918997634115347,0.38949978010043484
0.3924813605515163,0.39026472786166433
0.3930681470576641,0.39103507908011187
0.3936601118177114,0.3918108232071868
0.3942572438777225,0.39259194974535505
0.3948595324361022,0.3933784482438476
0.3954669668377261,0.3941703082944661
0.3960795365681923,0.39496751952748466
0.3966972312481897,0.3957700716076457
0.3973200406279825,0.3965779542302485
0.3979479545820073,0.3973911571173281
0.3985809631035807,0.3982096700139238
0.3992190562997159,0.3990334826844353
0.3998622243860452,0.39986258490906423
0.4005104576818477,0.40069696648034125
0.401163746605178,0.40153661719973543
0.4018220816680967,0.4023815268743458
0.4024854534719979,0.40323168531367287
0.4031538527030343,0.40408708232646945
0.4038272701276366,0.4049477077176688
0.4045056965881253,0.40581355128538926
0.405189122998415,0.4066846028180139
0.4058775403398062,0.40756085209134413
0.4065709396568672,0.4084422888658258
0.4072693120534001,0.40932890288384705
0.407972648688493,0.4102206838671062
0.4086809407726542,0.41111762151404924
0.4093941795640292,0.4120197054973752
0.4101123563646959,0.41292692546160875
0.4108354625170413,0.4138392710207387
0.4115634894002126,0.414756731755922
0.4122964284266469,0.41567929721325125
0.4130342710386732,0.41660695690158567
0.4137770087051899,0.417539700290444
0.4145246329184133,0.41847751680795897
0.4152771351906966,0.4194203958388916
0.4160345070514201,0.42036832672270547
0.4167967400439484,0.4213212987516991
0.4175638257226559,0.4222793011691965
0.4183357556500186,0.4232423231677942
0.4191125213937705,0.42421035388766476
0.419894114524125,0.4251833824149152
0.4206805266110587,0.42616139778000034
0.4214717492216577,0.42714438895618956
0.4222677739175253,0.4281323448580867
0.423068592252249,0.42912525434020243
0.4238741957689278,0.43012310619557775
0.4246845759977571,0.4311258891544587
0.4254997244536716,0.43213359188302103
0.4263196326340439,0.4331462029821444
0.4271442920164398,0.4341637109862355
0.4279736940564281,0.4351861043620991
0.4288078301854442,0.43621337150785666
0.4296466918087071,0.43724550075191204
0.4304902703031892,0.43828248035196316
0.4313385570156375,0.4393242984940593
0.4321915432606458,0.44037094329170373
0.4330492203187773,0.4414224027850005
0.4339115794347367,0.442478664939845
0.4347786118155911,0.4435397176471581
0.4356503086290388,0.44460554872216274
0.4365266610017266,0.44567614590370275
0.4374076600176124,0.4467514968536032
0.438293296716375,0.4478315891560721
0.4391835620918701,0.44891641031714175
0.4400784470906291,0.45000594776415137
0.4409779426104048,0.451100188845268
0.441882039498759,0.45219912082904684
0.4427907285516944,0.45330273090403006
0.4437040005123284,0.4544110061783834
0.4446218460696094,0.45552393367957017
0.4455442558570747,0.4566415003540621
0.4464712204516488,0.457763693067087
0.4474027303724829,0.45889049860241166
0.4483387760798339,0.460021903662161
0.449279347973983,0.46115789486667164
0.4502244363941933,0.4622984587543802
0.4511740316177056,0.4634435817817456
0.4521281238587724,0.4645932503232051
0.4530867032677296,0.46574745067116313
0.4540497599301046,0.4669061690360132
0.455017283865762,0.46806939154619165
0.4559892650280841,0.4692371042482635
0.4569656933031885,0.4704092931070393
0.4579465585091798,0.4715859440057231
0.458931850395437,0.47276704274609105
0.4599215586419349,0.47395257504869925
0.4609156728585992,0.47514252655312217
0.4619141825846959,0.47633688281821945
0.4629170772882534,0.4775356293224318
0.4639243463655172,0.478738751464105
0.4649359791404379,0.47994623456184193
0.4659519648641897,0.4811580638548819
0.4669722927147222,0.4823742245035072
0.4679969517963417,0.4835947015894759
0.4690259311393253,0.4848194801164812
0.4700592196995635,0.48604854501063643
0.4710968063582345,0.48728188112098547
0.4721386799215071,0.48851947322003786
0.4731848291202738,0.48976130600432877
0.4742352426099127,0.4910073640950032
0.4752899089700777,0.4922576320384233
0.4763488167045178,0.49351209430679993
0.4774119542409234,0.49477073529884624
0.4784793099308015,0.4960335393404544
0.4795508720493769,0.4973004906853942
0.4806266287955213,0.4985715735160335
0.4817065682917088,0.49984677194407984
0.4827906785839974,0.5011260700113431
0.483878947642037,0.5024094516905189
0.4849713633591027,0.5036969008859915
0.4860679135521532,0.5049884014346574
0.4871685859619152,0.5062839371067672
0.4882733682529913,0.5075834916067878
0.4893822480139929,0.5088870485742817
0.490495212757697,0.5101945915848054
0.491612249921227,0.5115061041508256
0.4927333468662567,0.5128215697226526
0.4938584908792373,0.5141409716893903
0.4949876691716471,0.5154642933799043
0.4961208688802646,0.5167915180638041
0.4972580770674627,0.5181226289524432
0.4983992807215253,0.5194576091999338
0.4995444667569853,0.5207964419041763
0.5006936220149845,0.5221391101079044
0.5018467332636533,0.5234855967997437
0.5030037871985124,0.5248358849152854
0.5041647704428937,0.5261899573381723
0.5053296695483823,0.5275477969011989
0.5064984709952778,0.5289093863874242
0.5076711611930745,0.5302747085312971
0.5088477264809623,0.5316437460197936
0.5100281531283449,0.533016481493566
0.5112124273353778,0.5343928975481035
0.5124005352335237,0.5357729767349039
0.5135924628861268,0.5371567015626556
0.5147881962890042,0.5385440544984302
0.5159877213710548,0.5399350179688852
0.5171910239948856,0.5413295743614757
0.5183980899574546,0.5427277060256759
0.5196089049907308,0.544129395274209
0.5208234547623695,0.5455346243842861
0.5220417248764045,0.5469433755988526
0.523263700873956,0.5483556311278429
0.5244893682339529,0.5497713731494424
0.5257187123738714,0.5511905838113562
0.5269517186504878,0.5526132452320854
0.5281883723606465,0.5540393395022088
0.529428658742041,0.5554688486856714
0.5306725629740106,0.5569017548210776
0.5319200701783491,0.5583380399229915
0.5331711654201285,0.5597776859832401
0.5344258337085349,0.5612206749722227
0.535684059997717,0.562666988840224
0.5369458291876482,0.5641166095187313
0.5382111261250004,0.5655695189217553
0.5394799356040296,0.5670256989471544
0.5407522423674738,0.5684851314779618
0.5420280311074618,0.5699477983837151
0.5433072864664337,0.5714136815217893
0.5445899930380721,0.5728827627387298
0.5458761353682438,0.5743550238715895
0.5471656979559517,0.5758304467492653
0.5484586652542977,0.5773090131938364
0.5497550216714538,0.5787907050219041
0.5510547515716449,0.5802755040459305
0.5523578392761381,0.5817633920755787
0.5536642690642439,0.5832543509190518
0.5549740251743238,0.5847483623844322
0.5562870918048074,0.5862454082810195
0.5576034531152178,0.5877454704206677
0.5589230932272042,0.5892485306191207
0.5602459962255829,0.5907545706973465
0.5615721461593847,0.5922635724828688
0.5629015270429105,0.5937755178110967
0.564234122856793,0.5952903885266524
0.5655699175490648,0.5968081664846946
0.5669088950362337,0.5983288335522402
0.5682510392043626,0.5998523716094818
0.569596333910157,0.6013787625511015
0.570944762982056,0.6029079882875812
0.5722963102213303,0.6044400307465082
0.573650959403184,0.6059748718738767
0.5750086942778615,0.6075124936353836
0.576369498571759,0.6090528780177207
0.57773335598854,0.6105960070298602
0.5791002502102549,0.6121418627043356
0.5804701648984641,0.6136904270985161
0.5818430836953649,0.6152416822958754
0.5832189902249209,0.6167956104072538
0.584597868093995,0.6183521935721141
0.5859797008934854,0.6199114139597903
0.5873644721994623,0.6214732537707294
0.588752165574309,0.6230376952377259
0.5901427645678636,0.6246047206271489
0.5915362527185628,0.626174312240161
0.5929326135545867,0.6277464524139297
0.5943318305950059,0.6293211235228302
0.5957338873509284,0.6308983079796399
0.5971387673266477,0.6324779882367242
0.5985464540207918,0.6340601467872136
0.5999569309274716,0.635644766166171
0.6013701815374303,0.6372318289517508
0.6027861893391919,0.6388213177663471
0.6042049378202095,0.6404132152777336
0.6056264104680129,0.6420075042001926
0.6070505907713556,0.6436041672956337
0.6084774622213601,0.6452031873747034
0.6099070083126626,0.6468045472978824
0.6113392125445556,0.648408229976574
0.6127740584221286,0.6500142183741802
0.6142115294574076,0.6516224955071671
0.6156516091704918,0.6532330444461197
0.6170942810906873,0.6548458483167842
0.61853952875764,0.6564608903010991
0.6199873357224635,0.6580781536382151
0.6214376855488654,0.6596976216255018
0.6228905618142696,0.6613192776195435
0.6243459481109359,0.6629431050371214
0.6258038280470748,0.6645690873561851
0.6272641852479596,0.6661972081168096
0.6287270033570334,0.6678274509221405
0.6301922660370127,0.6694597994393263
0.6316599569709863,0.6710942374004376
0.6331300598635089,0.6727307486033725
0.6346025584416907,0.6743693169127493
0.6360774364562815,0.6760099262607855
0.63755467768275,0.6776525606481629
0.639034265922357,0.6792972041448796
0.6405161850032239,0.6809438408910867
0.6420004187813945,0.682592455097913
0.6434869511418915,0.6842430310482733
0.6449757659997667,0.6858955530976645
0.646466847301145,0.6875500056749455
0.6479601790242616,0.6892063732831039
0.6494557451804931,0.6908646405000071
0.6509535298153811,0.6925247919791394
0.6524535170096497,0.6941868124503239
0.653955690880215,0.6958506867204289
0.6554600355811878,0.6975163996740606
0.656966535304869,0.699183936274239
0.6584751742827368,0.7008532815630596
0.6599859367864268,0.7025244206623393
0.6614988071287036,0.7041973387742472
0.6630137696644248,0.7058720211819188
0.6645308087914967,0.7075484532500564
0.6660499089518214,0.7092266204255118
0.6675710546322355,0.710906508237854
0.6690942303654406,0.7125881022999216
0.670619420730924,0.7142713883083585
0.6721466103558719,0.7159563520441328
0.6736757839160724,0.7176429793730414
0.6752069261368099,0.7193312562461972
0.6767400217937497,0.7210211687004996
0.678275055713814,0.7227127028590897
0.6798120127760473,0.7244058449317886
0.6813508779124731,0.7261005812155188
0.6828916361089402,0.7277968980947099
0.6844342724059593,0.7294947820416869
0.6859787718995295,0.7311942196170423
0.6875251197419544,0.7328951974699911
0.6890733011426486,0.7345977023387092
0.6906233013689336,0.7363017210506554
0.6921751057468222,0.7380072405228751
0.6937286996617942,0.7397142477622891
0.6952840685595597,0.7414227298659634
0.6968411979468127,0.7431326740213631
0.6984000733919732,0.7448440675065893
0.6999606805259189,0.7465568976905981
0.7015230050427049,0.7482711520334029
0.7030870327002735,0.7499868180862594
0.7046527493211514,0.7517038834918336
0.7062201407931368,0.7534223359843518
0.707789193069974,0.7551421633897341
0.7093598921720172,0.7568633536257098
0.7109322241868826,0.758585894701916
0.7125061752700883,0.7603097747199783
0.714081731645683,0.7620349818735745
0.7156588796068628,0.7637615044484802
0.7172376055165759,0.7654893308225972
0.7188178958081154,0.7672184494659645
0.7203997369856999,0.7689488489407517
0.7219831156250425,0.7706805179012342
0.7235680183739067,0.7724134450937513
0.7251544319526511,0.774147619356647
0.7267423431547608,0.7758830296201921
0.7283317388473673,0.7776196649064891
0.7299226059717553,0.7793575143293601
0.731514931543857,0.7810965670942154
0.7331087026547349,0.7828368124979057
0.7347039064710502,0.7845782399285559
0.7363005302355202,0.7863208388653812
0.737898561267362,0.7880645988784851
0.7394979869627238,0.7898095096286402
0.7410987947951035,0.7915555608670504
0.7427009723157539,0.7933027424350958
0.7443045071540758,0.7950510442640594
0.7459093870179972,0.7968004563748355
0.7475155996943408,0.7985509688776217
0.7491231330491767,0.8003025719715904
0.7507319750281638,0.802055255944545
0.7523421136568772,0.8038090111725562
0.7539535370411223,0.8055638281195816
0.7555662333672364,0.8073196973370662
0.7571801909023761,0.8090766094635256
0.7587953979947925,0.8108345552241109
0.7604118430740926,0.8125935254301557
0.7620295146514874,0.8143535109787049
0.7636484013200266,0.8161145028520252
0.7652684917548206,0.8178764921170983
0.7668897747132475,0.8196394699250948
0.7685122390351489,0.821403427510831
0.7701358736430103,0.8231683561922066
0.7717606675421292,0.824934247369626
0.7733866098207697,0.8267010925253987
0.7750136896503024,0.8284688832231243
0.7766418962853323,0.8302376111070571
0.7782712190638124,0.8320072679014537
0.7799016474071435,0.8337778454099025
0.7815331708202612,0.8355493355146335
0.7831657788917085,0.8373217301758116
0.7847994612936952,0.8390950214308105
0.7864342077821438,0.8408692013934684
0.7880700081967213,0.8426442622533258
0.7897068524608578,0.8444201962748444
0.791344730581751,0.8461969957966081
0.7929836326503577,0.8479746532305051
0.7946235488413705,0.849753161060892
0.7962644694131823,0.8515325118437393
0.7979063847078353,0.8533126982057582
0.799549285150958,0.855093712843509
0.8011931612516876,0.8568755485224916
0.8028380036025782,0.8586581980762162
0.8044838028794963,0.8604416544052567
0.806130549841502,0.862225910476284
0.8077782353307164,0.864010959321083
0.8094268502721752,0.8657967940355477
0.8110763856736689,0.8675834077786606
0.8127268326255689,0.8693707937714519
0.8143781823006395,0.8711589452959395
0.816030425953837,0.8729478556940515
0.8176835549220942,0.874737518366529
0.8193375606240914,0.8765279267718098
0.8209924345600133,0.878319074424894
0.8226481683112927,0.8801109548961898
0.8243047535403402,0.8819035618103412
0.8259621819902591,0.8836968888450357
0.8276204454845479,0.8854909297297933
0.8292795359267883,0.8872856782447366
0.8309394453003189,0.8890811282193416
0.8326001656678962,0.8908772735311691
0.8342616891713404,0.8926741081045767
0.8359240080311684,0.8944716259094121
0.8375871145462127,0.8962698209596862
0.8392510010932259,0.8980686873122277
0.840915660126472,0.899868219065317
0.8425810841773035,0.901668410357302
0.8442472658537244,0.9034692553651933
0.8459141978399403,0.9052707483032396
0.8475818728958926,0.9070728834214845
0.8492502838567814,0.9088756550043027
0.8509194236325723,0.910679057368916
0.8525892852074906,0.9124830848638905
0.8542598616395007,0.9142877318676131
0.8559311460597725,0.9160929927867483
0.8576031316721326,0.9178988620546741
0.8592758117525032,0.9197053341298993
0.8609491796483253,0.9215124034944593
0.8626232287779689,0.9233200646522917
0.8642979526301298,0.9251283121275921
0.8659733447632104,0.9269371404631492
0.867649398804689,0.9287465442186593
0.869326108450473,0.9305565179690201
0.8710034674642391,0.9323670563026039
0.8726814696767594,0.9341781538195106
0.8743601089852133,0.935989805129799
0.8760393793524852,0.9378020048516976
0.8777192748064482,0.9396147476097945
0.8793997894392337,0.9414280280332057
0.8810809174064871,0.9432418407537234
0.8827626529266089,0.9450561804039416
0.884444990279982,0.9468710416153612
0.8861279238081846,0.9486864190164737
0.8878114479131891,0.9505023072308229
0.8894955570565465,0.9523187008750454
0.8911802457585568,0.9541355945568896
0.8928655085974253,0.9559529828732117
0.8945513402084039,0.9577708604079516
0.8962377352829186,0.9595892217300852
0.8979246885676828,0.9614080613915559
0.8996121948637961,0.9632273739251827
0.9013002490258278,0.965047153842547
0.902988845960888,0.9668673956318568
0.904677980627682,0.9686880937557877
0.9063676480355516,0.9705092426493025
0.9080578432435013,0.972330836717447
0.9097485613592105,0.9741528703331239
0.9114397975380302,0.9759753378348432
0.9131315469819664,0.9777982335244498
0.9148238049386472,0.9796215516648282
0.9165165667002766,0.9814452864775837
0.9182098276025726,0.9832694321407002
0.9199035830236914,0.9850939827861752
0.9215978283831358,0.9869189324976306
0.9232925591406496,0.9887442753079002
0.924987770795097,0.9905700051965932
0.926683458883326,0.9923961160876345
0.9283796189790182,0.9942226018467798
0.9300762466915232,0.9960494562791083
0.9317733376646768,0.9978766731264899
0.933470887575606,0.9997042460650282
0.9351688921335172,1.0015321687024803
0.9368673470784692,1.0033604345756508
0.9385662481801328,1.0051890371477619
0.9402655912365324,1.0070179698057982
0.941965372072775,1.0088472258578274
0.9436655865397602,1.0106767985302958
0.9453662305128786,1.0125066809652985
0.947067299890692,1.0143368662178247
0.9487687905935984,1.016167347252978
0.9504706985624832,1.0179981169431709
0.9521730197573516,1.0198291680652944
0.9538757501559464,1.0216604932978612
0.9555788857523528,1.0234920852181246
0.9572824225555818,1.02532393629917
0.9589863565881424,1.0271560389069818
0.9606906838845952,1.0289883852974848
0.9623954004900904,1.0308209676135576
0.9641005024588902,1.0326537778820215
0.9658059858528744,1.0344868080106036
0.967511846740029,1.0363200497848712
0.96921808119292,1.0381534948651432
0.9709246852871496,1.039987134783372
0.9726316550997952,1.0418209609400007
0.9743389867078336,1.0436549646007927
0.9760466761865476,1.0454891368936359
0.9777547196079146,1.0473234688053183
0.97946311303898,1.0491579511782783
0.9811718525402132,1.0509925747073272
0.9828809341638468,1.0528273299363455
0.9845903539521964,1.0546622072549514
0.9863001079359682,1.0564971968951429
0.9880101921325432,1.0583322889279116
0.9897206025442488,1.0601674732598316
0.991431335156611,1.0620027396296186
0.9931423859365884,1.0638380776046628
0.994853750830791,1.0656734765775357
0.996565425763678,1.0675089257624677
0.9982774066357404,1.069344414191799
0.9999896893216657,1.0711799307124032
1.0017022696684816,1.0730154639820844
1.0034151434936864,1.074851002465945
1.0051283065833565,1.0766865344327277
1.0068417546902393,1.0785220479511295
1.0085554835318251,1.0803575308860884
1.0102694887884036,1.0821929708950428
1.011983766101097,1.084028355424163
1.013698311069881,1.085863671704556
1.0154131192515807,1.087698906748443
1.0171281861578527,1.08953404734531
1.0188435072531452,1.091369080058029
1.0205590779526403,1.0932039912189557
1.022274893620177,1.095038766925997
1.0239909495661554,1.0968733930386532
1.025707241045421,1.0987078551740317
1.0274237632551302,1.100542138702837
1.0291405113325958,1.1023762287453294
1.0308574803531136,1.104210110167262
1.0325746653277692,1.1060437675757868
1.034292061201224,1.1078771853153377
1.0360096628494828,1.1097103474634855
1.0377274650776416,1.1115432378267671
1.0394454626176133,1.11337583993649
1.041163650125836,1.1152081370445088
1.042882022180959,1.1170401121189784
1.0446005732815098,1.1188717478400805
1.04631929784354,1.120703026595725
1.0480381901982514,1.1225339304772275
1.0497572445896004,1.124364441274961
1.0514764551718834,1.126194540473983
1.0531958160072996,1.1280242092496402
1.0549153210634952,1.1298534284631467
1.0566349642110844,1.1316821786571407
1.0583547392211512,1.1335104400512166
1.0600746397627292,1.135338192537435
1.0617946594002603,1.137165415675809
1.0635147915910337,1.1389920886897695
1.0652350296825992,1.1408181904616066
1.0669553669101666,1.1426436995278917
1.0686757963939764,1.1444685940748764
1.0703963111366526,1.1462928519338722
1.0721169040205336,1.1481164505766086
1.0738375678049812,1.149939367110572
1.0755582951236673,1.151761578274325
1.0772790784818402,1.1535830604328068
1.0789999102535677,1.155403789572615
1.0807207826789589,1.1572237412972697
1.0824416878613647,1.1590428908224597
1.0841626177645556,1.160861212971273
1.0858835642098768,1.16267868216941
1.0876045188733832,1.1644952724403812
1.0893254732829505,1.1663109574006907
1.0910464188153646,1.1681257102550044
1.0927673466933905,1.1699395037913054
1.0944882479828155,1.1717523103760354
1.0962091135894747,1.1735641019492251
1.097929934256249,1.175374850019612
1.0996507005600462,1.177184525659748
1.101371402908756,1.1789930995010973
1.1030920315381845,1.1808005417291245
1.1048125765089656,1.182606822078375
1.1065330277034509,1.1844119098275476
1.108253374822577,1.1862157737945607
1.1099736073827096,1.188018382331613
1.111693714712468,1.1898197033202398
1.1134136859495245,1.191619704166365
1.115133510037382,1.193418351795351
1.1168531757221325,1.1952156126470466
1.1185726715491886,1.1970114526708346
1.120291985859999,1.1988058373206805
1.1220111067887342,1.2005987315501812
1.1237300222589597,1.2023900998076185
1.1254487199802776,1.204179906031015
1.1271671874449551,1.2059681136431968
1.128885411924525,1.2077546855468613
1.1306033804663678,1.2095395841196535
1.1323210798902712,1.211322771209251
1.134038496784969,1.2131042081284602
1.1357556175046577,1.2148838556503239
1.1374724281654929,1.2166616740032414
1.1391889146420633,1.218437622866105
1.1409050625638466,1.2202116613634506
1.1426208573116408,1.2219837480606286
1.144336284013978,1.2237538409589914
1.1460513275435176,1.2255218974911044
1.1477659725134162,1.2272878745159772
1.1494802032736824,1.2290517283143205
1.1511940039075073,1.230813414583829
1.1529073582275775,1.2325728884344904
1.1546202497723703,1.2343301043839265
1.1563326618024257,1.2360850163527628
1.1580445772966022,1.2378375776600337
1.1597559789483145,1.2395877410186207
1.1614668491617517,1.2413354585307297
1.1631771700480762,1.2430806816834055
1.1648869234216084,1.2448233613440884
1.1665960907959898,1.2465634477562142
1.1683046533803323,1.2483008905348583
1.1700125920753484,1.2500356386624283
1.1717198874694663,1.2517676404844058
1.1734265198349283,1.2534968437051401
1.1751324691238745,1.2552231953836959
1.1768377149644078,1.2569466419297575
1.1785422366566505,1.2586671290995923
1.1802460131687789,1.260384601992075
1.1819490231330494,1.2620990050447756
1.1836512448418082,1.2638102820301138
1.1853526562434893,1.2655183760515822
1.1870532349385992,1.2672232295400405
1.188752958175689,1.2689247842500837
1.190451802847317,1.2706229812564878
1.1921497454859973,1.2723177609507332
1.1938467622601403,1.2740090630376124
1.1955428289699823,1.2756968265319204
1.1972379210435071,1.2773809897552344
1.1989320135323551,1.2790614903327837
1.2006250811077306,1.280738265190413
1.2023170980562952,1.2824112505516423
1.2040080382760594,1.2840803819348277
1.205697875272266,1.2857455941504223
1.2073865821532683,1.2874068212983454
1.2090741316264044,1.289063996765459
1.2107604959938671,1.2907170532231573
1.2124456471485716,1.2923659226250717
1.2141295565700203,1.2940105362048928
1.2158121953201666,1.295650824474317
1.2174935340392783,1.2972867172211162
1.2191735429418018,1.2989181435073367
1.2208521918122257,1.3005450316676312
1.222529450000949,1.3021673093077255
1.2242052864201522,1.3037849033030238
1.2258796695396708,1.3053977397973582
1.2275525673828749,1.3070057442018836
1.2292239475225564,1.308608841194122
1.230893777076821,1.3102069547171606
1.2325620227049905,1.3118000079790084
1.2342286506035127,1.3133879234521109
1.2358936265018852,1.3149706228730325
1.2375569156585855,1.3165480272423054
1.2392184828570203,1.3181200568244513
1.2408782924014827,1.3196866311481796
1.242536308113131,1.3212476690067643
1.2441924933259791,1.3228030884586064
1.2458468108829075,1.3243528068279826
1.2474992231316926,1.3258967407059867
1.2491496919210572,1.3274348059516663
1.250798178596743,1.3289669176933583
1.2524446439976065,1.3304929903302296
1.254089048451739,1.332012937534024
1.2557313517726147,1.333526672251021
1.2573715132552654,1.3350341067042115
1.2590094916724852,1.3365351523956912
1.2606452452710657,1.338029720109279
1.2622787317680653,1.3395177199133632
1.2639099083471108,1.3409990611639795
1.2655387316547368,1.342473652508124
1.2671651577967618,1.343941401887308
1.2687891423347035,1.3454022165413548
1.2704106402822375,1.346856003012447
1.2720296061016945,1.3483026671494232
1.273645993700608,1.3497421141123331
1.275259756428304,1.3511742483772524
1.2768708470725432,1.352598973741361
1.2784792178562094,1.3540161933282902
1.2800848204340554,1.355425809593742
1.2816876058894993,1.3568277243313849
1.28328752473148,1.3582218386790288
1.2848845268913704,1.3596080531250845
1.286478561719952,1.3609862675153115
1.2880695779844504,1.362356381059856
1.2896575238656398,1.3637182923405862
1.2912423469550112,1.3650718993187245
1.2928239942520117,1.3664170993427849
1.2944024121613558,1.367753789156815
1.295977546490411,1.3690818649089487
1.297549342446659,1.3704012221602733
1.2991177446352369,1.3717117558940115
1.3006826970565588,1.3730133605250265
1.3022441431040224,1.3743059299096492
1.3038020255618006,1.3755893573558318
1.3053562866027226,1.3768635356336338
1.306906867786246,1.3781283569860396
1.3084537100565234,1.3793837131401125
1.3099967537405648,1.3806294953184892
1.3115359385464993,1.3818655942512144
1.3130712035619394,1.3830919001879218
1.3146024872524489,1.384308302910362
1.3161297274601182,1.3855146917452803
1.317652861402251,1.3867109555776467
1.3191718256701608,1.387896982864241
1.320686556228087,1.389072661647594
1.3221969884122262,1.390237879570289
1.3237030569298869,1.3913925238896223
1.3252046958587669,1.3925364814926278
1.3267018386463598,1.3936696389114644
1.32819441810949,1.3947918823391712
1.3296823664339814,1.3959030976457876
1.3311656151744626,1.3970031703948433
1.332644095254311,1.3980919858602174
1.3341177369657389,1.399169429043367
1.3355864699700248,1.4002353846909272
1.3370502232978942,1.4012897373126842
1.3385089253500502,1.4023323711999172
1.339962503897859,1.4033631704441152
1.341410886084196,1.404382018956065
1.3428539984244463,1.4053888004853106
1.3442917668076768,1.4063833986399854
1.3457241164979703,1.4073656969070143
1.3471509721359325,1.4083355786726865
1.3485722577403705,1.4092929272435981
1.3499878967101504,1.4102376258679623
1.3513978118262342,1.4111695577572858
1.352801925253898,1.4120886061084112
1.35420015854514,1.4129946541259228
1.3555924326412747,1.4138875850449115
1.356978667875723,1.4147672821541015
1.3583587839769964,1.4156336288193307
1.359732700071881,1.416486508507386
1.3611003346888253,1.417325804810189
1.3624616057615309,1.418151401469328
1.3638164306327552,1.4189631824009337
1.3651647260583244,1.4197610317208964
1.3665064082113625,1.4205448337704167
1.3678413926867374,1.4213144731418892
1.3691695945057318,1.422069834705112
1.370490928120934,1.4228108036338192
1.371805307421361,1.42353726543253
1.373112645737809,1.4242491059637092
1.3744128558484403,1.4249462114752336
1.3757058499846058,1.4256284686281582
1.376991539836907,1.4262957645247762
1.3782698365615018,1.4269479867369672
1.3795406507866554,1.4275850233348242
1.3808038926195398,1.4282067629155546
1.3820594716532846,1.428813094632648
1.3833072969742823,1.4294039082253014
1.3845472771697505,1.4299790940480954
1.3857793203355526,1.4305385431009123
1.3870033340842822,1.4310821470590889
1.388219225553611,1.431609798303792
1.3894269014149043,1.4321213899526137
1.3906262678821069,1.4326168158903687
1.3918172307208991,1.433095970800092
1.3929996952581298,1.4335587501942224
1.3941735663915231,1.4340050504459623
1.3953387485996671,1.4344347688208046
1.396495145952278,1.4348478035082146
1.3976426621207545,1.435244053653457
1.39878120038901,1.435623419389555
1.3999106636645944,1.4359858018693723
1.4010309544901052,1.4363311032978041
1.402141975054885,1.4366592269640655
1.4032436272070132,1.4369700772740654
1.4043358124655896,1.4372635597828536
1.4054184320333112,1.4375395812271266
1.4064913868093456,1.4377980495577798
1.4075545774024996,1.4380388739724945
1.408607904144686,1.4382619649483428
1.409651267104688,1.4384672342743983
1.4106845661022225,1.4386545950843397
1.411707700722303,1.4388239618890304
1.4127205703299028,1.4389752506090618
1.413723074084918,1.4391083786072438
1.4147151109574307,1.4392232647210295
1.4156965797432737,1.4393198292948572
1.416667379079894,1.4393979942123958
1.4176274074625197,1.4394576829286772
1.418576563260621,1.4394988205021004
1.419514744734679,1.4395213336262922
1.420441850053242,1.4395251506618068
1.42135777731029,1.4395102016676502
1.4222624245428896,1.4394764184326125
1.4231556897491455,1.4394237345063916
1.4240374709064476,1.439352085230491
1.4249076659900088,1.4392614077688781
1.4257661729916946,1.4391516411383818
1.426612889939141,1.4390227262388184
1.4274477149151594,1.4388746058828241
1.4282705460774263,1.4387072248253798
1.4290812816784546,1.4385205297930108
1.4298798200858442,1.438314469512645
1.4306660598028096,1.438088994740112
1.43143989948898,1.4378440582882672
1.4322012379814717,1.4375796150547224
1.4329499743162233,1.4372956220491686
1.4336860077495996,1.436992038420271
1.43440923778025,1.4366688254821234
1.4351195641712235,1.4363259467402412
1.435816886972336,1.4359633679170796
1.4365011065427822,1.4355810569770588
1.4371721235739905,1.4351789841510807
1.4378298391127131,1.4347571219605195
1.4384741545843516,1.4343154452406721
1.4391049718165023,1.433853931163651
1.4397221930627306,1.4333725592607027
1.4403257210265523,1.4328713114439406
1.4409154588856303,1.4323501720274696
1.4414913103161706,1.4318091277478937
1.442053179517516,1.4312481677841893
1.4426009712369292,1.4306672837769274
1.4431345907945587,1.4300664698468344
1.443653944108581,1.429445722612672
1.4441589377205104,1.4288050412084274
1.444649478820671,1.428144427299796
1.4451254752738207,1.427463885099946
1.4455868356449215,1.426763421384549
1.4460334692250472,1.4260430455060675
1.4464652860574172,1.4253027694072826
1.4468821969635546,1.4245426076340542
1.4472841135695524,1.423762577347298
1.4476709483324444,1.4229626983341703
1.4480426145666665,1.4221429930184506
1.4483990264706053,1.421303486470107
1.4487400991532176,1.420444206414041
1.4490657486607166,1.4195651832379945
1.4493758920033115,1.4186664499996169
1.449670447181992,1.4177480424326787
1.4499493332153444,1.4168099989524248
1.450212470166395,1.4158523606600597
1.450459779169463,1.4148751713463574
1.4506911824570152,1.413878477494389
1.4509066033865143,1.4128623282813613
1.4511059664672423,1.4118267755795602
1.4512891973870967,1.4107718739563955
1.4514562230393384,1.4096976806735397
1.4516069715492883,1.4086042556851581
1.451741372300957,1.4074916616352258
1.4518593559635908,1.406359963853929
1.4519608545181342,1.4052092303531472
1.452045801283583,1.4040395318210144
1.452114130943225,1.4028509416155588
1.452165779570753,1.4016435357574175
1.452200684656236,1.4004173929216295
1.452218785131938,1.3991725944285027
1.4522200213979737,1.39790922423356
1.4522043353477805,1.3966273689165627
1.4521716703934051,1.3953271176696147
1.452121971490582,1.3940085622843486
1.452055185163597,1.392671797138199
1.4519712595299197,1.391316919179764
1.451870144324594,1.3899440279132609
1.4517517909243716,1.3885532253820798
1.4516161523715765,1.3871446161514422
1.4514631833976874,1.3857183072901673
1.4512928404466268,1.3842744083515564
1.4511050816977376,1.3828130313533995
1.4508998670884423,1.381334290757113
1.450677158336566,1.3798383034460158
1.4504369189623127,1.3783251887027554
1.4501791143098808,1.3767950681858883
1.4499037115687063,1.375248065905628
1.4496106797943198,1.3736843081987726
1.449299989928805,1.372103923702817
1.448971614820847,1.3705070433292663
1.4486255292453534,1.3688938002361621
1.4482617099226465,1.3672643297998295
1.447880135537199,1.3656187695858628
1.447480786755915,1.3639572593193614
1.447063646245936,1.3622799408544286
1.4466286986919643,1.3605869581429497
1.446175930813089,1.3588784572026624
