evolving_asym_D=0.4 mm^2/w,evolving_sym_D=0.4 mm^2/w
4.0,4.0
3.984,4.0
3.9687088352,4.0
3.954102637935343,4.000000260715309
3.940161054087291,4.000003817658003
3.926867650515701,4.0000169259819485
3.9142093377570273,4.000048516863548
3.902175863055874,4.0001097208750584
3.890759388981988,4.0002134741342035
3.8799541430430895,4.000374193066395
3.8697561240578944,4.000607503884154
3.8601628540579656,4.000930015828154
3.8511731671055305,4.001359129783492
3.842787028390353,4.001912875822628
3.8350053784268567,4.002609774654159
3.8278299982544777,4.003468719014141
3.8212633923576487,4.004508871830284
3.815308686642618,4.005749578593906
3.8099695392890816,4.007210291841848
3.805250062671981,4.00891050601664
3.80115475484867,4.010869701263622
3.797688439347579,4.0131072949566375
3.794856212189951,4.015642599932567
3.7926633952362527,4.0184947885691855
3.791115495080872,4.021682861967872
3.7902181668284713,4.0252256236081845
3.789977182177135,4.029141656929366
3.790398401310729,4.033449306367968
3.791487748168211,4.03816666144329
3.7932511887132234,4.0433115435355305
3.79569471187473,4.048901495046887
3.798824312870202,4.054953770674673
3.802645978657821,4.061485330558979
3.8071656752945215,4.068512835096224
3.812389337002872,4.076052641234961
3.8183228567726206,4.084120800091975
3.8249720783426446,4.092733055745666
3.832342789426385,4.101904845080189
3.840440716059121,4.1116512985683435
3.8492715179587966,4.121987241893855
3.858840784803923,4.132927198324905
3.869154033342421,4.1444853917606
3.880216705254508,4.156675750380757
3.892034165700831,4.169511910837114
3.9046117024942486,4.18300722293084
3.917954525840107,4.197174754727333
3.9320677685955143,4.212027298064616
3.946956487003216,4.227577374416474
3.962625661860185,4.243837241075718
3.979080200085112,4.2608188976267645
3.996324936652564,4.278534092680148
4.014364636864833,4.29699433084458
4.033203998935423,4.316210879914941
4.052847656860671,4.336194778256966
4.073300183558412,4.35695684237164
4.094566094254627,4.378507674624209
4.1166498501009645,4.400857671124528
4.139555862007708,4.4240170297470165
4.163288494678287,4.447995758279927
4.18785207083286,4.472803682694903
4.213250875609695,4.49845045552896
4.239489161134273,4.524945564372068
4.266571151247015,4.552298340454427
4.294501046381484,4.580517967328398
4.323283028585775,4.609613489640796
4.352921266680547,4.639593821991942
4.38341992154788,4.670467757878512
4.414783151545737,4.702243978717763
4.447015118043446,4.734931062951232
4.480119991074104,4.768537495226503
4.514101955100319,4.803071675655999
4.548965214890139,4.83854192915221
4.584714001500449,4.87495651483907
4.621352578365471,4.912323635539557
4.658885247488393,4.950651447339857
4.697316355734432,4.989948069230749
4.736650301223992,5.03022159282708
4.776891539824829,5.071480092166482
4.818044591742429,5.113731633588671
4.860114048208027,5.156984285696908
4.903104578263985,5.201246129403388
4.9470209356464245,5.246525268060519
4.991867965765266,5.2928298376802445
5.03765061278203,5.340168017243741
5.084373926785947,5.388548039103981
5.132043071069148,5.437978199483859
5.1806633295018765,5.488466869072724
5.230240114008874,5.540022503724326
5.280778972148269,5.59265365525939
5.332285594794505,5.646368982376169
5.384765823926992,5.701177261672514
5.438225660526407,5.757087398783194
5.492671272580706,5.814108439636347
5.54810900320314,5.872249581833167
5.60454537886472,5.931520186155095
5.66198711774381,5.991929788203003
5.720441138195692,6.053488110173043
5.779914567345158,6.116205072774067
5.840414749805396,6.180090807291728
5.901949256526631,6.24515566780461
5.964525893778216,6.31141024355796
6.028152712268046,6.3788653715008605
6.092838016403448,6.447532148992918
6.158590373697887,6.517421946686815
6.225418624328076,6.588546421593352
6.293331890846324,6.660917530335901
6.36233958805321,6.734547542601462
6.432451433035909,6.80944905479586
6.503677455377781,6.885635003910923
6.5760280075451,6.963118681611808
6.649513775457057,7.041913748553015
6.724145789245507,7.122034248931973
6.799935434211178,7.203494625289442
6.876894461983388,7.286309733566406
6.95503500189064,7.370494858427495
7.034369572549775,7.4560657288613985
7.114911093681688,7.54303853406919
7.196672898161994,7.631429939651899
7.279668744315345,7.721257104109154
7.363912828462487,7.812537695661183
7.449419797729518,7.905289909406973
7.536204763129207,7.999532484831889
7.62428331292461,8.0952847236786
7.713671526285667,8.192566508195688
7.80438598724985,8.291398319778931
7.896443798998409,8.391801258020767
7.989862598460198,8.493797060184132
8.084660571255519,8.597408121117454
8.180856466992925,8.702657513628216
8.278469614932414,8.809569009333234
8.377519940028938,8.918167100004425
8.478027979370708,9.028477019429591
8.580014899027303,9.1405247658085
8.683502511323152,9.254337124705252
8.788513292552544,9.36994169257877
8.895070401152912,9.487366900914044
9.003197696353762,9.606642040977574
9.112919757319244,9.727797289221384
9.224261902803011,9.850863733360802
9.337250211334728,9.9758733991522
9.45191154195822,10.102859277897773
9.56827355554204,10.231855354705482
9.686364736683952,10.362896637533243
9.806214416231557,10.496019187047546
9.927852794442144,10.631260147327723
10.051310964805625,10.768657777448224
10.176620938555253,10.908251483972407
10.303815669891703,11.050081854392504
10.432929081947009,11.194190691551697
10.563996093515692,11.340621049085431
10.697052646581549,11.489417267920444
10.832135734669274,11.64062501387128
10.969283432051435,11.794291316375459
11.108534923842052,11.950464608409886
11.249930537009332,12.109194767632497
11.393511772341144,12.270533158794688
11.53932133739793,12.43453267747159
11.687403180488978,12.601247795158818
11.837802525709208,12.770734605785965
11.990565909074803,12.943050873698779
12.145741215797411,13.118256083163663
12.30337771873788,13.296411489449902
12.463526118081887,13.477580171546796
12.62623858228126,13.66182708657478
12.79156879030618,13.849219125951414
12.95957197525498,14.039825173375132
13.130304969369734,14.233716164691554
13.303826250507448,14.430965149709218
13.480195990118252,14.631647356033612
13.659476102783604,14.835840254990485
13.841730297369232,15.043623629711535
14.027024129849291,15.25507964545776
14.215425057859935,15.470292922257896
14.407002497042283,15.689350609941611
14.60182787923672,15.912342465649399
14.799974712592192,16.139360933903287
15.0015186436562,16.37050122932483
15.206537521513054,16.60586142208912
15.415111464039974,16.84554252620577
15.627322926352637,17.089648590720195
15.843256771513724,17.33828679393073
16.063000343580207,17.59156754071934
16.286643543067008,17.849604563095916
16.51427890490694,18.11251502405835
16.746001678988772,18.380419624872573
16.98190991335742,18.65344271587889
17.222104540162384,18.93171241093279
17.466689464442542,19.215360705590328
17.715771655837553,19.504523599149806
17.969461243318083,19.799341220663077
18.22787161302909,20.099957959031226
18.491119509342337,20.406522597300476
18.75932513921609,20.71918845127524
19.032612279961945,21.038113512565868
19.31110839052005,21.36346059618911
19.59494472634616,21.695397492839383
19.884256458014605,22.03409712594866
20.17918279364343,22.379737713652077
20.479867105248324,22.732502935775273
20.786457059133344,23.092582105957696
21.099104750426942,23.46017034902398
21.41796684187228,23.8354687837125
21.743204706980823,24.21868471086676
22.07498457765832,24.61003180719078
22.413477696411192,25.009730324664513
22.75886047324102,25.418007295709163
23.1113146473327,25.835096744185012
23.47102745364047,26.261239902296143
23.83819179447304,26.6966854334668
24.21300641617623,27.141689661243223
24.595676091007466,27.596516804262418
24.98641180429197,28.06143921731526
25.385430946945103,28.536737638515625
25.792957513438743,29.022701442569442
26.20922230528247,29.51962890011799
26.63446314008166,30.027827443107565
27.06892506622501,30.547613936113407
27.512860583242944,31.079314953518615
27.966529867866036,31.623267062418947
28.43020100579841,32.179817111091516
28.904150229205616,32.74932252282914
29.388662159898782,33.33215159490244
29.884030058177377,33.92868380236828
30.39055607727136,34.53931010639555
30.90855152329932,35.164433266727556
31.438337120632937,35.804468157843786
31.98024328252862,36.4598420883223
32.534610386855384,37.13099512283772
33.101789056712555,37.81838040615739
33.682140445692475,38.52246448842051
34.276036527501155,39.24372765090076
34.88386038960389,39.982664231362406
35.50600653051275,40.739782948022295
36.142881160278485,41.51560722102549
36.794902503690366,42.31067549023024
37.46250110562343,43.12554152797785
38.14612013790365,43.960774745395334
38.84621570698668,44.816960490641925
39.563257161665774,45.694700337366044
40.297727399937486,46.5946123614852
41.05012317406143,47.51733140423892
41.82095539275044,48.46350931929288
42.61074941932126,49.43381520149174
43.42004536452188,50.42893559466823
44.24939837263094,51.449574675717415
45.09937889929523,52.496454411937385
45.97057297943493,53.57031468842205
46.86358248340131,54.6719134020678
47.77902535941844,55.802026518524976
48.71753586017954,56.96144808818763
49.67976475129876,58.150990217072255
50.66637949914174,59.371482988188724
51.67806443537236,60.62377432875688
52.71552089535987,61.908729818370645
53.77946732738923,63.227232432960946
54.87063936940998,64.5801822191609
55.98978988984449,65.96849589343444
57.13768898875664,67.39310636009513
58.31512395545764,68.85496214211963
59.52289917839774,70.3550267184519
60.76183600296257,71.89427776130591
62.03277253256207,73.4737062668085
63.33656336817096,75.09431557218606
64.67407928125314,76.75712025259392
66.04620681478255,78.46314489062013
67.45384780686057,80.2134227114726
68.89791883122943,82.00899407688578
70.37935054879506,83.85090483086647
71.89908696410434,85.74020449054497
73.4580845805764,87.67794427561405
75.05731144816768,89.6651749701306
76.69774609706222,91.70294461083108
78.38037635092613,93.792295996578
80.10619801325385,95.9342640141168
81.87621342036935,98.12987277598813
83.69142985473319,100.38013256721379
85.5528578123526,102.68603659826108
87.46150911830276,105.04855756279451
89.41839488464856,107.46864399984769
91.4245233054144,109.94721646129474
93.48089728369044,112.48516348686958
95.58851188649298,115.08333739047097
97.74835162362054,117.74254986310045
99.9613875474686,120.46356739950112
102.22857417159268,123.24710655739345
104.55084620674086,126.09382906012824
106.92911511411938,129.00433675558602
109.36426547680762,131.97916644623186
111.85715119150234,135.01878460736762
114.40859148414556,138.12358201279167
117.01936675447072,141.29386828925706
119.69021425608508,144.5298664232892
122.42182362038592,147.83170724605776
125.214832234373,151.19942392406776
128.0698204842639,154.63294648541162
130.98730687872302,158.13209641317897
133.96774306747176,161.69658133932307
137.01150877303058,165.32598987380183
140.118906655343,169.01978660511713
143.29015713101805,172.77730730944188
146.52539317088338,176.59775440631967
149.8246551014387,180.48019269942495
153.18788543761437,184.42354544105922
156.61492377594416,188.4265907589118
160.10550177882973,192.48795848311647
163.65923828197754,196.60612741077884
167.27563455830168,200.77942304392323
170.95406977258224,205.00601583521308
174.69379666192273,209.2839199738349
178.49393747754135,213.61099274161154
182.35348022363775,217.9849344667349
186.27127522898252,222.4032890994989
190.2460320864667,226.86344543108814
194.27631699511437,231.36263897286102
198.360550537992,235.8979545096834
202.49700592804595,240.46632933675173
206.6838077521615,245.0645571850232
210.91893124167004,249.68929283588065
215.20020209514672,254.3370574210394
219.52529687664665,259.00424439898785
223.89174400954772,263.6871261944848
228.29692538291656,268.3818614828544
232.73807858381693,273.08450309606593
237.2122997652643,277.7910065229029
241.7165471556213,282.49723897095487
246.2476452111608,287.1989889537534
250.80228940932696,291.8919763621565
255.3770516759336,296.57186297511305
259.96838643519044,301.2342633612474
264.5726372670758,305.87475611933553
269.18604415221773,310.4888954027379
273.80475128014143,315.07222267024486
278.42481539252674,319.6202786036151
283.04221462903604,324.12861513037086
287.65285783935576,328.59280748918655
292.2525943213829,333.00846627448846
296.8372239420213,337.3712493966881
301.4025075938632,341.6768738948116
305.94417793815654,345.92112753916217
310.4579503819379,350.0998801630638
314.9395342350568,354.20909466466657
319.3846439910851,358.2448376222318
323.7890106747931,362.2032894692347
328.14839319801774,366.08075417899073
332.458589665364,369.8736684122935
336.71544857126673,373.57861008570154
340.91487983051763,377.1923063225846
345.05286558541934,380.71164075378056
349.1254707342618,384.13366013966873
353.1288531278158,387.455580290579
357.05927338297926,390.6747912676637
360.9131042655756,393.7888618516104
364.6868395975523,396.79554327180267
368.3771026474336,399.6927721936903
371.9806539667953,402.47867296715947
375.4943986397139,405.1515591435379
378.9153929165457,407.70993427349623
382.2408502079654,410.1524920024632
385.468146419883,412.4781154842283
388.5948246146174,414.6858761371303
391.6185989884742,416.77503177059765
394.53735816060976,418.7450241127978
397.3491677727095,420.59547577275833
400.0522724035262,422.3261866725287
402.6450968066591,423.9371299867634
405.126246484082,425.4284476285226
407.4945076118016,426.80044532111634
409.7488463376211,428.05358729647395
411.8884074742744,429.1884906608173
413.9125126141578,430.20591946837555
415.8206576945125,431.10677854352076
417.61251004417824,431.8921070910532
419.28790494496144,432.5630721334493
420.8468417422165,433.12096181272716
422.28947954044975,433.5671785932203
423.61613252062085,433.9032323999977
424.8272649163449,434.1307337259639
425.9234856864166,434.251386738841
426.905542920989,434.2669824172981
427.77431801837577,434.17939174348777
428.53081966882087,433.9905589771857
429.17617768072085,433.702495034642
429.71163668371577,433.3172709931544
430.13854974180896,432.8370117402877
430.45837190825904,432.263889784606
430.6726537524341,431.6001192427691
430.7830348871533,430.8479500158876
430.7912375232863,430.00966216614205
430.6990600765605,429.08756050285996
430.5083708496612,428.0839693855198
430.2211018108184,427.00122774951905
429.8392424881752,425.84168435900693
429.36483399734766,424.60769328964824
428.7999632177204,423.3016096428514
428.1467571311988,421.92578549176534
427.40737733536656,420.48256605822235
426.58401474128055,418.9742861187811
425.6788844644941,417.40326663709726
424.6942209163305,415.7718116190238
423.6322731009429,414.0822051861072
422.4953001222974,412.3367088625032
421.28556690390553,410.5375590697769
420.0053401229151,408.6869648235753
418.6568843590391,406.7871056257608
417.2424584577697,404.8401295452638
415.7643121063796,402.8481514806533
414.2246826203591,400.81325159722195
412.6257919371709,398.73747393124063
410.96984381351984,396.6228251539464
409.2590212217357,394.4712734877834
407.49548394034105,392.28474776741655
405.6813663334266,390.0651366380753
403.818775313074,387.81428788385597
401.9097884787517,385.53400787871504
399.95645242735225,383.2260611530122
397.9607812273432,380.89217006861605
395.9247550503542,378.5340145957548
393.8503189534282,376.1532321849829
391.73938180510567,373.75141772783667
389.59381534849854,371.3301235999629
387.41545339453046,368.89085978072836
385.2060911385712,366.43509404354353
382.9674845937759,363.9642522113685
380.7013501345438,361.47971847210243
378.4093641436414,358.9828357487957
376.0931627566779,356.4749061198595
373.7543416977869,353.9571912846824
371.39445620054295,351.43091307029533
369.0150210083271,348.89725397495545
366.6175104485541,346.35735774474284
364.2033585753746,343.8123299794839
361.77395937567366,341.26323876452796
359.33066703339904,338.71111532511156
356.8747962474636,336.1569547002448
354.4076225986809,333.60171643324946
351.93038296140486,331.0463252762639
349.4442759557561,328.49167190620994
346.9504624365249,325.9386136498904
344.4500660150455,323.3879752160482
341.94417361053814,320.84054943237845
339.4338360276104,318.2970979856332
336.92006855679983,315.75835216310156
334.4038515952265,313.22501359388525
331.8861312846016,310.697754988516
329.3678201640129,308.1772208755858
326.849797835074,305.66402833417374
324.33291163718417,303.1587677209639
321.81797733080134,300.66200339105023
319.3057797867752,298.1742744115211
316.79707367993046,295.6960952670065
314.29258418522386,293.2279565564569
311.7930076749254,290.77032568050026
309.29901241539693,288.3236475188011
306.81123926215594,285.8883450969118
304.3303023520209,283.46482024217363
301.85678979123907,281.0534542282845
299.39126433859394,278.6546084082057
296.93426408258216,276.2686248351331
294.4863031118359,273.8958268713059
292.0478721780486,271.53651978447095
289.61943935073697,269.19099133186063
287.2014506632464,266.8595123315824
284.7943307494704,264.54233722135024
282.3984834708215,262.239704604523
280.0142925330444,259.9518377834414
277.64212209252275,257.6789452800837
275.28231735177576,255.42122134408436
272.9352051438919,253.17884644818136
270.60109450568905,250.95198777117852
268.2802772394312,248.74079966852693
265.9730284629685,246.54542413064615
263.6796071482037,244.3659912291203
261.40025664781723,242.20261955091686
259.1352052102153,240.055416620788
256.884666482689,237.92447931202412
254.64884000279957,235.8098942457382
252.42791167802585,233.71173817886748
250.2220542537306,231.63007838108496
248.03142776952063,229.56497300082006
245.8561800040933,227.51647142059102
243.6964469086752,225.48461460185655
241.55235302917455,223.46943541959683
239.42401191717929,221.47095898683642
237.3115265299434,219.48920296932303
235.21498961951607,217.52417789057785
233.13448411117255,215.57588742753285
231.07008347131688,213.6443286969709
229.02185206503003,211.7294925329843
226.9898455034444,209.8313637556659
224.9741109811283,207.94992143124634
222.9746876036699,206.0851391238889
220.9916067056508,204.236985139352
219.02489215920383,202.4054227607268
217.0745606733504,200.59041047645547
215.14062208431375,198.79190220083268
213.2230796370058,197.00984748719006
211.321930257885,195.2441917339611
209.4371648193828,193.49487638381981
207.5687683960952,191.76183911608436
205.71672051293555,190.0450140325723
203.8809953854432,188.34433183709217
202.06156215244027,186.65972000875112
200.2583851012295,184.9911029692561
198.47142388552027,183.33840224438154
196.70063373627156,181.70153661977326
194.94596566563524,180.08042229125485
193.2073666641828,178.47497300979876
191.4847798915934,176.8851002213208
189.77814486098103,175.31071320145344
188.0873976170335,173.75171918544874
186.4124709081342,172.20802349335963
184.7532943526336,170.67952965064288
183.1097945994351,169.1661395043249
181.48189548305623,167.66775333486757
179.8695181733226,166.18426996386737
178.27258131984956,164.7155868577183
176.69100119146273,163.26160022736534
175.12469181070497,161.82220512427165
173.5735650835749,160.39729553272005
172.03753092463788,158.98676445856526
170.51649737764794,157.59050401455082
169.01037073181493,156.2084055023013
167.51905563384884,154.84035949109716
166.0424551959095,153.4862558935366
164.5804710995867,152.14598403818644
163.13300369603294,150.81943273932012
161.69995210236743,149.50649036383876
160.28121429446745,148.2070448954686
158.8766871962597,146.92098399632485
157.4862667656215,145.6481950659295
156.10984807699876,144.3885652977689
154.7473254008447,143.14198173347265
153.3985922799806,141.90833131469486
152.06354160297695,140.68750093277504
150.74206567465072,139.4793774762539
149.43405628377155,138.2838478763176
148.13940476806786,137.10079915024087
146.85800207662004,135.93011844289808
145.5897388297266,134.7716930664085
144.33450537632595,133.62541053798077
143.09219184905433,132.49115861601874
141.86268821701822,131.36882533454937
140.6458843363569,130.2582990360317
139.441669998669,129.15946840260344
138.2499349773747,128.07222248582045
137.07056907208224,126.99645073494243
135.90346215102707,125.93204302381665
134.74850419164804,124.87888967640947
133.60558531936442,123.83688149103445
132.474595844615,122.80590976332363
131.35542629821893,121.78586630798765
130.24796746511578,120.77664347940849
129.15211041654098,119.77813419110744
128.06774654069096,118.79023193412941
126.99476757193024,117.81283079438347
125.9330656185915,116.84582546897808
124.88253318941844,115.88911128158828
123.84306321869842,114.94258419689112
122.81454909013186,114.00614083410372
121.79688465948304,113.07967847965834
120.78996427605564,112.16309509904652
119.79368280303537,111.25628934786414
118.80793563673998,110.35916058208791
117.83261872481678,109.47160886761255
116.86762858342505,108.5935349890775
115.912862313441,107.72484045801046
114.96821761572072,106.86542752031455
114.03359280545575,106.01519916312475
113.10888682565488,105.17405912105859
112.19399925978472,104.34191188188514
111.2888303436001,103.51866269163538
110.39328097619492,102.70421755917667
109.50725273030292,101.89848326027277
108.63064786187635,101.10136734115052
107.76336931897058,100.31277812159334
106.90532074996058,99.53262469758111
106.05640651111584,98.76081694349541
105.21653167355768,97.99726551390818
104.38560202962351,97.24188184497152
103.56352409866136,96.49457815542569
102.75020513227652,95.75526744724154
101.94555311905302,95.02386350591334
101.14947678876982,94.30028090041735
100.36188561613288,93.58443498285068
99.58268982404216,92.87624188776492
98.81180038641293,92.17561853120814
98.04912903056916,91.48248260948859
97.29458823922738,90.79675259767278
96.54809125208732,90.1183477478305
95.80955206704648,89.44718808703838
95.07888544105424,88.78319441515379
94.35600689062083,88.12628830236986
93.64083269199652,87.47639208656254
92.9332798810346,86.8334288704398
92.23326625275276,86.19732251850299
91.54071036060591,85.56799765382989
90.8555315154832,84.94537965468872
90.17764978444208,84.32939465099186
89.50698598919124,83.71996952059793
88.84346170433386,83.11703188547054
88.18699925538283,82.52051010770144
87.53752171655823,81.9303332854059
86.89495290837792,81.34643124849757
86.25921739505101,80.76873455435006
85.63024048168414,80.19717448335177
85.00794821130964,79.63168303436089
84.39226736174491,79.07219292006657
83.78312544229148,78.5186375622626
83.18045069028216,77.97095108703921
82.58417206748453,77.42906831989883
81.9942192563683,76.89292478080105
81.41052265624423,76.36245667914203
80.83301337928177,75.83760090867344
80.26162324641234,75.31829504236556
79.69628478312505,74.80447732721935
79.13693121516116,74.2960866790317
78.58349646411368,73.79306267711834
78.03591514293798,73.29534555899832
77.49412255137912,72.80287621504407
76.95805467132159,72.31559618310077
76.42764816206662,71.83344764307866
75.9028403555423,71.35637341152169
75.38356925145142,70.88431693615593
74.86977351236176,70.41722229042082
74.36139245874331,69.95503416798638
73.85836606395692,69.49769787725921
73.36063494919856,69.04515933588021
72.86814037840311,68.59736506521655
72.38082425311175,68.15426218485054
71.89862910730655,67.71579840706778
71.42149810221579,67.28192203134705
70.94937502109367,66.85258193885399
70.48220426397741,66.42772758694085
70.01993084242508,66.00730900365436
69.5625003742372,65.5912767822535
69.10985907816486,65.1795820757392
68.66195376860732,64.7721765913977
68.21873185030162,64.36901258535909
67.78014131300682,63.970042857172935
67.34613072618525,63.57522074440224
66.91664923368317,63.184500117237306
66.49164654841307,62.7978353731309
66.07107294703964,62.41518143145597
65.65487926467158,62.03649372818717
65.24301688956113,61.6617282106074
64.8354377578132,61.29084133204044
64.43209434810578,60.92379004661075
64.03293967642354,60.56053180403136
63.63792729080597,60.20102454442099
63.2470112661118,59.84522669315098
62.86014619880099,59.493097155723156
62.47728720173585,59.14459531267924
62.09838989900246,58.79968101454257
61.723410420753765,58.45831457679288
61.35230539807539,58.120456774874725
60.98503195787548,57.78606883924017
60.6215477177995,57.45511245042631
60.26181078117104,57.12754973416814
59.90577973195961,56.80334325654726
59.55341362977628,56.482456019176844
59.20467200489807,56.164851454423335
58.85951485332184,55.850493420665174
58.51790263184849,55.539346197588976
58.17979625319811,55.23137448152342
57.84515708115679,54.92654338081115
57.51394692575573,54.62481841121895
57.186128038483176,54.32616549138648
56.86166310752976,54.030550938313596
56.54051525306774,53.73794146288665
56.22264802256463,53.4483041654438
55.908025386131584,53.16160653137945
55.596611731907046,52.877816426787994
55.28837186147591,52.59690209414691
54.983270985324594,52.31883214803926
54.681274718332375,52.043575570915664
54.38234907529914,51.771101708895756
54.08646046650992,51.50138026760917
53.79357569333639,51.23438130807599
53.50366194387547,50.970075242626656
53.216686788625374,50.70843283086136
52.93261817619901,50.449425175648756
52.65142442907507,50.19302371916397
52.37307423938686,49.93920023896587
52.09753666474887,49.687926844113434
51.82478112412124,49.439175971321156
51.5547773937122,49.19292038115329
51.28749560291839,48.94913315425693
51.02290623030317,48.70778768763364
50.76098009961287,48.46885769094963
50.50168837583107,48.23231718288416
50.24500256127064,47.998140487516125
49.99089449170373,47.76630223074859
49.73933633252954,47.536777336771095
49.49030057497981,47.30954102455949
49.24376003236189,47.084568804413216
48.9996878363394,46.86183647452966
48.75805743325025,46.64132011761553
48.51884258046201,46.422996097534885
48.28201734276436,46.20684105599371
48.047556088798665,45.992831909260715
47.81543348752428,45.78094584492413
47.58562450472168,45.571160318684356
47.35810439953202,45.36345305118206
47.13284872103316,45.1578020248616
46.90983330485175,44.95418548086943
46.68903426981134,44.75258191598727
46.47042801461632,44.55297007959983
46.25399121457136,44.35532897069667
46.0397008183362,44.15963783490808
45.82753404471569,43.96587616157466
45.617468379484656,43.774023680850284
45.40948157224751,43.584060360838194
45.20355163333229,43.39596640476001
44.999656830718976,43.20972224815728
44.79777568700178,43.02530855612533
44.59788697638515,42.84270622057919
44.3999697217133,42.661896357551164
44.204003191533,42.482860304519946
44.00996689718935,42.30557961777084
43.81784058995427,42.1300360697869
43.627604258187496,41.956211646670624
43.43923812452978,41.78408854559602
43.25272264312807,41.613649172290636
43.06803849689232,41.44487613854733
42.88516659478382,41.27775225976554
42.70408806913456,41.11226055252167
42.52478427299761,40.94838423216834
42.34723677752798,40.78610671046226
42.17142736939394,40.625411593220434
41.997338048218325,40.466282678004276
41.82495102404969,40.30870395183158
41.65424871486295,40.15265958891588
41.48521374408931,39.99813394843298
41.3178289381751,39.8451115723144
41.15207732416939,39.6935771830674
40.98794212733998,39.54351568162133
40.82540676881754,39.39491214520008
40.66445486326764,39.24775182522024
40.50507021659037,39.10202014521478
40.34723682364732,38.95770269878197
40.19093886601557,38.814785247559236
40.036160709768446,38.67325371922167
39.882886903282895,38.533094205505
39.73110217507296,38.39429296025268
39.58079143164933,38.25683639748681
39.43193975540452,38.12071108950275
39.28453240252353,37.98590376498701
39.138554800919664,37.852401307158246
38.993992548195216,37.72019075193111
38.850831409626814,37.589259286102624
38.70905731617516,37.45959424556088
38.56865636251881,37.33118311351582
38.4296148051119,37.20401351875181
38.291919060265386,37.07807323390173
38.15555570225161,36.95335017374247
38.02051146143204,36.82983239351135
37.8867732224077,36.707508087243504
37.75432802219229,36.5863655861297
37.623163048407534,36.46639335689462
37.493265637500656,36.34758000019515
37.36462327298364,36.229914249038565
37.23722358369409,36.11338496722034
37.1110543420774,35.99798114778136
36.98610346249002,35.88369191148428
36.86235899952361,35.77050650530883
36.73980914634972,35.65841430096586
36.61844223308493,35.54740479342981
36.498246725176045,35.43746759948954
36.379211221805285,35.32859245631708
36.26132445431507,35.220769220054386
36.1445752846523,35.11398786441753
36.02895270383181,35.008238479318436
35.914445830418884,34.90351126950372
35.80104390903046,34.799796553210555
35.688736308854935,34.69708476083933
35.57751252219028,34.59536643364283
35.467362163000296,34.49463222243184
35.35827496548869,34.39487288629689
35.25024078269095,34.29607929134599
35.143249585083595,34.19824240945814
35.03729145921073,34.101353317052414
34.93235660632765,34.005403193872446
34.82843534106133,33.91038332178613
34.72551809008749,33.8162850836003
34.623595390824185,33.72309996189029
34.52265789014158,33.6308195378441
34.42269634308784,33.53943549012102
34.32370161163084,33.448939593724624
34.225664663415515,33.35932371888973
34.12857657053676,33.27057982998343
34.03242850832753,33.18269998441979
33.9372117541621,33.09567633158819
33.84291768627423,33.00950111179503
33.74953778259,32.92416665521877
33.6570636195753,32.839665380877946
33.56548687109759,32.7559897956122
33.47479930730192,32.67313249307605
33.38499279350094,32.59108615274519
33.29605928907876,32.509843538935364
33.207990846408485,32.429397499833385
33.12077960978326,32.34974096654038
33.034417814360665,32.270866952126994
32.94889778512024,32.1927685507004
32.86421193583407,32.11543893648301
32.7803527680502,32.03887136290272
32.69731287008872,31.96305916169453
32.6150849160504,31.887995742013423
32.5336616648377,31.81367458955833
32.453035959187986,31.740089265707088
32.37320072471882,31.667233406662177
32.29414896898518,31.595100722607203
32.215873780548435,31.52368499687389
32.138368328056906,31.452980085119503
32.061625859337994,31.38297991451458
31.98563970050155,31.313678482940794
31.910403255054472,31.24506985819888
31.83591000302636,31.17714817722643
31.76215350010605,31.1099076453255
31.68912737678897,31.043342535399848
31.61682533753511,30.977447187201737
31.54524115993746,30.912216006588118
31.474368693900903,30.847643464786135
31.40420186083129,30.783724097667793
31.33473465283464,30.720452505033705
31.265961131926368,30.65782334990577
31.19787542925032,30.59583135782869
31.130471744307584,30.534471316180227
31.063744344194905,30.473738073490065
30.997687562852608,30.413626538767165
30.932295800321874,30.35413168083554
30.86756352201131,30.29524852767832
30.803485257972625,30.236972165789997
30.740055602185368,30.179297739536754
30.67726921185056,30.122220450524797
30.61512080669313,30.06573555697656
30.553605168273076,30.009838373114693
30.492717139305128,29.954524268553744
30.432451622987006,29.899788667699426
30.37280358233595,29.845627049155397
30.31376803953356,29.79203494513742
30.25534007527877,29.73900794089485
30.19751482814894,29.68654167413934
30.140287493968835,29.63463183448067
30.0836533251875,29.583274162869596
30.0276076302629,29.532464451047716
29.97214577305421,29.482198541004124
29.91726317222169,29.43247232443889
29.86295530063401,29.383281742233226
29.809217684782976,29.334622783926267
29.756045904205543,29.286491487198376
29.703435590913017,29.238883937360903
29.65138242882738,29.191796266852325
29.599882153224613,29.145224654740655
29.548930550184984,29.099165326232086
29.498523456050155,29.053614552185756
29.448656756887058,29.00856864863459
29.399326387958467,28.964023976312113
29.35052833320015,28.919976940185194
29.30225862470453,28.876423988992613
29.2545133422108,28.833361614789407
29.207288612601364,28.790786352496916
29.160580609404605,28.748694779458447
29.114385552303784,28.70708351500052
29.068699706652115,28.665949219999572
29.023519382993868,28.62528859645413
28.97884093659145,28.585098387062295
28.93466076695836,28.545375374804568
28.890975317398045,28.506116382531864
28.84778107454841,28.467318272558728
28.805074567932103,28.42897794626163
28.762852369512373,28.391092343682313
28.72111109325447,28.353658443136126
28.67984739469257,28.316673260825276
28.63905797050208,28.280133850456938
28.598739558077263,28.24403730286618
28.558888935114247,28.208380745643623
28.519502919199144,28.173161342767802
28.480578367401392,28.13837629424216
28.442112175872165,28.10402283573661
28.404101279447836,28.070098238233644
28.366542651258385,28.036599807678883
28.32943330234077,28.003524884636075
28.292770281257106,27.970870843946447
28.25655067371763,27.93863509439236
28.22077160220848,27.906815078365252
28.185430225624074,27.87540827153777
28.150523738904173,27.84441218254008
28.116049372675484,27.813824352640292
28.082004392897797,27.78364235542896
28.048386100514566,27.75386379650757
28.01519183110796,27.724486313181046
27.98241895455817,27.695507574154146
27.95006487470716,27.666925279231762
27.91812702902652,27.638737159023044
27.88660288828969,27.61094097464933
27.855489956248213,27.583534517455814
27.824785769312157,27.556515608726908
27.794487896234585,27.529882099405302
27.764593937800075,27.50363186981462
27.73510152651715,27.47776282938565
27.706008326314656,27.45227291638614
27.67731203224205,27.427160097654067
27.649010370173457,27.402422368334385
27.621101096515574,27.378057751619178
27.59358199791928,27.354064298491206
27.566450890994968,27.33044008747079
27.539705622031533,27.30718322436601
27.51334406671897,27.284291842026153
27.48736412987456,27.26176410009842
27.461763745172565,27.239598184787823
27.436540874877483,27.217792308620215
27.411693509580672,27.19634471020849
27.38721966794046,27.175253654021848
27.363117396425604,27.154517430158126
27.339384769062097,27.134134354119148
27.316019887183277,27.114102766589067
27.293020879183192,27.094421033215674
27.27038590027324,27.075087544394624
27.24811313224193,27.056100715056555
27.22620078321785,27.03745898445708
27.204647087435788,27.01916081596959
27.183450305005856,27.0012046968809
27.16260872168575,26.983589138189604
27.142120648655983,26.966312674407234
27.12198442229815,26.949373863362087
27.102198403976097,26.93277128600576
27.08276097982005,26.916503546222327
27.063670560513646,26.900569270640144
27.04492558108378,26.88496710844626
27.02652450069333,26.869695731203393
27.00846580243665,26.85475383266944
26.99074799313785,26.84014012861954
26.9733696031518,26.82585335667058
26.95632918616787,26.811892276108207
26.93962531901633,26.798255667716244
26.923256601477387,26.784942333608566
26.907221656092915,26.771951097063315
26.891519127980693,26.75928080235952
26.876147684651286,26.746930314616026
26.861106015827424,26.734898519632765
26.846392833265927,26.72318432373431
26.83200687058209,26.71178665361569
26.81794688307658,26.700704456190472
26.804211647564696,26.68993669844104
26.790799962208133,26.679482367271103
26.77771064634906,26.669340469360357
26.76494254034661,26.65951003102133
26.752494505415665,26.64999009805834
26.740365423468024,26.64077973562858
26.728554196955784,26.631878028105298
26.71705974871705,26.623284078943037
26.70588102182386,26.614997010544947
26.695016979432356,26.607015964132117
26.68446660463512,26.59934009961491
26.674228900315736,26.59196859546632
26.66430288900547,26.584900648597266
26.6546876127421,26.57813547423388
26.64538213293088,26.571672305796685
26.63638553020755,26.56551039478174
26.627696904303463,26.559649010643632
26.619315373912755,26.554087440680394
26.611240076561515,26.548824989920245
26.60347016847902,26.54386098101021
26.596004824470924,26.53919475410654
26.588843237794425,26.53482566676696
26.581984620035403,26.53075309384469
26.57542820098748,26.526976427384266
26.569173228532986,26.523495076519094
26.563218968525867,26.520308467370768
26.557564704676413,26.517416042950106
26.552209738437888,26.514817263059893
26.547153388895,26.512511604199318
26.54239499265418,26.510498559470097
26.5379339037357,26.508777638484258
26.533769493467545,26.507348367273565
26.529901150381093,26.50621028820058
26.526328280108554,26.505362959871356
26.52305030528212,26.504805957049708
26.520066665434868,26.504538870573093
26.51737681690338,26.504561307270055
26.514980232732025,26.504872889879234
26.512876402578964,26.50547325696992
26.51106483262377,26.506362062864138
26.50954504547674,26.507538977560248
26.50831658008981,26.509003686658062
26.50737899166912,26.51075589128544
26.506731851589112,26.512795308026373
26.50637474730833,26.515121668850515
26.5063072822867,26.517734721044192
26.50652907590439,26.520634227142835
26.50703976338226,26.52381996486484
26.507838995703796,26.52729172704683
26.50892643953857,26.531049321580362
26.510301777167246,26.53509257134997
26.511964706408023,26.539421314172618
26.513914940544595,26.544035402738505
26.516152208255544,26.54893470455323
26.51867625354523,26.554119101881295
26.52148683567608,26.559588491690942
26.524583729102325,26.565342785600297
26.527966723405147,26.571381909824836
26.531635623229224,26.577705805126133
26.53559024822067,26.584314426761903
26.53983043296636,26.59120774443731
26.544356026934587,26.59838574225754
26.549166894417137,26.605848418681628
26.55426291447264,26.613595786477518
26.55964398087127,26.62162787267836
26.565310002040817,26.62994471854002
26.571260901013968,26.638546379499815
26.577496615376976,26.647432925136407
26.58401709721956,26.656604439130934
26.59082231308611,26.66606101922928
26.59791224392812,26.675802777205526
26.6052868850579,26.68582983882657
26.612946246103544,26.69614234381787
26.62089035096507,26.70674044583033
26.62911923777185,26.717624312408343
26.63763295884119,26.728794124958895
26.64643158063816,26.740250078721825
26.655515183736565,26.75199238274116
26.664883862781128,26.76402125983755
26.674537726450826,26.77633694658175
26.684476897423387,26.788939693269224
26.694701512340945,26.80182976389575
26.70521172177681,26.81500743613412
26.716007690203377,26.828473001311856
26.72708959596117,26.842226764389956
26.73845763122897,26.85626904394267
26.75011200199506,26.870600172138293
26.76205292802951,26.885220494720933
26.774280642857647,26.900130370993313
26.786795393734472,26.91533017380052
26.799597441620215,26.930820289514745
26.81268706115693,26.946601118020997
26.826064540646097,26.96267307270375
26.83973018202729,26.97903658043456
26.85368430085786,26.9956920815606
26.86792722629362,27.012640029894136
26.882459301070543,27.029880892702934
26.89728088148746,27.047415150701543
26.91239233738972,27.06524329804351
26.927794052153864,27.083365842314468
26.943486422673217,27.101783304526126
26.95946985934449,27.120496219111118
26.97574478605529,27.13950513391871
26.992311640172588,27.158810610211386
27.009170872532117,27.178413222662257
27.02632294742867,27.198313559353316
27.043768342607365,27.218512221774525
27.061507549255737,27.239009824823704
27.079541071996783,27.259806996807256
27.097869428882863,27.280904379441658
27.116493151390493,27.30230262785577
27.135412784415976,27.324002410593906
27.154628886271933,27.346004409619685
27.17414202868464,27.368309320320645
27.19395279679224,27.390917851513596
27.21406178914373,27.413830725450733
27.234469617698863,27.437048677826468
27.25517690782873,27.460572457784977
27.27618429831728,27.484402827928495
27.29749244136351,27.50854056432626
27.319102002584557,27.532986456524206
27.341013661019435,27.55774130755529
27.36322810913365,27.582805933950517
27.38574605282451,27.608181165750633
27.40856821142715,27.63386784651844
27.43169531772138,27.65986683335179
27.4551281179392,27.686178996897166
27.478867371773,27.712805221363926
27.502913852384545,27.73974640453913
27.52726834641461,27.767003457802964
27.55193165399327,27.794577306144767
27.57690458875093,27.822468888179618
27.60218797782999,27.850679156165494
27.62778266189711,27.879209076020985
27.653689495156243,27.90805962734354
27.679909345362173,27.937231803428258
27.70644309383476,27.96672661128717
27.733291635473744,27.99654507166907
27.76045587877421,28.026688219079784
27.78793674584256,28.057157101802975
27.81573517241315,28.087952781921377
27.84385210786542,28.119076335338505
27.87228851524164,28.150528851800804
27.901045371265177,28.182311434920223
27.930123666359258,28.214425202197216
27.95952440466633,28.246871285044136
27.98924860406788,28.27965082880902
28.019297296204723,28.31276499279977
28.04967152649787,28.346214950308653
28.080372354169768,28.380001888637203
28.11140085226606,28.414127009121408
28.142758107677764,28.448591527157248
28.17444522116391,28.48339667222652
28.206463307374577,28.518543687922957
28.23881349487433,28.554033831978618
28.2714969261661,28.589868376290543
28.30451475771537,28.62604860694763
28.3378681599748,28.662575824257765
28.37155831740913,28.699451342775134
28.40558642852052,28.736676491327742
28.439953705874103,28.774252613045107
28.474661376123912,28.812181065386106
28.50971068003909,28.850463220166958
28.54510287253038,28.889100463589344
28.580839222676843,28.928094196268603
28.616921013752883,28.96744583326205
28.65334954325544,29.00715680409733
28.69012612293143,29.047228552800828
28.7272520788054,29.087662537926107
28.7647287512073,29.12846023258236
28.80255749480049,29.16962312446284
28.840739678609832,29.211152715873265
28.87927668604997,29.253050523760145
28.918169914953648,29.29531807973907
28.95742077760018,29.337956930122864
28.997030700743963,29.380968635949657
29.03700112564304,29.42435477301077
29.07733350808772,29.46811693187847
29.11802931842917,29.51225671793352
29.15909004160804,29.556775751392525
29.20051717718305,29.601675667335016
29.242312239359524,29.646958115730307
29.284476757017835,29.692624761464046
29.3270122737418,29.73867728436445
29.36992034784692,29.78511737922821
29.41320255240853,29.831946755846023
29.456860475289734,29.87916713902773
29.500895719169204,29.926780268627045
29.54530990156876,29.97478789956583
29.59010465488069,30.02319180185787
29.63528162639488,30.07199376063219
29.6808424783256,30.12119557615578
29.72678888783801,30.170799063855807
29.773122547074333,30.22080605434117
29.819845163179693,30.271218393423496
29.86695845832752,30.322037942137403
29.91446416974457,30.373266576760134
29.962364049735527,30.424906188830416
30.010659865707083,30.476958685166583
30.059353400191565,30.5294259878839
30.10844645087001,30.582310034411055
30.1579408305947,30.635612777505784
30.207838367411085,30.689336185269603
30.258140904579104,30.743482241161583
30.30885030059385,30.79805294401117
30.359968429205555,30.85305030802998
30.411497179438843,30.90847636282253
30.46343845561125,30.964333153395895
30.515794177350948,31.020622740168218
30.56856627961365,31.077347198976053
30.62175671269866,31.134508621080478
30.675367442264044,31.192109113171963
30.729400449340847,31.250150797373923
30.78385773034637,31.308635811244933
30.83874129709641,31.36756630777954
30.89405317681651,31.42694445540765
30.94979541215207,31.48677243799242
31.00597006117737,31.547052454826627
31.0625791974034,31.60778672062743
31.11962490978454,31.668977465529554
31.177109302723917,31.73062693507674
31.23503449607752,31.7927373902115
31.293402625156972,31.855311107263073
31.35221584073093,31.918350377933567
31.411476309025023,31.98185750928218
31.471186211720337,32.04583482370751
31.531347745950413,32.11028465892785
31.59196312429664,32.17520936795946
31.65303457478201,32.24061131909267
31.7145643408633,32.306492895865865
31.776554681421416,32.37285649703723
31.83900787075005,32.43970453655421
31.90192619854251,32.5070394435206
31.965311969876645,32.574863662161235
32.029167505197854,32.64317965178425
32.09349514030013,32.71198988674073
32.158297226305045,32.78129685638181
32.22357612963866,32.851103065013056
32.28933423200624,32.921411031846205
32.35557393036481,32.99222329094798
32.42229763689342,33.06354239118614
32.48950777896103,33.13537089617249
32.55720679909207,33.20771138420297
32.62539715492954,33.28056644819459
32.6940813191955,33.35393869561922
32.76326177964909,33.427830748434175
32.83294103904183,33.50224524300944
32.903121615070184,33.57718483005155
32.97380604032542,33.65265217452397
33.04499686224053,33.72864995556397
33.116696643034274,33.8051808663958
33.18890795965219,33.88224761424028
33.261633403704586,33.95985292022044
33.33487558140133,34.03799951926346
33.408637113483465,34.11669015999848
33.482920635151515,34.19592760465051
33.55772879599042,34.275714628930096
33.63306425989104,34.35605402191886
33.70892970496809,34.43694858595063
33.785327823474546,34.51840113648826
33.86226132171227,34.60041450199587
33.93973291993892,34.68299152380658
34.01774535227101,34.76613505598549
34.09630136658299,34.84984796518791
34.17540372440236,34.934133130512755
34.25505520080059,35.01899344335085
34.335258584279934,35.104431807228295
34.416016676655865,35.19045113764456
34.497332292935184,35.277054361905336
34.57920826118964,35.36424441895002
34.66164742242497,35.45202425917368
34.74465263044529,35.54039684424344
34.82822675171273,35.62936514690918
34.9123726652022,35.71893215080842
34.99709326225122,35.809100850265295
35.082391446404685,35.899874250083464
35.16827013325448,35.99125536533294
35.25473225027383,36.083247221130634
35.34178073664632,36.17585285241453
35.429418543089405,36.26907530371139
35.5176486316724,36.36291762889786
35.60647397562877,36.457382890954854
35.69589755916261,36.55247416171511
35.785922377249314,36.648194521603784
35.87655143543014,36.744547059371975
35.9677877496007,36.84153487182305
36.05963434579329,36.939161063531664
36.15209425995274,37.0374287465553
36.24517053770592,37.13634104013827
36.33886623412464,37.235901070408005
36.43318441348183,37.336111970063534
36.528128149000906,37.43697687805599
36.62370052259832,37.53849893926106
36.71990462461888,37.640681304143214
36.81674355356401,37.743527128411586
36.91422041581272,37.84703957266738
37.0123383253351,37.95122180204268
37.11110040339828,38.05607698583054
37.210509778264765,38.161608297106156
37.310569584882906,38.26781891233904
37.4112829645695,38.37471201099609
37.51265306468429,38.48229077513536
37.61468303829631,38.590558388990374
37.71737604384189,38.699518038544944
37.82073524477421,38.809172911098266
37.92476380920433,38.91952619482019
38.0294649095334,39.03058107829655
38.1348417220761,39.14234075006433
38.24089742667511,39.25480839813664
38.34763520630637,39.36798720951729
38.45505824667514,39.48188036970482
38.56316973580274,39.59649106218588
38.67197286360358,39.71182246791785
38.78147082145271,39.827877764800405
38.89166680174343,39.944660127136125
39.00256399743505,40.062172725079805
39.114165601590464,40.18041872407642
39.22647480690362,40.29940128428759
39.33949480521651,40.419123560006426
39.45322878702576,40.53958869906058
39.56767994097848,40.66079984220337
39.68285145335742,40.78276012249288
39.79874650755515,40.90547266465889
39.91536828353717,41.02894058445739
40.03271995729386,41.15316698801278
40.15080470028107,41.27815497114735
40.2696256788492,41.403907618698156
40.38918605366067,41.53042800382091
40.509488979095714,41.657719187281025
40.63053760264613,41.785784216731464
40.7523350642971,41.91462612597738
40.87488449589682,42.04424793422738
40.99818902051382,42.17465264533134
41.12225175178181,42.3058432470046
41.247075793232014,42.4378227100384
41.37266423761274,42.570593987496515
41.499020166196125,42.704160013897955
41.62614664807195,42.83852370438553
41.75404673942829,42.973687953880294
41.88272348281899,43.10965563622169
42.01217990641776,43.2464296032933
42.14241902325881,43.38401268413413
42.2734438304639,43.52240768403527
42.40525730845562,43.66161738362194
42.53786242015693,43.80164453792066
42.67126211017662,43.94249187541169
42.80545930398081,44.08416209706642
42.94045690705027,44.22665787536981
43.07625780402338,44.3699818533277
43.21286485782478,44.51413664345896
43.35028090877952,44.65912482677243
43.48850877371256,44.8049489517285
43.62755124503367,44.95161153318544
43.76741108980748,45.09911505133025
43.90809104880876,45.247461950594065
44.04959383556262,45.3966546385521
44.19192213536981,45.546695484808076
44.33507860431681,45.69758681986305
44.47906586827083,45.84933093396869
44.62388652185947,46.00193007596497
44.76954312743514,46.15538645210225
44.91603821402411,46.3097022248477
45.06337427626008,46.464879511676195
45.21155377330233,46.62092038384557
45.36057912773836,46.7778268651563
45.51045272447092,46.935600930695614
45.66117690958956,47.094244505566124
45.81275398922645,47.25375946359894
45.9651862283967,47.41414762605136
46.118475849822936,47.575410760289216
46.27262503274427,47.737550578453856
46.42763591170968,47.90056873611395
46.58351057535564,48.064466830902106
46.74025106516824,48.22924640113648
46.89785937422965,48.39490892442737
47.05633744594903,48.56145581626903
47.21568717277791,48.728888428616756
47.37591039491004,48.89720804844936
47.53700889896597,49.06641589631725
47.69898441666204,49.23651312487624
47.86183862346427,49.40750081740716
48.02557313722693,49.57937998632165
48.19018951681604,49.7521515716541
48.35568926071785,49.92581643954014
48.5220738056324,50.10037538068172
48.689344525052284,50.275829108799115
48.8575027278268,50.45217825907008
49.02654965671153,50.62942338655635
49.19648648690363,50.8075649646178
49.367314324562855,50.98660338331456
49.53903420531859,51.16653894779729
49.711647092763066,51.34737187668601
49.885153876930886,51.52910230043774
50.05955537276517,51.71173025970334
50.23485231857048,51.89525570367382
50.411045374452776,52.07967848841657
50.58813512074662,52.26499837520182
50.76612205642997,52.45121502881974
50.94500659752672,52.638328015888575
51.12478907549743,52.82633680315429
51.30546973561832,53.01524075578207
51.487048735349134,53.2050391356402
51.66952614268993,53.3957310995768
51.85290193452729,53.58731569768981
52.03717599497028,53.779791871590824
52.22234811367653,53.97315845266325
52.408417984168814,54.16741416031531
52.595385202142495,54.36255760022847
52.783249263764354,54.55858726260185
52.972009563963134,54.75550152039313
53.16166539471231,54.95329862755675
53.352215943305495,55.15197671727971
53.54366029062505,55.35153380021594
53.73599740940426,55.55196776271963
53.92922616248378,55.753276365078335
54.12334530106264,55.95545723974649
54.31835346294461,56.158507889580015
54.51424917078027,56.362425686072825
54.71103083030548,56.567207867595826
54.9086967285769,56.772851537639326
55.107245032204965,56.979353663059506
55.30667378558519,57.18671107232978
55.50698090912829,57.39492045379788
55.70816419748984,57.603978353949444
55.91022131780017,57.81388117567897
56.113149807895134,58.024625176568996
56.31694707454854,58.23620646717837
56.521610391706936,58.44862100934049
56.72713689872754,58.66186461447248
56.93352359862001,58.875932941896096
57.14076735629291,59.090821497171504
57.34886489680565,59.306525630444646
57.55781280362672,59.52304053480936
57.76760751689909,59.74036124468515
57.97824533171354,59.958482634211585
58.18972239639088,60.177399415660446
58.402034710773954,60.3971061378665
58.6151781245302,60.61759718467812
58.8291483354659,60.83886677342862
59.04394088785284,61.06090895342957
59.25955117076852,61.28371760448698
59.4759744164507,61.50728643544163
59.693205698667455,61.73160898273451
59.91123993110359,61.95667860899859
60.13007186576448,62.18248850167799
60.34969609139839,62.4090316716757
60.5701070319383,62.63630095203104
60.79129894496424,62.86428899662798
61.01326592018731,63.092988278935465
61.23600187795636,63.322391090781025
61.45950056778851,63.552489541158735
61.68375556692453,63.78327555507278
61.90876027891032,64.0147408724178
62.13450793220548,64.24687704689725
62.36099157882024,64.47967544498094
62.5882040929818,64.71312724490299
62.81613816983128,64.94722343570137
63.04478632415252,65.18195481630038
63.274140889133726,65.41731199463703
63.50419401516336,65.65328538683288
63.73493766866133,65.88986521641216
63.966363630946674,66.1270415135678
64.19846349714307,66.36480411447623
64.4312286751232,66.60314266066237
64.66465038449333,66.84204659841599
64.89871965561929,67.08150517826051
65.13342732869496,67.32150745447566
65.36876405285466,67.56204228467494
65.6047202853305,67.80309832943928
65.84128629065604,68.0446640520079
66.07845213991743,68.28672771802765
66.31620771005319,68.52927739536189
66.55454268320393,68.77230095396014
66.7934465461132,69.01578606578951
67.03290858958063,69.25972020482915
67.27291790796862,69.50409064712865
67.51346339876375,69.74888447093163
67.75453376219409,69.99408855686549
67.99611750090354,70.23968958819832
68.2382029196845,70.4856740511641
68.48077812526986,70.73202823535706
68.72383102618564,70.97873823419631
68.96734933266511,71.22578994546151
69.21132055662594,71.47316907190068
69.45573201171102,71.72086112191096
69.70057081339444,71.96885141029311
69.94582387915328,72.21712505908081
70.19147792870673,72.46566699844536
70.43751948432312,72.71446196767656
70.6839348711961,72.96349451624074
70.930710217891,73.21274900491638
71.17783145686214,73.4622096070081
71.42528432504209,73.71186030963982
71.67305436450391,73.96168491512731
71.92112692319714,74.21166704243113
72.16948715575822,74.46179012869018
72.41812002439663,74.71203743083649
72.66701029985697,74.96239202729159
72.91614256245816,75.21283681974498
73.16550120321033,75.46335453501494
73.41507042500999,75.71392772699213
73.66483424391433,75.96453877866597
73.91477649049511,76.21516990423446
74.1648808112728,76.46580315129715
74.4151306702314,76.71642040313169
74.66550935041468,76.96700338105387
74.91599995560387,77.21753364686127
75.16658541207771,77.46799260536045
75.41724847045487,77.71836150697756
75.66797170761916,77.9686214504523
75.91873752872792,78.21875338561503
76.16952816930358,78.46873811624673
76.4203256974089,78.71855630302156
76.67111201590569,78.96818846653171
76.92186886479735,79.21761499039404
77.17257782365508,79.46681612443804
77.42322031412795,79.71577198797479
77.67377760253649,79.96446257314602
77.92423080254996,80.21286774835289
78.1745608779469,80.46096726176367
78.42474864545889,80.70874074489964
78.67477477769712,80.95616771629835
78.92461980616153,81.20322758525336
79.17426412433201,81.4498996556296
79.42368799084137,81.69616312975324
79.67287153272942,81.94199711237528
79.9217947487776,82.18738061470734
80.17043751292374,82.43229255852896
80.41877957775594,82.67671178036481
80.66680057808516,82.92061703573083
80.91448003459547,83.16398700344766
81.16179735757127,83.4068002900203
81.40873185070045,83.64903543408228
81.65526271495258,83.890670910903
81.9013690525312,84.1316851369566
82.14702987089873,84.37205647455086
82.39222408687348,84.61176323651421
82.6369305307969,84.8507836909395
82.88112795077032,85.08909606598245
83.12479501695948,85.3266785547131
83.36791032596578,85.56350932001834
83.61045240526256,85.79956649955365
83.85239971769509,86.03482821074196
84.09373066604263,86.26927255581784
84.334423597641,86.50287762691462
84.57445680906405,86.73562151119275
84.81380855086208,86.96748229600675
85.05245703235589,87.1984380741091
85.29038042648418,87.42846694888837
85.52755687470271,87.65754703963957
85.76396449193328,87.88565648686436
85.9995813715604,88.11277345759875
86.23438559047388,88.33887615076586
86.46835521415514,88.5639428025515
86.7014683018051,88.78795169179988
86.9337029115116,89.01088114542718
87.16503710545415,89.23270954385036
87.39544895514368,89.45341532642874
