C_i=0.0,C_i=4.0,C_i=40.0
0.0,0.0,0.0
0.0,0.01639792,0.1639792
0.0737466518214629,0.1062856850832263,0.3988949818368033
0.1458244760247939,0.1942396818360826,0.62925441498383
0.2146121563911886,0.2786435128878679,0.8534887163576239
0.2800304357339157,0.3594227866418487,1.0715699774718004
0.3422589509688569,0.4367617535388419,1.283726087395281
0.4015201702313753,0.5108872546505371,1.490224848424291
0.4580288529382869,0.5820182140382077,1.6913238104512782
0.5119800798456389,0.6503536988642915,1.8872586423260442
0.5635479597965396,0.7160716511107604,2.0782421202099037
0.6128873664959406,0.7793306447180629,2.264466092422731
0.6601363543987098,0.8402723181401951,2.4461040800859792
0.7054185089791938,0.8990237383853464,2.6233137777530247
0.7488450175616743,0.95569948334553,2.7962392471878155
0.7905164280059139,1.0104034101813877,2.965012776912401
0.8305241217069034,1.063230136577814,3.1297564380450003
0.8689515426518426,1.114266276885047,3.2905833812959333
0.9058752240348096,1.1635914748551075,3.447598919050968
0.9413656487823548,1.211279269490423,3.6009014308051985
0.9754879742600832,1.2573978244041335,3.750583123734994
1.00830264580786,1.3020105454433633,3.8967306742727086
1.039865918986501,1.3451766065422577,4.039425771551087
1.0702303065321908,1.386951399869718,4.178745579514764
1.099444962900221,1.4273869232101342,4.314763131236384
1.1275560168024317,1.4665321150287554,4.447547666381171
1.154606860176722,1.5044331456997135,4.5771649207035585
1.180638400465065,1.5411336718066584,4.703677374820706
1.205689281832085,1.576675059176572,4.8271444682004345
1.2297960799609935,1.6110965793079512,4.947622783254019
1.2529934742640632,1.6444355830515127,5.0651662035819776
1.2753144006992807,1.6767276547531915,5.179826049740332
1.2967901878610808,1.7080067495430529,5.2916511953423075
1.3174506785859668,1.7383053160246362,5.400688165860107
1.3373243389638612,1.7676544062675503,5.50698122212294
1.3564383563578175,1.7960837747164629,5.610572430205124
1.3748187277962658,1.8236219673899017,5.711501719149387
1.3924903399037465,1.8502964025429949,5.809806927765753
1.4094770413705964,1.8761334438018176,5.90552384157789
1.425801708823264,1.9011584666374424,5.998686220850516
1.4414863068400807,1.9253959189301988,6.089325820518545
1.4565519427585307,1.948869376275264,6.177472402747379
1.4710189168362222,1.971601592596312,6.263153742781072
1.4849067682563568,1.9936145465620572,6.346395628678691
1.4982343174074535,2.014929484239092,6.427221855497219
1.511019704814728,2.035566958361652,6.505654214450357
1.5232804270554698,2.0555468645535977,6.581712477555503
1.5350333699518766,2.0748884747987,6.655414378275249
1.5462948393011144,2.093610468421371,6.7267755886642275
1.5570805893731403,2.111730960810535,6.795809693546822
1.5674058493813436,2.129267530093636,6.8625281622756855
1.5772853481088338,2.146237241945381,6.926940318655148
1.5867333368537224,2.162656672696156,6.989053309657298
1.5957636108396631,2.178541930887856,7.0488720736117685
1.6043895292228765,2.1939086774096808,7.106399308612988
1.612624033813626,2.208772144333067,7.161635441960907
1.620479666618393,2.2231471525531417,7.214578601532781
1.6279685862986115,2.2370481283335657,7.265224590074384
1.635102583632617,2.250489118842368,7.313566863498695
1.641893096059253,2.263483806758086,7.359596514388107
1.6483512213742888,2.2760455240181643,7.403302262011921
1.6544877306442598,2.2881872647749755,7.444670450293152
1.6603130803965227,2.299921697618943,7.483685055286304
1.6658374241390737,2.3112611771229656,7.520327703858718
1.6710706232589891,2.32221775475761,7.554577705400383
1.6760222573441244,2.3328031892222696,7.586412098517517
1.680701633968899,2.3430289562336637,7.615805714790575
1.6851177979815697,2.3529062578095723,7.642731261793106
1.6892795403272896,2.3624460310825985,7.667159427669201
1.6931954064384431,2.371658956675889,7.68905900964807
1.6968737042212123,2.3805554666702164,7.708397068927836
1.7003225116650114,2.3891457521894672,7.725139114379044
1.703549684099339,2.397439770629489,7.739249317493036
1.7065628611206858,2.4054472525533126,7.750690760921498
1.7093694732103952,2.4131777082740227,7.75942572281093
1.7119767480627934,2.420640434144943,7.765415998918349
1.7143917166414522,2.42784451857535,7.768623264191008
1.716621218980127,2.434798847788595,7.76900947509187
1.7186719097436989,2.441512111338277,7.766537313443174
1.7205502635633358,2.447992807397016,7.761170671932756
1.722262580159074,2.454249247831316,7.752875180673774
1.7238149892620764,2.4602895630750945,7.741618773322493
1.725213455347974,2.4661217068135657,7.727372290238714
1.7264637821918911,2.4717534604883613,7.710110115021811
1.727571617255037,2.477192437634064,7.689810839480051
1.7285424559120666,2.482446088055616,7.666457950706856
1.7293816455277928,2.4875217018554547,7.640040532467433
1.7300943893912606,2.4924264133186504,7.610553971574056
1.73068575051466,2.4971672046637625,7.578000658388968
1.7311606553040666,2.501750909666661,7.542390669090862
1.7315238971085412,2.506184217164078,7.503742415934299
1.7317801396536994,2.510473674443225,7.462083250490036
1.7319339203654731,2.514625690523437,7.417450003854516
1.7319896535894188,2.5186465393354003,7.369889447139878
1.7319516337105938,2.5225423628032013,7.319458655284908
1.7318240381787084,2.5263191738341044,7.2662252574433275
1.7316109304429674,2.529982859220662,7.210267557982133
1.7313162628007472,2.5335391824594917,7.1516745135204385
1.7309438791639988,2.536993786490777,7.090545553500348
1.7304975177470343,2.540352196362329,7.026990234523399
1.729980813679134,2.5436198218217863,6.961127722095966
1.729397301545204,2.546801959840335,6.893086097457144
1.7287504178575288,2.54990379707114,6.823001491727062
1.7280435034614818,2.5529304122454537,6.751017054587586
1.7272798058778869,2.555886778509225,6.67728176992846
1.726462481584575,2.558777765702853,6.601949136164422
1.7255945982395298,2.561608142586563,6.525175734030862
1.72467913684788,2.564382579013747,6.447119709359578
1.7237189938748725,2.5671056480544645,6.367939202381004
1.7227169833068356,2.5697818280711706,6.28779075826483
1.721675838662035,2.572415504748606,6.206827755693195
1.7205982149532166,2.575010973079676,6.125198891096362
1.7194866906035362,2.577572439309026,6.043046755660846
1.7183437693174788,2.5801040228359127,5.960506540299924
1.7171718819082908,2.582609758077882,5.87770490048304
1.7159733880833623,2.5850935962966504,5.79475900825396
1.7147505781889236,2.587559407387513,5.711775813098306
1.713505674915346,2.590010981633501,5.628851526782326
1.7122408349642784,2.592452031425437,5.5460713401596555
1.710958150678775,2.5948861929489504,5.463509372548169
1.7096596516375266,2.597317027839452,5.381228846946842
1.708347306214239,2.599748024805976,5.299282477420003
1.7070230231031585,2.602182601224746,5.217713048726542
1.7056886528116963,2.604624104703241,5.136554162975849
1.704345989121051,2.607075814615484,5.055831123955893
1.7029967705156934,2.609540943609212,4.975561926940585
1.7016426815825336,2.612022639085513,4.895758320310377
1.7002853543805534,2.614523984651486,4.816426905205697
1.6989263697816523,2.617048001546391,4.7375702406025395
1.6975672587834212,2.619597650041738,4.659187923517754
1.6962095037945268,2.622175830815673,4.581277617333419
1.6948545398933623,2.624785386302007,4.503836005255322
1.6935037560605892,2.627429102014146,4.426859650449711
1.6921584963861704,2.630109707844172,4.350345749190208
1.6908200612514748,2.6328298793372404,4.27429276815763
1.689489708487002,2.635592238941437,4.198700961655982
1.6881686545062622,2.638399357233179,4.123572768756674
1.686858075416324,2.641253754118212,4.048913094117826
1.6855591081055208,2.644157900008191,3.9747294793467605
1.6842728513087928,2.647114216972817,3.9010321742256506
1.6830003666511244,2.6501250798674247,3.8278341188882137
1.681742679669518,2.6531928174358983,3.7551508491414776
1.6805007808139347,2.656319713388742,3.683000337623706
1.6792756264276154,2.659508007456082,3.6114027834530384
1.678068139707184,2.662759896415339,3.5403803625417587
1.6768792116429234,2.666077535093266,3.469956949926198
1.6757097019396012,2.669463037342002,3.4001578243900425
1.6745604399182126,2.6729184769887464,3.3310093644318632
1.6734322253989986,2.676445888758616,3.2625387433283737
1.6723258295660852,2.680047269170194,3.194773629742853
1.6712419958140852,2.683724577403252,3.127741899078294
1.6701814405769888,2.687479736138049,3.0614713596174594
1.66914485413967,2.691314632365601,2.995989496453547
1.6681329014323183,2.6952311181682256,2.931323235309594
1.667146222808109,2.699231011469651,2.8674987275759674
1.6661854348044074,2.7033160967539054,2.804541157259111
1.6652511308878053,2.7074881257521537,2.742474570021432
1.6643438821832788,2.7117488180966047,2.6813217240883955
1.6634642381877467,2.716099861940542,2.6211039624895505
1.6626127274683111,2.720542914543481,2.561841105869804
1.661789858345451,2.7250796028203994,2.5035513649412158
1.660996119561436,2.7297115238539167,2.4462512715305773
1.660231980934226,2.734440245368244,2.389955627102683
1.6594978939971112,2.7392673061636548,2.3346774675940236
1.6587942926243535,2.744194216510168,2.28042804336911
1.658121593643073,2.749222458499045,2.2272168131059256
1.6574801974316309,2.754353486350665,2.1750514504238465
1.6568704885047507,2.759588726677219,2.123937862083639
1.6562928360856202,2.7649295786986428,2.0738802166126864
1.6557475946652034,2.770377414410075,2.024880982237999
1.6552351045490044,2.775933578699082,1.9769409730437917
1.654755692391507,2.781599389410788,1.9300594023088593
1.6543096717185202,2.787376137358951,1.8842339420211054
1.6538973434376514,2.793265086280971,1.8394607876120266
1.6535189963371313,2.799267472734667,1.7957347270022785
1.6531749075732065,2.8053845059346054,1.753049213100319
1.6528653431463165,2.8116173675256446,1.7113964389490457
1.6525905583662672,2.8179672112912457,1.670767414769896
1.6523507983066164,2.8244351627940114,1.631152046209544
1.6521462982484694,2.8310223189457853,1.5925392131506064
1.651977284113901,2.8377297475045364,1.554916848504151
1.6518439728892005,2.844558486495137,1.5182720164577672
1.651746573038141,2.8515095435510127,1.4825909897080605
1.6516852849054762,2.858583895173524,1.4478593252601946
1.6516603011108504,2.865782485905806,1.4140619384291586
1.6516718069333292,2.873106227417669,1.3811831747274088
1.6517199806867304,2.8805559974980133,1.349206879371144
1.6518049940859498,2.888132638951081,1.3181164641824736
1.651927012604468,2.895836958392747,1.2878949717069421
1.652086195823223,2.903669724942856,1.2585251364051502
1.6522826977710288,2.9116316688095374,1.229989442813475
1.652516667256724,2.9197234797612164,1.2022701806021139
1.6527882481932243,2.927945805481942,1.1753494964888436
1.6530975799136574,2.936299249805467,1.1492094429940563
1.653444797479752,2.944784370823397,1.1238320240468755
1.6538300319826542,2.9534016788625457,1.0991992374735646
1.6542534108363385,2.962151634326505,1.0752931144181392
1.6547150580637795,2.971034645396296,1.052095755761235
1.6552150945760546,2.980051065584789,1.0295893656169899
1.6557536384445315,2.989201191139494,1.007756281999172
1.656330805166308,2.9984852582881265,0.9865790047571501
1.656946707923059,3.007903440321276,0.966040220889763
1.6576014578334488,3.0174558445063417,0.946122827350852
1.6582951641992565,3.027142508826811,0.9268099514643336
1.6590279347453758,3.0369633985408377,0.9080849690694073
1.65979987585383,3.0469184025529907,0.8899315205179104
1.6606110927919526,3.0570073295929614,0.8723335246461725
1.6614616899348795,3.067229904194964,0.8552751908430543
1.6623517709824938,3.077585762471509,0.8387410293343643
1.6632814391709625,3.0880744476752238,0.8227158598016316
1.664250797479007,3.0986954055423683,0.8071848184503849
1.665259948829043,3.1094479794117773,0.7921333636397654
1.6663089962833164,3.120331405112948,0.7775472801815662
1.6673980432351796,3.131344805617158,0.7634126824127355
1.6685271935956252,3.142487185445594,0.7497160161410781
1.669696551975213,3.15375742482865,0.7364440595594149
1.6709062238615098,3.165154273610799,0.7235839232188658
1.672156315792169,3.1766763448956925,0.7111230491472603
1.6734469355237664,3.1883221084265125,0.6990492091940176
1.6747781921965132,3.20008988369696,0.6873505026781761
1.6761501964949623,3.2119778327887603,0.6760153534116712
1.67756306080482,3.2239839529321137,0.6650325061654455
1.6790168993659755,3.2361060687861163,0.6543910226415871
1.6805118284218588,3.2483418244369364,0.644080277010417
1.6820479663652306,3.2606886751123207,0.6340899510673315
1.6836254338805146,3.273143878611937,0.6244100290602324
1.685244354082768,3.2857044864540987,0.6150307922345839
1.6869048526533963,3.2983673347405755,0.6059428131395019
1.6886070579727075,3.3111290347424926,0.5971369497348296
1.6903511012494024,3.3239859632117463,0.5886043393358752
1.6921371166470922,3.3369342524239665,0.5803363924293922
1.6939652414079402,3.349969779960785,0.5723247863914537
1.6958356159735106,3.363088158241106,0.5645614591351263
1.6977483841029135,3.3762847238131566,0.5570386027132648
1.699703692988331,3.389554526421401,0.5497486568993322
1.7017016933680054,3.4028923178648767,0.5426843027668947
1.7037425396367707,3.4162925406662152,0.5358384562863336
1.705826389954202,3.4297493165735298,0.5292042619553616
1.7079534063504598,3.4432564349204786,0.5227750864781159
1.7101237548299029,3.4568073408731976,0.516544512505918
1.712337605472537,3.470395123596399,0.5105063324512381
1.7145951325333697,3.484012504374783,0.5046545423849674
1.716896514539736,3.497651824730008,0.498983336025786
1.7192419343866567,3.5113050345777905,0.4934870988292026
1.7216315794302937,3.524963680474318,0.4881604021827324
1.7240656415795537,3.5386188940059284,0.4829979977126666
1.7265443173859032,3.552261380381103,0.47799481170696206
1.7290678081314432,3.565881407289046,0.4731459396579368
1.7316363199152944,3.5794687940946104,0.46844664092769334
1.734250063738343,3.5930129014449523,0.4638923335384994
1.7369092555863892,3.606502621369105,0.45947858908973005
1.7396141165117451,3.6199263679575577,0.4552011278024127
1.7423648727133156,3.6332720687149465,0.45105581369191
1.745161755615206,3.646527156684954,0.4470386498688237
1.7480050019438855,3.6596785634525775,0.44314577396779853
1.7508948538039413,3.6727127131348034,0.4393734537035473
1.753831558752448,3.685615517476577,0.4357180825531005
1.7568153698719826,3.6983723721744495,0.43217617556300647
1.759846545842303,3.710968154555592,0.4287443652799618
1.7629253510107106,3.723387222744672,0.4254193978031418
1.766052055461116,3.7356134164554207,0.42219812895631653
1.7692269350818153,3.747630059547429,0.41907752057768183
1.772450271631992,3.759419964491632,0.4160546369252021
1.7757223528069448,3.77096543889002,0.413126641195152
1.779043472302051,3.782248294196143,0.4102907921514521
1.7824139298754569,3.793249856782834,0.4075444408633227
1.7858340314094956,3.80395098150215,0.404885027548722
1.789304088970824,3.814332067879573,0.4023100785209935
1.7928244208692603,3.8243730790799937,0.39981720323611863
1.7963953517153135,3.834053563776655,0.39740409143795347
1.8000172124763805,3.843352681046001,0.3950685103988208
1.8036903405315816,3.8522492284010457,0.39280830225283264
1.8074150797252169,3.860721673063391,0.39062138141932784
1.8111917804187936,3.868748186559223,0.3885057321138275
1.8150207995416003,3.876306682707444,0.38645940594393546
1.818902500639775,3.8833748590484536,0.3844805195876413
1.822837253923821,3.889930241740024,0.382567252551516
1.8268254363145209,3.89595023392212,0.38071784500633216
1.830867431487177,3.9014121675255593,0.3789305956976797
1.8349636299141323,3.906293358470079,0.3772038599291961
1.83911442890548,3.910571165165923,0.3755360476160756
1.8433202326479,3.914223050199605,0.3739256214065734
1.8475814522415344,3.917226645049362,0.37237109486927067
1.8518985057348047,3.91955981763928,0.3708710307439205
1.856271818157091,3.92120074250355,0.36942403925374795
1.860701821549144,3.922127973294245,0.3680287764771301
1.865188954991148,3.922320517327902,0.3666839427766401
1.8697336646282947,3.9217579118285992,0.3653882812834909
1.8743364036937429,3.9204203014887833,0.3641405764354704
1.878997632528842,3.9182885169344135,0.3629396525665156
1.8837178186004608,3.915344153648806,0.36178437254612567
1.888497436515276,3.9115696508804856,0.3606736364668676
1.893336968030858,3.906948370035172,0.3596063803782845
1.8982369020633791,3.9014646720313193,0.3585815750655643
1.903197734691764,3.895103993083144,0.3575982248713816
1.908219969158087,3.887852918365261,0.3566553665593753
1.91330411586402,3.879699253009557,0.3557520682177734
1.9184506923631008,3.8706320898880713,0.3548874282017263
1.9236602233486104,3.860641873645714,0.35406057411295705
1.9289332406368105,3.849720460463936,0.3532706618153836
1.934270283145284,3.837861173060761,0.3525168744854134
1.939671896866124,3.825058850464002,0.35179842169565584
1.945138634833684,3.81130989213252,0.35111453853083935
1.9506710570865813,3.796612296044671,0.3504644847347647
1.9562697306236705,3.780965690423015,0.349847543887164
1.961935229353628,3.764371358819067,0.3492630226093764
1.9676681340378288,3.746832258340537,0.3487102497977902
1.973469032226136,3.728353030865069,0.3481885758840362
1.979338518185233,3.7089400071478327,0.3476973721209564
1.985277192819097,3.688601203794338,0.3472360298934053
1.9912856635811933,3.66734631313327,0.34680396005297476
1.9973645443779453,3.645186686085926,0.3464005922757683
2.003514455463037,3.622135308187756,0.34602537444238013
2.009736023322039,3.598206768972648,0.34567777203926714
2.01602988054687,3.57341722498098,0.34535726758073
2.0223966656995547,3.5477843566974,0.3450633600507498
2.02883702316472,3.5213273197631523,0.3447955643639531
2.0353516029902434,3.494066690840271,0.3445534108450067
2.041941060715456,3.466024408530734,0.3443364447257672
2.0486060571862352,3.437223709772951,0.3441442256595378
2.0553472583563392,3.4076890621507268,0.3439763272518064
2.062165335074273,3.377446092556611,0.3438323366068649
2.069060962854949,3.3465215126527403,0.34371185388973
2.0760348216353783,3.314943041568579,0.3436144919028079
2.083087595513593,3.2827393262670714,0.3435398756767667
2.0902199724699497,3.249939859999378,0.3434876420751006
2.0974326440699453,3.2165748992544323,0.3434574394118874
2.1047263051476315,3.1826753795937117,0.3434489270822621
2.1121016534686574,3.1482728307446344,0.3434617752051453
2.119559389371952,3.113399291308549,0.3434956642777834
2.127100215388994,3.0780872234218126,0.34355028484167366
2.134724835839589,3.042369427691541,0.34362533715946425
2.1424339564029995,3.006278958711483,0.34372053090243304
2.15022828366326,2.9698490414483234,0.34383558484816557
2.158108524627424,2.933112988774709,0.34397022658806564
2.1660753862154603,2.8961041204123266,0.34412419224434687
2.1741295747204537,2.858855683536352,0.344297226196165
2.1822717952377,2.821400775281385,0.34448908081456575
2.190502751061245,2.7837722673782728,0.3446995162059335
2.1988231430463427,2.7460027331408265,0.3449282999636382
2.2072336689362464,2.708124377010962,0.34517520692759046
2.2157350226516948,2.6701689668600723,0.3454400189514235
2.2243278935413704,2.63216776923313,0.34572252467703346
2.233012965591555,2.594151487709929,0.34602251931621786
2.2417909165931325,2.5561502045448434,0.3463398044391626
2.2506624172640075,2.518193325732369,0.3466741877695374
2.259628130324956,2.4803095296304583,0.3470254829859671
2.268688709526825,2.4425267192572537,0.34739350952965764
2.277844798626937,2.404871978359336,0.3477780924179608
2.287097030312468,2.3673715313310875,0.34817906206367155
2.296446025068494,2.330050707045436,0.34859625409985945
2.305892389988306,2.2929339066362138,0.34902950921004244
2.3154367175235286,2.2560445752518867,0.34947867296351853
2.3250795841714704,2.2194051777797026,0.3499435956556782
2.334821549097072,2.183037178518625,0.35042413215312607
2.3446631526867057,2.146961024758987,0.35092014174344816
2.354604915031014,2.1111961342069034,0.351431487989465
2.3646473343338754,2.075760886172295,0.35195803858781916
2.374790885244495,2.040672616421182,0.3524996652317493
2.3850360171095426,2.005947615575844,0.35305624347790976
2.395383152142154,1.971601130930716,0.35362765261709866
2.405832683504542,1.9376473715376188,0.354213775548764
2.4163849733008687,1.9040995164012644,0.3548144986591605
2.427040350476944,1.8709697256149325,0.35542971170303556
2.437799108623244,1.8382691542569525,0.3560593076887273
2.4486615036776613,1.8060079688610664,0.3567031827665606
2.459627751524309,1.7741953662679648,0.3573612361204334
2.47069802548466,1.7428395946612176,0.3580333698624873
2.4818724536972026,1.7119479765884464,0.35871948893076183
2.4931511163817723,1.6815269337677972,0.3594195009897347
2.504534042984627,1.6515820134805368,0.36013331633365403
2.516021209200324,1.6221179163527812,0.3608608477925726
2.5276125338663964,1.5931385253328605,0.3616020106409961
2.539307875726829,1.5646469356755408,0.36235672250906215
2.551107030060281,1.5366454857501,0.36312490329616826
2.563009725169057,1.5091357884959868,0.3639064750869716
2.575015618724792,1.4821187633573405,0.36470136206968456
2.5871242939668857,1.4555946685358845,0.3655094904565941
2.599335255749755,1.4295631334105106,0.3663307884067347
2.6116479264350487,1.4040231909811045,0.36716518595064784
2.624061641625067,1.3789733102037227,0.36801261491716253
2.6365756457337453,1.3544114280940098,0.3688730088621353
2.649189087391708,1.3303349814856196,0.36974630299908806
2.6619010146820803,1.306740938340298,0.3706324341316867
2.6747103702039534,1.2836258285161104,0.3715313405880037
2.6876159859606448,1.260985773909956,0.37244296215651107
2.7006165780701865,1.2388165178999777,0.37336724002375143
2.7137107412958,1.2171134540226294,0.3743041167136368
2.726896943394484,1.1958716538280172,0.3752535360283266
2.7401735192822936,1.1750858938655862,0.3762154429906389
2.7535386650153213,1.1547506817602942,0.3771897837879486
2.76699043158598,1.134860281347031,0.37817650571753025
2.780526718534749,1.1154087368382115,0.37917555713330314
2.7941452673782297,1.096389896006178,0.38018688739393813
2.807843654855079,1.077797432368256,0.38121044681228794
2.82161928599223,1.059624866368079,0.3822461866061023
2.83546938699466,1.0418655855520376,0.3832940588499929
2.849390997962991,1.0245128637445362,0.3843540164286124
2.863380965444242,1.007559879230065,0.3854260129910143
2.877435934822243,0.990999731954002,0.3865100029061608
2.8915523425554674,0.974825459757522,0.3876059412195478
2.905726408271426,0.9590300536650536,0.3887137836109165
2.919954126728234,0.9436064722453784,0.3898334863530227
2.934231259655568,0.928547655069779,0.39096500627143516
2.9485533274889373,0.9138465352925734,0.39210830070533714
2.9629156010130355,0.8994960513810043,0.39326332746930354
2.9773130929318894,0.885489158022767,0.3944300448160294
2.9917405493856286,0.871818836240496,0.39560841139998526
3.0061924414359047,0.858478102743311,0.3967983862419757
3.020662956544349,0.845460018546063,0.39799992869457884
3.035145990070938,0.8327576968872553,0.39921299840844454
3.049635136821754,0.8203643104767406,0.40043755529943065
3.0641236826783604,0.8082730981042603,0.4016735595165568
3.078604596343895,0.7964773706396938,0.40292097141075645
3.0930705212439515,0.7849705164555529,0.40417975150440777
3.107513767623432,0.7737460063018009,0.4054498604616258
3.121926304883743,0.7627973976625182,0.40673125905929775
3.136299754208003,0.7521183386232857,0.40802390815884493
3.150625381525286,0.7417025712774318,0.4093277686786947
3.16489409086836,0.7315439346984995,0.41064280156744676
3.179096418182825,0.721636367505447,0.41196896777771846
3.1932225256490443,0.7119739100462131,0.4133062282406547
3.207262196581706,0.7025507062243636,0.41465454384108796
3.2212048309752905,0.6933610049925936,0.41601387539333484
3.2350394417670283,0.6843991615359128,0.4173841836176161
3.2487546518921784,0.6756596381663703,0.4187654291170873
3.2623386922094944,0.6671370049502208,0.4201575723554678
3.2757794003776044,0.658825940087468,0.421560573635256
3.289064220765613,0.6507212300627698,0.42297439307652
3.3021802054835088,0.6428177695857539,0.4243989905962519
3.315114016619848,0.6351105613378646,0.42583432588827536
3.3278519297756453,0.6275947155419651,0.42728035840369644
3.340379838984345,0.6202654493700297,0.42873704733188706
3.352683263108114,0.6131180862034112,0.4302043515819919
3.3647473538004,0.6061480547593323,0.4316822297649495
3.376556905123715,0.5993508880964477,0.43317064017601853
3.3880963649097544,0.5927222225115483,0.4346695407777999
3.3993498479462847,0.5862577963387323,0.43617888918374753
3.410301151071591,0.5799534486616494,0.43769864264215863
3.42093377025258,0.5738051179487408,0.43922875802063593
3.4312309197168847,0.5678088406207371,0.4407691917910147
3.44117555320239,0.5619607495590517,0.44231990001474636
3.4507503873794385,0.5562570725631071,0.44388083832873254
3.459937927491624,0.5506941307640649,0.4454519619316017
3.468720495250364,0.5452683370018895,0.44703322557042263
3.477080259006468,0.5399761941721616,0.44862458352784745
3.484999266208607,0.5348142935485768,0.45022598960967875
3.492459478144008,0.5297793130866006,0.4518373971328537
3.499442806940793,0.5248680157133232,0.4534587589138406
3.5059311547943666,0.5200772476081453,0.4550900272574406
3.511906455362014,0.5154039364785457,0.45673115394599056
3.5173507172507046,0.5108450898348159,0.45838209022896065
3.52224606950298,0.5063977932673123,0.46004278681294153
3.526574808965014,0.5020592087294531,0.46171319385201676
3.5303194493996086,0.4978265728293943,0.46339326093851446
3.53346277218521,0.4936971951330356,0.46508293709413406
3.5359878784203755,0.4896684564807504,0.46678217076144357
3.5378782422315687,0.4857378073199883,0.46849090979574204
3.539117765061184,0.4819027660556726,0.4702091014572834
3.539690830692478,0.4781609174201072,0.4719366924038573
3.539582360749032,0.474509910863905,0.47367362868372237
3.538777870388712,0.4709474589692762,0.47541985572888784
3.5372635238963226,0.4674713358868398,0.47717531834873966
3.535026189865409,0.4640793757969675,0.47893996072400696
3.532053495648422,0.4607694713965272,0.480713726401065
3.52833388074596,0.4575395724117567,0.482496558286571
3.523856648800276,0.4543876841378769,0.48428839864242834
3.5186120178560207,0.4513118660059421,0.4860891890810768
3.512591168552365,0.4483102301773191,0.4878988705611038
3.50578628991544,0.4453809401660935,0.4897173833831744
3.498190622428474,0.4425222094896124,0.4915446671862751
3.489798498069168,0.4397323003472976,0.49338066094426974
3.4806053770196086,0.4370095223277838,0.4952253029627627
3.470607880773364,0.4343522311443789,0.49707853087626636
3.459803821387068,0.4317588273987754,0.49894028164567056
3.448192226649544,0.4292277553728963,0.500810491556009
3.435773360970054,0.4267575018487008,0.5026890962145212
3.422548741818193,0.424346594955741,0.5045760305490053
3.4085211515808043,0.4219936030462138,0.50647122880646
3.3936946447356933,0.4196971335972214,0.5083746245520107
3.3780745502772302,0.4174558321399214,0.5102861506681188
3.3616674693647703,0.4152683812152204,0.5122057393540697
3.344481268200516,0.4131334993556412,0.5141333221257366
3.3265250661785863,0.4110499400929711,0.5160688298156179
3.3078092193810646,0.4090164909912838,0.5180121925731435
3.288345299529251,0.4070319727049083,0.5199633398652493
3.268146068528774,0.405095238060909,0.5219222004772153
3.2472254487753216,0.4032051711656258,0.5238887025137638
3.22559848941315,0.4013606865348191,0.5258627734004173
3.2032813287610726,0.3995607282469536,0.5278443398851097
3.1802911531400886,0.3978042691191523,0.5298333280400511
3.156646152353187,0.3960903099053468,0.531829663263841
3.132365472081035,0.3944178785161481,0.5338332702838274
3.107469163467432,0.392786029259962,0.5358440731587105
3.0819781301755587,0.3911938421048716,0.5378619952813849
3.055914073200506,0.3896404219608128,0.5398869593820206
3.029299433725376,0.3881248979815686,0.5419188875313778
3.002157334307852,0.3866464228861124,0.5439577011443533
2.974511518681628,0.3852041722988347,0.5460033209837548
2.946386290452909,0.38379734410819,0.5480556671643023
2.9178064509664727,0.3824251578433079,0.5501146591568502
2.8887972366089563,0.381086854068117,0.5521802157928299
2.859384255809168,0.3797816937925359,0.5542522552689094
2.829593425986694,0.3785089579002931,0.5563306951518653
2.799450910690989,0.3772679465929427,0.5584154523836664
2.76898305716364,0.3760579788496528,0.5605064432867648
2.738216334546791,0.3748783919023471,0.5626035835695907
2.7071772729507813,0.3737285407257908,0.5647067883322502
2.675892403584005,0.3726077975422191,0.5668159720724196
2.6443882001378625,0.3715155513401116,0.5689310486914376
2.612691021609409,0.3704512074067299,0.5710519315005873
2.5808270567339235,0.3694141868740367,0.5731785332275694
2.5488222701891026,0.368403926277629,0.5753107660231608
2.5167023507218254,0.3674198771283209,0.5774485414680562
2.484492661337499,0.3664615054960253,0.5795917705798904
2.4522181916807426,0.3655282916055858,0.5817403638204364
2.419903512724644,0.3646197294442239,0.583894231102978
2.3875727338739767,0.3637353263802707,0.5860532817998532
2.355249462575603,0.362874602792862,0.588217424750164
2.322956766516832,0.362037091712284,0.5903865682676519
2.290717138479751,0.3612223384706634,0.5925606201487329
2.258552463906582,0.3604299003627048,0.5947394876806917
2.226483991217987,0.3596593463161848,0.5969230776500304
2.1945323049129866,0.3589102565719213,0.5991112963509676
2.162717301465916,0.3581822223729414,0.6013040495940875
2.131058168022652,0.3574748456625818,0.6035012427151323
2.0995733638853498,0.3567877387912611,0.605702780583938
2.0682806047621867,0.3561205242316685,0.6079085676135078
2.037196849746265,0.3554728343021263,0.6101185077692208
2.0063382909759304,0.3548443108978822,0.6123325045781733
1.9757203459174664,0.3542346052301021,0.6145504611386486
1.9453576522004592,0.3536433775723341,0.6167722801297121
1.91526406492621,0.3530702970142263,0.6189978638209288
1.88545265636046,0.3525150412222818,0.6212271140822002
1.855935717913432,0.3519772962074452,0.6234599323937161
1.8267247643028697,0.3514567560993177,0.625696219856019
1.7978305397893293,0.3509531229268055,0.6279358772001777
1.769263026367563,0.3504661064050107,0.6301788047980672
1.7410314537933749,0.34999542372818,0.6324249026727494
1.7131443113218254,0.3495407993685316,0.634674070508955
1.6856093610301492,0.3491019648807872,0.6369262076636595
1.6584336525971484,0.3486786587122384,0.639181213176753
1.6316235394101324,0.3482706260181847,0.6414389857817987
1.6051846958706504,0.3478776184825836,0.6436994239168772
1.5791221357712393,0.3474993941437581,0.6459624257355133
1.5534402316171565,0.3471357172250116,0.6482278891176833
1.5281427347695025,0.3467863579700059,0.6504957116808961
1.503232796289227,0.3464510924827592,0.65276579079135
1.4787129883651478,0.3461297025721292,0.6550380235751558
1.4545853262132815,0.3458219756006476,0.6573123069296288
1.4308512903393735,0.3455277043375773,0.6595885375346416
1.4075118490614753,0.3452466868160677,0.6618666118640383
1.3845674811947035,0.3449787261942864,0.6641464261971033
1.3620181988058195,0.344723630620411,0.6664278766300851
1.3398635699509664,0.3444812131013655,0.6687108590877683
1.3181027413157356,0.3442512913751919,0.6709952693350932
1.296734460682612,0.3440336877869502,0.673281002988819
1.2757570991567733,0.3438282291680416,0.6755679555292263
1.2551686730871034,0.3436347467188552,0.6778560223118577
1.2349668656250932,0.3434530758946403,0.6801450985792914
1.2151490478700264,0.3432830562945096,0.6824350794729462
1.1957122995544165,0.3431245315534814,0.6847258600449138
1.1766534292290654,0.3429773492374711,0.6870173352698149
1.1579689939123383,0.3428413607411477,0.6893094000566778
1.1396553181732345,0.342716421188569,0.6916019492608345
1.1217085126226107,0.3426023893365157,0.6938948776958316
1.1041244917914443,0.3424991274804463,0.6961880801453539
1.0868989913792724,0.3424065013629952,0.6984814513751572
1.070027584859971,0.34232438008494,0.7007748861450059
1.0535056994357748,0.3422526360185679,0.7030682792206152
1.0373286313339083,0.34219114472337,0.705361525385592
1.0214915604434187,0.3421397848639964,0.7076545194533738
1.005989564292744,0.3420984381304069,0.7099471562791607
0.9908176313712423,0.3420669891601545,0.7122393307718403
0.9759706738003486,0.3420453254627386,0.7145309379058989
0.96144353936222,0.3420333373459699,0.7168218727333199
0.9472310228956984,0.3420309178442884,0.7191120303954637
0.9333278770711526,0.3420379626489781,0.7214013061349283
0.9197288225572904,0.342054370040225,0.7236895953073863
0.9064285575943568,0.3420800408209647,0.7259767933933968
0.8934217669892613,0.3421148782524689,0.7282627960101884
0.8807031305491356,0.3421587879916215,0.730547498923411
0.868267330970606,0.3422116780298352,0.7328307980588548
0.8561090612026997,0.3422734586335633,0.7351125895141316
0.8442230313017862,0.3423440422863599,0.7373927695703181
0.8326039747973161,0.3424233436324465,0.739671234703557
0.8212466545873467,0.3425112794217399,0.7419478815966144
0.8101458683829745,0.3426077684563034,0.7442226071503901
0.7992964537208138,0.3427127315381775,0.7464953084953794
0.7886932925625949,0.3428260914185546,0.7487658830030826
0.7783313155008145,0.3429477727482575,0.7510342282973611
0.7682055055891435,0.343077702029487,0.7533002422657371
0.7583109018160272,0.3432158075688016,0.7555638230706341
0.74864260223957,0.3433620194312962,0.7578248691605568
0.7391957668014157,0.3435162693959447,0.760083279281208
0.7299656198369145,0.3436784909120766,0.762338952486539
0.7209474522984033,0.3438486190569535,0.7645917881497333
0.7121366237079482,0.3440265904944166,0.7668416859741195
0.7035285638553809,0.3442123434345754,0.7690885460040131
0.6951187742569426,0.3444058175945082,0.7713322686354834
0.6869028293893031,0.3446069541599474,0.7735727546270442
0.6788763777131779,0.3448156957479219,0.7758099051102667
0.6710351425002091,0.3450319863703303,0.7780436216003119
0.663374922476224,0.34525577139842,0.7802738060063811
0.6558915922934235,0.3454869975281474,0.7825003606420814
0.648581102843507,0.3457256127463938,0.7847231882357067
0.6414394814231893,0.345971566298016,0.7869421919404299
0.6344628317630302,0.3462248086537071,0.789157275344405
0.6276473339299654,0.3464852914786459,0.7913683424807795
0.6209892441134124,0.3467529676019151,0.7935752978376119
0.6144848943043173,0.3470277909866648,0.795778046367696
0.6081306918760166,0.3473097167010039,0.7979764934982871
0.6019231190753115,0.3475987008895983,0.8001705451407319
0.5958587324316855,0.3478947007459572,0.8023601076999972
0.5899341620921529,0.3481976744853898,0.8045450880840985
0.5841461110887881,0.3485075813186137,0.8067253937134259
0.5784913545455751,0.3488243814259982,0.808900932529965
0.5729667388308118,0.3491480359324249,0.8110716130064133
0.5675691806609237,0.3494785068827506,0.8132373441551894
0.5622956661611702,0.349815757217855,0.8153980355373337
0.5571432498883805,0.3501597507512592,0.8175535972712995
0.5521090538205136,0.350510452146299,0.819703940041634
0.547190266317523,0.3508678268938387,0.8218489751075466
0.5423841410576976,0.3512318412905117,0.8239886143113639
0.5376879959533633,0.3516024624174736,0.8261227700868712
0.5330992120495519,0.3519796581196549,0.8282513554675373
0.5286152324089864,0.3523633969854998,0.830374284094624
0.5242335609864796,0.352753648327179,0.832491470225177
0.5199517614956138,0.3531503821612642,0.8346028287398989
0.5157674562703458,0.3535535691898526,0.8367082751509023
0.5116783251239716,0.3539631807821282,0.8388077256093428
0.5076821042076917,0.3543791889563522,0.84090109691293
0.5037765848708289,0.3548015663622673,0.8429883065133172
0.4999596125245788,0.3552302862639091,0.8450692725233674
0.4962290855110082,0.3556653225228119,0.8471439137242958
0.4925829539788619,0.3561066495815994,0.8492121495726879
0.489019218767597,0.3565542424479517,0.8512739002073921
0.4855359303009244,0.3570080766789373,0.8533290864562872
0.4821311874910152,0.357468128365703,0.855377629842922
0.4788031366544081,0.3579343741185105,0.8574194525930291
0.475549970440546,0.3584067910521134,0.8594544776409109
0.4723699267737642,0.3588853567714641,0.8614826286356964
0.4692612878094623,0.3593700493577437,0.8635038299474709
0.4662223789050944,0.3598608473547067,0.8655180066732753
0.4632515676065382,0.3603577297553324,0.8675250846429766
0.4603472626503205,0.3608606759887754,0.8695249904250083
0.4575079129821083,0.361369665907609,0.8715176513319804
0.4547320067918073,0.3618846797753525,0.8735029954261594
0.4520180705655509,0.3624056982542777,0.8754809515248163
0.4493646681548032,0.3629327023934858,0.8774514492054452
0.4467703998627512,0.3634656736172497,0.8794144188108488
0.4442339015481111,0.3640045937136145,0.8813697914540939
0.441753843746431,0.3645494448232503,0.8833174990233341
0.439328930808933,0.3651002094285516,0.8852574741865016
0.4369579000588985,0.3656568703429769,0.8871896503958665
0.4346395209655707,0.3662194107006228,0.8891139618924647
0.4323725943355126,0.3667878139460281,0.8910303437103936
0.4301559515213384,0.3673620638242013,0.8929387316809755
0.4279884536477024,0.3679421443708668,0.8948390624367899
0.4258689908544156,0.3685280399029252,0.8967312734155735
0.423796481556532,0.3691197350091213,0.898615302863988
0.4217698717212348,0.3697172145409174,0.9004910898412575
0.4197881341613313,0.3703204636035645,0.9023585742226725
0.4178502678451549,0.3709294675473691,0.9042176967029648
0.4159552972226561,0.37154421195915,0.9060683987995497
0.4141022715674566,0.3721646826538808,0.9079106228556377
0.4122902643346284,0.3727908656665146,0.909744312043216
0.4105183725339518,0.3734227472439868,0.9115694103658992
0.4087857161184009,0.3740603138373904,0.9133858626616501
0.4070914373875955,0.3747035520943231,0.915193614605371
0.4054347004059573,0.3753524488513994,0.9169926127113652
0.4038146904353015,0.3760069911269252,0.9187828043356704
0.4022306133815925,0.3766671661137329,0.9205641376782623
0.4006816952555908,0.3773329611721701,0.9223365617851316
0.3991671816471155,0.3780043638232424,0.9241000265502322
0.3976863372126475,0.3786813617419043,0.9258544827173025
0.396238445175995,0.3793639427504964,0.927599881881561
0.3948228068417486,0.3800520948123247,0.929336176491274
0.3934387411212476,0.380745806025381,0.9310633198491994
0.392085584070786,0.3814450646161987,0.9327812661139048
0.3907626884417854,0.3821498589338436,0.9344899703009608
0.3894694232426645,0.382860177444036,0.9361893882840117
0.3882051733121376,0.3835760087234011,0.9378794767957218
0.3869693389036783,0.3842973414538451,0.9395601934286
0.3857613352808847,0.3850241644170556,0.9412314966357023
0.384580592323489,0.3857564664891223,0.9428933457312131
0.3834265541437567,0.3864942366352763,0.9445457008909066
0.3822986787130213,0.3872374639047461,0.9461885231524879
0.3811964374981105,0.3879861374257269,0.9478217744158155
0.3801193151074167,0.3887402464004623,0.9494454174430058
0.3790668089463747,0.3894997801004348,0.9510594158584201
0.3780384288821095,0.3902647278616643,0.9526637341485349
0.3770336969170234,0.3910350790801118,0.9542583376616967
0.3760521468710955,0.3918108232071868,0.9558431926077618
0.3750933240726715,0.392591949745355,0.9574182660576228
0.3741567850575238,0.3933784482438476,0.9589835259426203
0.3732420972759698,0.3941703082944661,0.9605389410538439
0.3723488388078392,0.3949675195274846,0.9620844810413213
0.3714765980850831,0.3957700716076457,0.9636201164130968
0.3706249736218272,0.3965779542302485,0.9651458185342002
0.3697935737516706,0.3973911571173281,0.9666615596255081
0.3689820163720406,0.3982096700139238,0.9681673127624959
0.3681899286954139,0.3990334826844353,0.9696630518738847
0.3674169470072229,0.3998625849090642,0.9711487517401816
0.3666627164302681,0.4006969664803412,0.9726243879921157
0.3659268906954609,0.4015366171997354,0.974089937108971
0.3652091319187278,0.4023815268743458,0.9755453764168152
0.3645091103839089,0.4032316853136728,0.9769906840866281
0.3638265043314897,0.4040870823264694,0.9784258391323297
0.3631609997530064,0.4049477077176688,0.979850821408707
0.3625122901909721,0.4058135512853892,0.9812656116092447
0.3618800765441728,0.4066846028180139,0.9826701912638568
0.3612640668781872,0.4075608520913441,0.9840645427365224
0.3606639762409866,0.4084422888658258,0.9854486492228269
0.3600795264834781,0.409328902883847,0.9868224947474081
0.3595104460848524,0.4102206838671062,0.9881860641613099
0.3589564699826083,0.4111176215140492,0.9895393431392441
0.358417339407121,0.4120197054973752,0.9908823181767612
0.3578928017206341,0.4129269254616087,0.9922149765873322
0.3573826102605489,0.4138392710207387,0.9935373064993407
0.3568865241868967,0.414756731755922,0.9948492968529891
0.3564043083338752,0.4156792972132512,0.9961509373971175
0.3559357330653404,0.4166069569015856,0.9974422186859384
0.3554805741341415,0.417539700290444,0.9987231320756869
0.3550386125451957,0.4184775168079589,0.9999936697211883
0.3546096344221972,0.4194203958388916,1.0012538245723448
0.3541934308778617,0.4203683267227054,1.0025035903705413
0.3537897978876082,0.4213212987516991,1.003742961644972
0.3533985361665825,0.4222793011691965,1.0049719337088892
0.353019451049931,0.4232423231677942,1.0061905026557756
0.3526523523762345,0.4242103538876647,1.0073986653554405
0.3522970543740152,0.4251833824149152,1.0085964194500425
0.3519533755512312,0.4261613977800003,1.0097837633500377
0.3516211385876769,0.4271443889561895,1.0109606962300572
0.3513001702302084,0.4281323448580867,1.012127218024713
0.3509903011907164,0.4291252543402024,1.013283329424335
0.350691366046771,0.4301231061955777,1.0144290318706397
0.3504032031448637,0.4311258891544587,1.0155643275523305
0.3501256545061769,0.432133591883021,1.016689219400634
0.3498585657348092,0.4331462029821444,1.0178037110847706
0.3496017859283908,0.4341637109862355,1.0189078070073612
0.3493551675910218,0.4351861043620991,1.0200015122997728
0.3491185665484709,0.4362133715078566,1.0210848328174025
0.3488918418655714,0.437245500751912,1.0221577751349014
0.3486748557657546,0.4382824803519631,1.0232203465413403
0.3484674735526626,0.4393242984940593,1.024272555035318
0.3482695635337829,0.4403709432917037,1.0253144093200137
0.3480809969460489,0.4414224027850005,1.026345918798184
0.3479016478833546,0.442478664939845,1.027367093567106
0.3477313932259295,0.4435397176471581,1.028377944413469
0.3475701125715232,0.4446055487221627,1.0293784828082142
0.3474176881683511,0.4456761459037027,1.0303687209013237
0.3472740048497533,0.4467514968536032,1.0313486715165616
0.3471389499705186,0.4478315891560721,1.0323183481461675
0.3470124133448313,0.4489164103171417,1.033277764945503
0.3468942871857936,0.4500059477641513,1.0342269367276526
0.3467844660464833,0.451100188845268,1.0351658789579823
0.3466828467625044,0.4521991208290468,1.0360946077486528
0.34658932839599,0.45330273090403,1.0370131398530933
0.3465038121810196,0.4544110061783834,1.0379214926604337
0.3464262014704106,0.4555239336795701,1.0388196841898973
0.3463564016838494,0.4566415003540621,1.039707733085157
0.3462943202573245,0.457763693067087,1.0405856586086515
0.3462398665938271,0.4588904986024116,1.041453480635869
0.3461929520152863,0.460021903662161,1.0423112196495952
0.3461534897157036,0.4611578948666716,1.0431588967341259
0.3461213947154574,0.4622984587543802,1.043996533569451
0.3460965838167443,0.4634435817817456,1.0448241524254038
0.346078975560128,0.4645932503232051,1.0456417761557828
0.346068490182166,0.4657474506711631,1.0464494281924435
0.3460650495740852,0.4669061690360132,1.0472471325393629
0.3460685772414796,0.4680693915461916,1.0480349137666767
0.3460789982650024,0.4692371042482635,1.0488127970046925
0.346096239262026,0.4704092931070393,1.0495808079378772
0.3461202283492445,0.4715859440057231,1.050338972798822
0.3461508951061955,0.472767042746091,1.0510873183621847
0.3461881705396741,0.4739525750486992,1.051825871938612
0.346231987049018,0.4751425265531221,1.0525546613686405
0.3462822783922407,0.4763368828182194,1.05327371501658
0.3463389796529895,0.4775356293224318,1.0539830617643782
0.3464020272083076,0.478738751464105,1.0546827310054692
0.3464713586971796,0.4799462345618419,1.0553727526386063
0.3465469129898395,0.4811580638548819,1.05605315706168
0.3466286301578212,0.4823742245035072,1.0567239751655226
0.3467164514447336,0.4835947015894759,1.0573852383277003
0.3468103192377398,0.4848194801164812,1.058036978406293
0.3469101770397236,0.4860485450106364,1.0586792277336663
0.347015969442125,0.4872818811209854,1.0593120191102299
0.3471276420984279,0.4885194732200378,1.059935385798191
0.3472451416982822,0.4897613060043287,1.0605493615152994
0.3473684159422462,0.4910073640950032,1.061153980428585
0.3474974135171307,0.4922576320384233,1.0617492771480912
0.3476320840719319,0.4935120943067999,1.0623352867206026
0.3477723781943368,0.4947707352988462,1.0629120446233706
0.3479182473877867,0.4960335393404544,1.0634795867578353
0.3480696440490851,0.4973004906853942,1.0640379494433456
0.3482265214465359,0.4985715735160335,1.0645871694108795
0.3483888336985983,0.4998467719440798,1.0651272837967642
0.348556535753046,0.5011260700113431,1.0656583301363973
0.3487295833666178,0.5024094516905189,1.0661803463579698
0.3489079330851464,0.5036969008859915,1.0666933707761919
0.3490915422241551,0.5049884014346574,1.067197442086024
0.3492803688499095,0.5062839371067672,1.0676925993564104
0.3494743717609124,0.5075834916067878,1.06817888202402
0.3496735104698332,0.5088870485742817,1.0686563298869929
0.349877745185858,0.5101945915848054,1.0691249830986946
0.350087036797452,0.5115061041508256,1.0695848821614777
0.3503013468555235,0.5128215697226526,1.0700360679204528
0.3505206375569797,0.5141409716893903,1.0704785815572697
0.350744871728664,0.5154642933799043,1.0709124645839083
0.350974012811666,0.5167915180638041,1.0713377588364819
0.351208024845996,0.5181226289524432,1.0717545064690512
0.3514468724556125,0.5194576091999338,1.072162749947453
0.3516905208337972,0.5207964419041763,1.0725625320431416
0.3519389357288664,0.5221391101079044,1.0729538958270437
0.3521920834302126,0.5234855967997437,1.0733368846634312
0.3524499307546669,0.5248358849152854,1.0737115422038073
0.352712445033176,0.5261899573381723,1.0740779123808104
0.3529795940977838,0.5275477969011989,1.074436039402136
0.3532513462689129,0.5289093863874242,1.0747859677444749
0.3535276703429376,0.5302747085312971,1.0751277421474723
0.3538085355800408,0.5316437460197936,1.0754614076077054
0.3540939116923495,0.533016481493566,1.0757870093726802
0.3543837688323407,0.5343928975481035,1.0761045929348514
0.3546780775815132,0.5357729767349039,1.0764142040256612
0.3549768089393165,0.5371567015626556,1.0767158886096027
0.3552799343123332,0.5385440544984302,1.0770096928783037
0.3555874255037073,0.5399350179688852,1.0772956632446362
0.3558992547028136,0.5413295743614757,1.0775738463368478
0.3562153944751614,0.5427277060256759,1.077844288992719
0.3565358177525285,0.544129395274209,1.0781070382537448
0.3568604978233191,0.5455346243842861,1.0783621413593436
0.35718940832314,0.5469433755988526,1.078609645741091
0.3575225232255924,0.5483556311278429,1.0788495990169802
0.3578598168332708,0.5497713731494424,1.0790820489857114
0.3582012637689669,0.5511905838113562,1.079307043621008
0.3585468389670733,0.5526132452320854,1.0795246310659616
0.3588965176651814,0.5540393395022088,1.0797348596274066
0.3592502753958699,0.5554688486856714,1.079937777770323
0.3596080879786798,0.5569017548210776,1.0801334341122708
0.3599699315122707,0.5583380399229915,1.0803218774178538
0.3603357823667552,0.5597776859832401,1.080503156593215
0.3607056171762069,0.5612206749722227,1.0806773206805633
0.3610794128313386,0.562666988840224,1.0808444188527322
0.3614571464723454,0.5641166095187313,1.0810045004077702
0.3618387954819118,0.5655695189217553,1.0811576147635658
0.3622243374783758,0.5670256989471544,1.081303811452503
0.3626137503090493,0.5684851314779618,1.0814431401161537
0.3630070120436897,0.5699477983837151,1.081575650500001
0.3634041009681198,0.5714136815217893,1.081701392448199
0.3638049955779933,0.5728827627387298,1.0818204158983675
0.3642096745727014,0.5743550238715895,1.0819327708764201
0.3646181168494189,0.5758304467492653,1.08203850749143
0.3650303014972858,0.5773090131938364,1.0821376759305306
0.3654462077917217,0.5787907050219041,1.082230326453852
0.36586581518887,0.5802755040459305,1.0823165093894955
0.3662891033201697,0.5817633920755787,1.0823962751285445
0.3667160519870509,0.5832543509190518,1.0824696741201116
0.3671466411557527,0.5847483623844322,1.0825367568664248
0.3675808509522601,0.5862454082810195,1.0825975739179505
0.3680186616573567,0.5877454704206677,1.0826521758685557
0.3684600537017928,0.5892485306191207,1.0827006133507073
0.368905007661564,0.5907545706973465,1.0827429370307116
0.3693535042533001,0.5922635724828688,1.0827791976039913
0.3698055243297601,0.5937755178110967,1.0828094457904036
0.3702610488754332,0.5952903885266524,1.0828337323295953
0.3707200590022411,0.5968081664846946,1.0828521079764004
0.3711825359453415,0.5983288335522402,1.0828646234962749
0.3716484610590303,0.5998523716094818,1.082871329660774
0.3721178158127393,0.6013787625511015,1.0828722772430681
0.3725905817871289,0.6029079882875812,1.0828675170135007
0.3730667406702734,0.6044400307465082,1.0828570997351856
0.3735462742539359,0.6059748718738767,1.0828410761596463
0.3740291644299333,0.6075124936353836,1.0828194970224958
0.374515393186587,0.6090528780177207,1.0827924130391575
0.3750049426052595,0.6105960070298602,1.0827598749006284
0.3754977948569741,0.6121418627043356,1.0827219332692828
0.3759939321991166,0.6136904270985161,1.0826786387747187
0.3764933369722169,0.6152416822958754,1.082630042009645
0.3769959915968094,0.6167956104072538,1.082576193525812
0.3775018785703705,0.6183521935721141,1.0825171438299823
0.3780109804643305,0.6199114139597903,1.082452943379945
0.3785232799211615,0.6214732537707294,1.0823836425805726
0.3790387596515356,0.6230376952377259,1.0823092917799184
0.3795574024315559,0.6246047206271489,1.0822299412653589
0.3800791911000565,0.626174312240161,1.0821456412597759
0.3806041085559706,0.6277464524139297,1.082056441917784
0.3811321377557664,0.6293211235228302,1.0819623933219986
0.3816632617109482,0.6308983079796399,1.0818635454793477
0.3821974634856223,0.6324779882367242,1.0817599483174258
0.3827347261941257,0.6340601467872136,1.0816516516808916
0.3832750329987177,0.635644766166171,1.081538705327907
0.3838183671073313,0.6372318289517508,1.0814211589266205
0.3843647117713851,0.6388213177663471,1.0812990620516922
0.3849140502836537,0.6404132152777336,1.0811724641808629
0.3854663659761952,0.6420075042001926,1.0810414146915643
0.3860216422183357,0.6436041672956337,1.0809059628575743
0.3865798624147084,0.6452031873747034,1.080766157845713
0.3871410100033478,0.6468045472978824,1.0806220487125828
0.3877050684538365,0.648408229976574,1.0804736844013514
0.3882720212655052,0.6500142183741802,1.0803211137385766
0.388841851965683,0.6516224955071671,1.080164385431075
0.3894145441079992,0.6532330444461197,1.0800035480628318
0.3899900812707336,0.6548458483167842,1.0798386500919557
0.3905684470552161,0.6564608903010991,1.0796697398476738
0.3911496250842737,0.6580781536382151,1.0794968655273705
0.3917335990007244,0.6596976216255018,1.0793200751936687
0.3923203524659168,0.6613192776195435,1.079139416771553
0.3929098691583156,0.6629431050371214,1.0789549380455352
0.3935021327721303,0.6645690873561851,1.078766686656863
0.3940971270159886,0.6661972081168096,1.0785747101007692
0.3946948356116518,0.6678274509221405,1.0783790557237645
0.3952952422927723,0.6694597994393263,1.0781797707209708
0.3958983308036923,0.6710942374004376,1.0779769021334977
0.3965040848982835,0.6727307486033725,1.0777704968458597
0.3971124883388258,0.6743693169127493,1.0775606015834354
0.3977235248949258,0.6760099262607855,1.0773472629099683
0.3983371783424727,0.6776525606481629,1.0771305272251086
0.398953432462633,0.6792972041448796,1.0769104407619965
0.3995722710408817,0.6809438408910867,1.076687049584886
0.4001936778660693,0.682592455097913,1.0764603995868107
0.4008176367295258,0.6842430310482733,1.0762305364872897
0.4014441314241983,0.6858955530976645,1.0759975058300735
0.4020731457438245,0.6875500056749455,1.0757613529809318
0.4027046634821388,0.6892063732831039,1.0755221231254808
0.4033386684321127,0.6908646405000071,1.0752798612670504
0.4039751443852268,0.6925247919791394,1.075034612224592
0.4046140751307763,0.6941868124503239,1.0747864206306255
0.4052554444552064,0.6958506867204289,1.0745353309292267
0.40589923614148,0.6975163996740606,1.0742813873740533
0.406545433968475,0.699183936274239,1.074024634026411
0.4071940217104123,0.7008532815630596,1.0737651147533578
0.4078449831363119,0.7025244206623393,1.0735028732258478
0.4084983020094795,0.7041973387742472,1.0732379529169136
0.4091539620870198,0.7058720211819188,1.0729703970998872
0.4098119471193787,0.7075484532500564,1.0727002488466586
0.4104722408499124,0.7092266204255118,1.0724275510259735
0.4111348270144838,0.710906508237854,1.0721523463017681
0.4117996893410844,0.7125881022999216,1.0718746771315417
0.412466811549483,0.7142713883083585,1.0715945857647668
0.4131361773508995,0.7159563520441328,1.0713121142413367
0.4138077704477034,0.7176429793730414,1.0710273043900496
0.4144815745331373,0.7193312562461972,1.0707401978271294
0.4151575732910644,0.7210211687004996,1.070450835954784
0.4158357503957391,0.7227127028590897,1.0701592599597987
0.4165160895116021,0.7244058449317886,1.0698655108121662
0.4171985742930967,0.7261005812155188,1.0695696292637529
0.4178831883845086,0.7277968980947099,1.0692716558469997
0.4185699154198276,0.7294947820416869,1.068971630873659
0.4192587390226303,0.7311942196170423,1.068669594433567
0.4199496428059845,0.7328951974699911,1.0683655863934496
0.4206426103723746,0.7345977023387092,1.0680596463957646
0.4213376253136463,0.7363017210506554,1.0677518138575768
0.4220346712109726,0.7380072405228751,1.0674421279694684
0.4227337316348387,0.7397142477622891,1.0671306276944819
0.4234347901450465,0.7414227298659634,1.066817351767098
0.4241378302907377,0.7431326740213631,1.0665023386922465
0.4248428356104359,0.7448440675065893,1.0661856267443486
0.4255497896321063,0.7465568976905981,1.065867253966395
0.4262586758732337,0.7482711520334029,1.0655472581690535
0.4269694778409179,0.7499868180862594,1.0652256769298118
0.4276821790319859,0.7517038834918336,1.0649025475921496
0.4283967629331215,0.7534223359843518,1.0645779072647443
0.4291132130210108,0.7551421633897341,1.064251792820707
0.4298315127625043,0.7568633536257098,1.0639242408968508
0.4305516456147942,0.758585894701916,1.0635952878929895
0.4312735950256081,0.7603097747199783,1.0632649699712664
0.4319973444334168,0.7620349818735745,1.0629333230555142
0.4327228772676579,0.7637615044484802,1.0626003828306452
0.4334501769489733,0.7654893308225972,1.06226618474207
0.4341792268894613,0.7672184494659645,1.0619307639951479
0.4349100104929422,0.7689488489407517,1.061594155554664
0.4356425111552382,0.7706805179012342,1.0612563941443378
0.436376712264466,0.7724134450937513,1.0609175142463585
0.4371125972013426,0.774147619356647,1.0605775501009496
0.4378501493395043,0.7758830296201921,1.060236535705962
0.438589352045837,0.7776196649064891,1.059894504816494
0.4393301886808204,0.7793575143293601,1.05955149094454
0.4400726425988822,0.7810965670942154,1.059207527358665
0.4408166971487655,0.7828368124979057,1.0588626470837077
0.4415623356739065,0.7845782399285559,1.0585168829005094
0.4423095415128237,0.7863208388653812,1.058170267345669
0.4430582979995177,0.7880645988784851,1.0578228327113257
0.443808588463882,0.7898095096286402,1.0574746110449653
0.4445603962321231,0.7915555608670504,1.0571256341492543
0.4453137046271916,0.7933027424350958,1.0567759335818976
0.4460684969692227,0.7950510442640594,1.0564255406555219
0.4468247565759854,0.7968004563748355,1.0560744864375844
0.4475824667633426,0.7985509688776217,1.0557228017503044
0.4483416108457185,0.8003025719715904,1.055370517170621
0.4491021721365756,0.802055255944545,1.0550176630301722
0.4498641339489002,0.8038090111725562,1.0546642694153006
0.4506274795956956,0.8055638281195816,1.0543103661670794
0.4513921923904841,0.8073196973370662,1.0539559828813636
0.452158255647816,0.8090766094635256,1.0536011489088624
0.4529256526837862,0.8108345552241109,1.053245893355235
0.4536943668165591,0.8125935254301557,1.052890245081209
0.454464381366899,0.8143535109787049,1.0525342327027183
0.4552356796587084,0.8161145028520252,1.0521778845910654
0.4560082450195729,0.8178764921170983,1.0518212288731037
0.4567820607813118,0.8196394699250948,1.0514642934314404
0.4575571102805353,0.821403427510831,1.051107105904661
0.4583333768592079,0.8231683561922066,1.0507496936875738
0.459110843865217,0.824934247369626,1.0503920839314744
0.4598894946529473,0.8267010925253987,1.050034303544431
0.4606693125838602,0.8284688832231243,1.049676379191588
0.4614502810270789,0.8302376111070571,1.04931833729549
0.4622323833599776,0.8320072679014537,1.0489602040364243
0.4630156029687761,0.8337778454099025,1.048602005352783
0.4637999232491381,0.8355493355146335,1.0482437669414415
0.4645853276067745,0.8373217301758116,1.0478855142581587
0.4653717994580505,0.8390950214308105,1.0475272725179918
0.466159322230596,0.8408692013934684,1.0471690666957307
0.4669478793639205,0.8426442622533258,1.0468109215263495
0.4677374543100314,0.8444201962748444,1.0464528615054745
0.4685280305340549,0.8461969957966081,1.04609491088987
0.4693195915148603,0.8479746532305051,1.0457370936979404
0.470112120745688,0.849753161060892,1.0453794337102484
0.4709056017347787,0.8515325118437393,1.0450219544700494
0.4717000180060066,0.8533126982057582,1.0446646792838419
0.4724953530995138,0.855093712843509,1.0443076312219337
0.4732915905723481,0.8568755485224916,1.0439508331190228
0.4740887139991013,0.8586581980762162,1.0435943075747938
0.4748867069725506,0.8604416544052567,1.0432380769545286
0.4756855531043011,0.862225910476284,1.042882163389733
0.4764852360254298,0.864010959321083,1.0425265887787751
0.477285739387131,0.8657967940355477,1.042171374787541
0.4780870468613626,0.8675834077786606,1.0418165428501007
0.4788891421414939,0.8693707937714519,1.0414621141693912
0.4796920089429534,0.8711589452959395,1.0411081097179096
0.4804956310038784,0.8729478556940515,1.0407545502384214
0.4812999920857637,0.874737518366529,1.0404014562446808
0.4821050759741119,0.8765279267718098,1.0400488480221637
0.4829108664790832,0.878319074424894,1.0396967456288126
0.483717347436145,0.8801109548961898,1.0393451688957946
0.4845245027067223,0.8819035618103412,1.03899413742827
0.4853323161788468,0.8836968888450357,1.0386436706061732
0.4861407717678063,0.8854909297297933,1.0382937875850047
0.486949853416793,0.8872856782447366,1.0379445072966347
0.4877595450975517,0.8890811282193416,1.0375958484501173
0.4885698308110265,0.8908772735311691,1.0372478295325147
0.4893806945880069,0.8926741081045767,1.0369004688097332
0.4901921204897725,0.8944716259094121,1.0365537843273682
0.4910040926087369,0.8962698209596862,1.0362077939115597
0.4918165950690896,0.8980686873122277,1.0358625151698577
0.4926296120274369,0.899868219065317,1.0355179654920972
0.4934431276734406,0.901668410357302,1.0351741620512815
0.4942571262304553,0.9034692553651932,1.0348311218044763
0.4950715919561638,0.9052707483032396,1.0344888614937116
0.4958865091432102,0.9070728834214844,1.0341473976468916
0.496701862119831,0.9088756550043028,1.0338067465787155
0.4975176352504835,0.910679057368916,1.033466924391604
0.498333812936473,0.9124830848638904,1.0331279469766348
0.4991503796165756,0.9142877318676133,1.0327898300144869
0.4999673197676604,0.9160929927867484,1.0324525889763905
0.5007846179053069,0.917898862054674,1.0321162391250864
0.5016022585844216,0.9197053341298992,1.0317807955157914
0.5024202263998498,0.9215124034944592,1.0314462729971712
0.5032385059869855,0.9233200646522916,1.0311126862123199
0.5040570820223776,0.925128312127592,1.0307800495997463
0.5048759392243333,0.9269371404631492,1.0304483773943673
0.505695062353517,0.9287465442186592,1.0301176836285058
0.5065144362135474,0.93055651796902,1.0297879821328966
0.5073340456515891,0.932367056302604,1.029459286537697
0.5081538755589424,0.9341781538195106,1.0291316102735042
0.5089739108716277,0.935989805129799,1.0288049665723769
0.5097941365709671,0.9378020048516976,1.0284793684688627
0.5106145376841614,0.9396147476097944,1.0281548288010316
0.5114350992848639,0.9414280280332056,1.0278313602115134
0.5122558064937486,0.9432418407537234,1.0275089751485402
0.5130766444790757,0.9450561804039416,1.0271876858669937
0.5138975984572521,0.9468710416153612,1.026867504429457
0.5147186536933872,0.9486864190164735,1.0265484427072706
0.5155397955018449,0.9505023072308229,1.0262305123815922
0.5163610092467905,0.9523187008750454,1.0259137249444614
0.5171822803427336,0.9541355945568896,1.0255980916998673
0.5180035942550654,0.9559529828732116,1.02528362376482
0.518824936500592,0.9577708604079516,1.024970332070426
0.519646292648063,0.9595892217300852,1.0246582273629663
0.5204676483186939,0.961408061391556,1.0243473202049784
0.5212889891866851,0.9632273739251828,1.0240376209763404
0.5221103009797352,0.965047153842547,1.0237291398753587
0.5229315694795487,0.9668673956318568,1.0234218869198586
0.5237527805223393,0.9686880937557876,1.0231158719482767
0.5245739199993278,0.9705092426493024,1.022811104620756
0.5253949738572341,0.972330836717447,1.022507594420244
0.526215928098765,0.974152870333124,1.0222053506535917
0.5270367687830954,0.9759753378348432,1.0219043824526561
0.5278574820263445,0.9777982335244498,1.021604698775403
0.5286780540020474,0.9796215516648282,1.0213063084070124
0.5294984709416192,0.9814452864775836,1.021009219960986
0.5303187191348155,0.9832694321407002,1.0207134418802544
0.531138784930186,0.9850939827861752,1.0204189824382883
0.5319586547355225,0.9869189324976306,1.0201258497402081
0.5327783150183021,0.9887442753079002,1.0198340517238966
0.5335977523061234,0.9905700051965932,1.0195435961611117
0.5344169531871374,0.9923961160876345,1.0192544906586
0.5352359043104732,0.9942226018467798,1.018966742659212
0.5360545923866561,0.9960494562791083,1.0186803594430158
0.5368730041880219,0.99787667312649,1.0183953481284143
0.5376911265491234,0.9997042460650282,1.0181117156732595
0.5385089463671321,1.0015321687024803,1.0178294688759704
0.539326450602233,1.0033604345756508,1.0175486143766475
0.5401436262780144,1.005189037147762,1.0172691586581903
0.5409604604818502,1.0070179698057982,1.0169911080474134
0.5417769403652773,1.0088472258578274,1.0167144687161618
0.5425930531443665,1.0106767985302958,1.016439246682427
0.5434087861000866,1.0125066809652985,1.016165447811463
0.5442241265786636,1.0143368662178247,1.0158930778169
0.5450390619919324,1.016167347252978,1.015622142261859
0.545853579817683,1.0179981169431709,1.0153526465600657
0.5466676676000002,1.0198291680652944,1.0150845959769632
0.5474813129495972,1.0216604932978612,1.0148179956308225
0.5482945035441429,1.0234920852181246,1.014552850493855
0.5491072271285824,1.02532393629917,1.0142891653933213
0.5499194715154523,1.0271560389069818,1.0140269450126398
0.5507312245851884,1.0289883852974848,1.013766193892494
0.5515424742864283,1.0308209676135576,1.0135069164319386
0.5523532086363067,1.0326537778820215,1.0132491168895035
0.5531634157207445,1.0344868080106036,1.0129927993842975
0.5539730836947322,1.0363200497848712,1.0127379678971093
0.5547822007826065,1.0381534948651432,1.0124846262715068
0.5555907552783205,1.039987134783372,1.0122327782149352
0.5563987355457073,1.0418209609400009,1.0119824272998135
0.5572061300187382,1.0436549646007929,1.0117335769646278
0.5580129272017734,1.045489136893636,1.0114862305150243
0.558819115669807,1.0473234688053183,1.0112403911248984
0.5596246840687057,1.0491579511782785,1.0109960618374836
0.5604296211154407,1.0509925747073272,1.0107532455664365
0.5612339155983136,1.0528273299363455,1.0105119450969207
0.562037556377176,1.0546622072549514,1.0102721630866869
0.5628405323836426,1.0564971968951429,1.0100339020671527
0.563642832621298,1.0583322889279116,1.0097971644444783
0.5644444461658971,1.0601674732598316,1.0095619525006398
0.5652453621655597,1.0620027396296186,1.0093282683945004
0.5660455698409581,1.0638380776046628,1.009096114162879
0.566845058485499,1.0656734765775355,1.0088654917216149
0.567643817465499,1.0675089257624677,1.008636402866632
0.568441836220353,1.069344414191799,1.0084088492749974
0.5692391042626984,1.0711799307124032,1.008182832505979
0.5700356111785708,1.0730154639820844,1.0079583540020995
0.570831346627555,1.074851002465945,1.0077354150901878
0.5716263003429292,1.0766865344327277,1.007514016982426
0.5724204621318033,1.0785220479511295,1.007294160777395
0.5732138218752509,1.0803575308860884,1.0070758474611166
0.5740063695284354,1.0821929708950428,1.0068590779080908
0.5747980951207295,1.084028355424163,1.006643852882332
0.5755889887558296,1.085863671704556,1.0064301730384004
0.576379040611863,1.087698906748443,1.0062180389224307
0.5771682409414896,1.08953404734531,1.006007450973157
0.5779565800719982,1.091369080058029,1.0057984095229346
0.578744048405396,1.0932039912189555,1.0055909147987587
0.5795306364184921,1.095038766925997,1.0053849669232782
0.5803163346629759,1.0968733930386532,1.0051805659158075
0.5811011337654891,1.0987078551740317,1.0049777116933334
0.5818850244276915,1.100542138702837,1.0047764040715195
0.5826679974263218,1.1023762287453294,1.004576642765706
0.5834500436132519,1.104210110167262,1.004378427391906
0.584231153915536,1.1060437675757868,1.0041817574677991
0.5850113193354535,1.1078771853153375,1.0039866324137188
0.5857905309505465,1.1097103474634855,1.0037930515536388
0.5865687799136513,1.1115432378267671,1.003601014116154
0.5873460574529252,1.11337583993649,1.0034105192354574
0.5881223548718664,1.1152081370445088,1.003221565952314
0.5888976635493289,1.1170401121189784,1.00303415321503
0.5896719749395327,1.1188717478400805,1.0028482798804184
0.5904452805720671,1.120703026595725,1.0026639447147605
0.5912175720518896,1.1225339304772275,1.0024811463947638
0.591988841059319,1.124364441274961,1.0022998835085148
0.5927590793500231,1.126194540473983,1.0021201545564289
0.5935282787550012,1.1280242092496402,1.0019419579521953
0.5942964311805614,1.1298534284631467,1.0017652920237186
0.5950635286082921,1.1316821786571407,1.0015901550140551
0.5958295630950295,1.1335104400512166,1.0014165450823467
0.5965945267728183,1.135338192537435,1.0012444603047486
0.5973584118488687,1.137165415675809,1.0010738986753545
0.5981212106055077,1.1389920886897695,1.0009048581071165
0.5988829154001251,1.1408181904616066,1.0007373364327607
0.5996435186651151,1.1426436995278917,1.0005713314057
0.6004030129078126,1.1444685940748764,1.000406840700941
0.6011613907104247,1.1462928519338722,1.0002438619159866
0.6019186447299573,1.1481164505766086,1.0000823925717357
0.6026747676981367,1.149939367110572,0.9999224301133778
0.6034297524213267,1.151761578274325,0.9997639719112826
0.604183591780441,1.1535830604328068,0.9996070152618866
0.6049362787308507,1.155403789572615,0.9994515573885737
0.605687806302287,1.1572237412972697,0.9992975954425535
0.6064381675987401,1.1590428908224597,0.9991451265037329
0.6071873557983524,1.160861212971273,0.9989941475815854
0.607935364153308,1.16267868216941,0.9988446556160148
0.6086821859897178,1.1644952724403812,0.9986966474782143
0.6094278147074996,1.166310957400691,0.9985501199715221
0.6101722437802543,1.1681257102550044,0.9984050698322722
0.6109154667551375,1.1699395037913054,0.9982614937306401
0.6116574772527275,1.1717523103760354,0.9981193882714853
0.6123982689668876,1.1735641019492251,0.9979787499951881
0.6131378356646264,1.175374850019612,0.9978395753784829
0.6138761711859518,1.177184525659748,0.9977018608352863
0.6146132694437223,1.178993099501097,0.9975656027175216
0.6153491244234937,1.1808005417291243,0.9974307973159376
0.6160837301833623,1.182606822078375,0.9972974408609243
0.6168170808538035,1.1844119098275476,0.997165529523323
0.617549170637507,1.186215773794561,0.9970350594152326
0.6182799938092083,1.188018382331613,0.996906026590811
0.6190095447155156,1.1898197033202398,0.9967784270470722
0.6197378177747341,1.191619704166365,0.9966522567246794
0.6204648074766856,1.193418351795351,0.9965275115087322
0.6211905083825251,1.1952156126470466,0.9964041872295512
0.6219149151245535,1.1970114526708346,0.9962822796634563
0.6226380224060271,1.1988058373206805,0.996161784533542
0.623359825000963,1.2005987315501812,0.9960426975104469
0.6240803177539418,1.2023900998076185,0.9959250142131202
0.6247994955799062,1.204179906031015,0.9958087302095819
0.625517353463957,1.2059681136431968,0.9956938410176803
0.6262338864611449,1.2077546855468613,0.9955803421058438
0.62694908969626,1.2095395841196537,0.9954682288938286
0.6276629583636173,1.211322771209251,0.9953574967534622
0.6283754877268397,1.2131042081284602,0.9952481410093819
0.6290866731186375,1.214883855650324,0.9951401569397692
0.629796509940585,1.2166616740032414,0.9950335397770796
0.6305049936628938,1.218437622866105,0.9949282847087683
0.6312121198241837,1.2202116613634506,0.9948243868780103
0.6319178840312503,1.2219837480606286,0.9947218413844177
0.6326222819588299,1.2237538409589914,0.9946206432847511
0.6333253093493614,1.2255218974911044,0.9945207875936275
0.6340269620127458,1.2272878745159772,0.9944222692842233
0.6347272358261025,1.2290517283143203,0.994325083288973
0.6354261267335232,1.230813414583829,0.9942292245002632
0.6361236307458236,1.2325728884344904,0.9941346877711229
0.6368197439402916,1.2343301043839263,0.9940414679159087
0.6375144624604339,1.2360850163527628,0.9939495597109856
0.6382077825157194,1.2378375776600337,0.9938589578954039
0.6388997003813208,1.239587741018621,0.9937696571715713
0.6395902123978533,1.2413354585307297,0.9936816522059209
0.6402793149711113,1.2430806816834057,0.9935949376295743
0.6409670045718028,1.2448233613440884,0.9935095080390011
0.641653277735281,1.2465634477562142,0.9934253579966733
0.642338131061275,1.2483008905348585,0.9933424820317162
0.6430215612136169,1.2500356386624285,0.9932608746405537
0.6437035649199674,1.2517676404844058,0.9931805302875505
0.6443841389715399,1.25349684370514,0.9931014434056495
0.6450632802228217,1.255223195383696,0.9930236083970049
0.6457409855912936,1.2569466419297577,0.9929470196336103
0.6464172520571477,1.2586671290995923,0.9928716714579243
0.6470920766630033,1.260384601992075,0.9927975581834899
0.6477654565136207,1.2620990050447756,0.9927246740955505
0.6484373887756136,1.2638102820301138,0.9926530134516619
0.6491078706771595,1.2655183760515822,0.9925825704822991
0.6497768995077082,1.2672232295400403,0.9925133393914604
0.6504444726176898,1.2689247842500837,0.9924453143572651
0.651110587418219,1.2706229812564878,0.9923784895325495
0.6517752413808001,1.2723177609507332,0.9923128590454563
0.6524384320370289,1.2740090630376124,0.9922484170000215
0.6531001569782937,1.2756968265319204,0.9921851574767564
0.653760413855475,1.2773809897552344,0.9921230745332252
0.6544192003786434,1.2790614903327835,0.9920621622046194
0.6550765143167567,1.280738265190413,0.9920024145043268
0.655732353497355,1.2824112505516423,0.9919438254244973
0.6563867158062551,1.2840803819348277,0.9918863889366043
0.6570395991872433,1.2857455941504223,0.9918300989920015
0.6576910016417675,1.2874068212983454,0.9917749495224762
0.6583409212286275,1.289063996765459,0.991720934440799
0.6589893560636647,1.290717053223157,0.9916680476412675
0.6596363043194503,1.2923659226250717,0.9916162830002481
0.660281764224973,1.2940105362048928,0.9915656343767125
0.6609257340653253,1.295650824474317,0.9915160956127707
0.6615682121813891,1.2972867172211162,0.9914676605341991
0.6622091969695201,1.2989181435073367,0.9914203229509662
0.6628486868812316,1.3005450316676312,0.9913740766577522
0.6634866804228772,1.3021673093077255,0.9913289154344669
0.6641231761553331,1.3037849033030238,0.9912848330467614
0.6647581726936794,1.3053977397973582,0.9912418232465374
0.6653916687068804,1.3070057442018836,0.9911998797724522
0.6660236629174645,1.308608841194122,0.9911589963504189
0.6666541541012039,1.3102069547171606,0.9911191666941043
0.6672831410867925,1.3118000079790084,0.9910803845054209
0.6679106227555247,1.3133879234521109,0.9910426434750169
0.6685365980409722,1.3149706228730325,0.991005937282761
0.6691610659286614,1.3165480272423054,0.9909702595982238
0.6697840254557498,1.318120056824451,0.9909356040811554
0.670405475710702,1.3196866311481796,0.9909019643819592
0.6710254158329655,1.3212476690067645,0.9908693341421613
0.6716438450126458,1.3228030884586064,0.9908377069948769
0.6722607624901815,1.3243528068279826,0.9908070765652727
0.6728761675560188,1.3258967407059867,0.9907774364710245
0.6734900595502858,1.3274348059516663,0.9907487803227725
0.6741024378624672,1.3289669176933585,0.9907211017245722
0.674713301931077,1.3304929903302296,0.9906943942743409
0.6753226512433337,1.332012937534024,0.990668651564302
0.6759304853348326,1.333526672251021,0.9906438671814235
0.67653680378922,1.3350341067042115,0.990620034707855
0.6771416062378665,1.3365351523956912,0.9905971477213591
0.6777448923595399,1.338029720109279,0.9905751997957406
0.6783466618800792,1.3395177199133632,0.9905541845012711
0.6789469145720669,1.3409990611639797,0.9905340954051098
0.6795456502545033,1.342473652508124,0.9905149260717221
0.6801428687924793,1.343941401887308,0.9904966700632923
0.6807385700968501,1.3454022165413548,0.9904793209401351
0.6813327541239087,1.346856003012447,0.9904628722611016
0.6819254208750597,1.3483026671494232,0.9904473175839825
0.6825165703964929,1.3497421141123331,0.990432650465908
0.6831062027788581,1.3511742483772524,0.9904188644637434
0.6836943181569387,1.352598973741361,0.990405953134482
0.6842809167093267,1.3540161933282902,0.9903939100356337
0.6848659986580973,1.355425809593742,0.9903827287256107
0.6854495642684844,1.3568277243313849,0.9903724027641089
0.6860316138485557,1.3582218386790288,0.9903629257124869
0.686612147748889,1.3596080531250845,0.9903542911341404
0.687191166362248,1.3609862675153117,0.9903464925948744
0.687768670123259,1.362356381059856,0.9903395236632703
0.6883446595080884,1.3637182923405862,0.9903333779110512
0.6889191350341197,1.3650718993187243,0.990328048913443
0.6894920972596318,1.3664170993427849,0.9903235302495315
0.6900635467834771,1.367753789156815,0.9903198155026175
0.690633484244761,1.369081864908949,0.9903168982605678
0.6912019103225212,1.3704012221602733,0.9903147721161621
0.6917688257354078,1.3717117558940115,0.990313430667438
0.6923342312413638,1.3730133605250263,0.9903128675180316
0.6928981276373072,1.3743059299096492,0.990313076277515
0.6934605157588118,1.3755893573558318,0.9903140505617308
0.6940213964797908,1.3768635356336338,0.9903157839931231
0.6945807707121793,1.3781283569860396,0.9903182702010651
0.6951386394056187,1.3793837131401123,0.9903215028221833
0.6956950035471414,1.3806294953184892,0.9903254755006792
0.696249864160856,1.3818655942512144,0.9903301818886467
0.6968032223076331,1.3830919001879218,0.9903356156463875
0.6973550790847931,1.384308302910362,0.9903417704427215
0.6979054356257931,1.3855146917452803,0.9903486399552963
0.6984542930999157,1.386710955577647,0.9903562178708915
0.6990016527119582,1.387896982864241,0.9903644978857207
0.6995475157019232,1.389072661647594,0.9903734737057306
0.700091883344709,1.390237879570289,0.9903831390468963
0.7006347569498016,1.3913925238896223,0.990393487635514
0.7011761378609682,1.3925364814926278,0.9904045132084902
0.70171602745595,1.3936696389114644,0.9904162095136277
0.7022544271461572,1.3947918823391712,0.9904285703099095
0.7027913383763644,1.3959030976457876,0.990441589367778
0.7033267626244077,1.3970031703948431,0.9904552604694127
0.7038607014008814,1.3980919858602174,0.9904695774090037
0.7043931562488368,1.399169429043367,0.9904845339930226
0.7049241287434818,1.4002353846909272,0.9905001240404909
0.705453620491881,1.4012897373126842,0.9905163413832444
0.7059816331326578,1.4023323711999172,0.990533179866195
0.7065081683356965,1.4033631704441152,0.99055063334759
0.707033227801846,1.404382018956065,0.9905686956992674
0.7075568132626244,1.4053888004853106,0.9905873608069097
0.7080789264799252,1.4063833986399854,0.990606622570293
0.7085995692457235,1.4073656969070143,0.9906264749035346
0.7091187433817845,1.4083355786726863,0.9906469117353371
0.7096364507393723,1.409292927243598,0.9906679270092296
0.7101526931989602,1.4102376258679623,0.9906895146838055
0.7106674726699421,1.4111695577572858,0.990711668732959
0.711180791090345,1.4120886061084112,0.990734383146117
0.7116926504265426,1.4129946541259228,0.9907576519284687
0.7122030526729702,1.4138875850449115,0.990781469101193
0.7127119998518407,1.4147672821541015,0.9908058287016823
0.7132194940128621,1.4156336288193307,0.9908307247837639
0.7137255372329555,1.416486508507386,0.9908561514179179
0.714230131615975,1.417325804810189,0.9908821026914938
0.7147332792924288,1.418151401469328,0.9909085727089225
0.7152349824192009,1.4189631824009337,0.9909355555919269
0.7157352431792748,1.4197610317208964,0.990963045479729
0.7162340637814579,1.4205448337704167,0.990991036529255
0.7167314464601077,1.4213144731418892,0.9910195229153365
0.7172273934748585,1.422069834705112,0.9910484988309102
0.7177219071103504,1.4228108036338192,0.9910779584872143
0.7182149896759585,1.42353726543253,0.9911078961139821
0.7187066435055242,1.4242491059637092,0.9911383059596335
0.7191968709570874,1.4249462114752336,0.9911691822914631
0.7196856744126204,1.4256284686281582,0.9912005193958262
0.7201730562777626,1.4262957645247762,0.991232311578322
0.7206590189815567,1.4269479867369672,0.9912645531639741
0.7211435649761866,1.4275850233348242,0.9912972384974084
0.721626696736716,1.4282067629155546,0.9913303619430286
0.7221084167608289,1.428813094632648,0.9913639178851891
0.7225887275685713,1.4294039082253014,0.9913979007283648
0.723067631702094,1.4299790940480954,0.991432304897319
0.723545131725397,1.4305385431009123,0.9914671248372687
0.7240212302240754,1.4310821470590889,0.9915023550140467
0.7244959298050659,1.431609798303792,0.991537989914262
0.7249692330963963,1.4321213899526135,0.9915740240454572
0.725441142746934,1.4326168158903687,0.9916104519362637
0.7259116614261386,1.433095970800092,0.9916472681365539
0.7263807918238132,1.4335587501942224,0.9916844672175918
0.7268485366498596,1.4340050504459625,0.9917220437721803
0.7273148986340328,1.4344347688208046,0.9917599924148063
0.7277798805256982,1.4348478035082146,0.9917983077817838
0.7282434850935898,1.435244053653457,0.991836984531394
0.7287057151255699,1.435623419389555,0.9918760173440235
0.7291665734283896,1.4359858018693723,0.9919154009222994
0.7296260628274521,1.436331103297804,0.9919551299912225
0.7300841861665758,1.4366592269640657,0.9919951992982988
0.7305409463077597,1.4369700772740654,0.9920356036136672
0.7309963461309505,1.4372635597828536,0.9920763377302256
0.7314503885338107,1.4375395812271266,0.9921173964637552
0.7319030764314874,1.4377980495577798,0.9921587746530413
0.7323544127563842,1.4380388739724943,0.9922004671599929
0.732804400457933,1.4382619649483428,0.9922424688697591
0.7332530425023682,1.4384672342743985,0.9922847746908443
0.7337003418725018,1.4386545950843397,0.9923273795552198
0.7341463015674999,1.4388239618890304,0.9923702784184341
0.7345909246026616,1.4389752506090618,0.9924134662597207
0.7350342140091977,1.4391083786072438,0.9924569380821038
0.7354761728340121,1.4392232647210297,0.9925006889125011
0.7359168041394846,1.4393198292948572,0.9925447138018257
0.736356111003254,1.4393979942123958,0.9925890078250843
0.7367940965180045,1.4394576829286772,0.9926335660814742
0.7372307637912515,1.4394988205021004,0.9926783836944783
0.7376661159451303,1.4395213336262922,0.9927234558119563
0.7381001561161858,1.4395251506618068,0.9927687776062366
0.7385328874551637,1.4395102016676502,0.9928143442742031
0.7389643131268024,1.4394764184326123,0.9928601510373819
0.7393944363096281,1.4394237345063916,0.9929061931420248
0.7398232601957492,1.439352085230491,0.9929524658591912
0.7402507879906538,1.439261407768878,0.9929989644848282
0.7406770229130077,1.4391516411383818,0.9930456843398477
0.7411019681944545,1.4390227262388184,0.9930926207702024
0.7415256270794164,1.438874605882824,0.993139769146959
0.741948002824897,1.4387072248253798,0.9931871248663697
0.7423690987002854,1.4385205297930108,0.993234683349942
0.7427889179871618,1.438314469512645,0.9932824400445058
0.7432074639791043,1.438088994740112,0.9933303904222792
0.7436247399814971,1.4378440582882672,0.9933785299809315
0.7440407493113408,1.4375796150547224,0.9934268542436451
0.744455495297063,1.4372956220491686,0.9934753587591748
0.7448689812783316,1.436992038420271,0.9935240391019057
0.7452812106058682,1.4366688254821234,0.9935728908719084
0.7456921866412641,1.4363259467402412,0.9936219096949929
0.7461019127567974,1.4359633679170796,0.9936710912227604
0.7465103923352506,1.4355810569770588,0.9937204311326534
0.746917628769731,1.4351789841510807,0.9937699251280033
0.7473236254634915,1.4347571219605195,0.9938195689380768
0.7477283858297535,1.434315445240672,0.9938693583181201
0.7481319132915307,1.433853931163651,0.9939192890494012
0.7485342112814545,1.4333725592607027,0.9939693569392507
0.7489352832416007,1.4328713114439406,0.9940195578211001
0.7493351326233183,1.4323501720274696,0.9940698875545192
0.7497337628870581,1.4318091277478937,0.994120342025251
0.7501311775022045,1.4312481677841893,0.9941709171452449
0.7505273799469077,1.4306672837769274,0.9942216088526882
0.7509223737079173,1.4300664698468344,0.9942724131120361
0.7513161622804174,1.429445722612672,0.9943233259140396
0.7517087491678638,1.4288050412084274,0.9943743432757717
0.752100137881821,1.428144427299796,0.9944254612406519
0.7524903319418019,1.427463885099946,0.994476675878469
0.7528793348751088,1.426763421384549,0.9945279832854023
0.7532671502166751,1.4260430455060675,0.9945793795840407
0.7536537815089085,1.4253027694072826,0.9946308609234008
0.7540392323015361,1.4245426076340542,0.9946824234789425
0.7544235061514506,1.423762577347298,0.9947340634525837
0.7548066066225573,1.4229626983341703,0.994785777072713
0.7551885372856234,1.4221429930184506,0.9948375605942003
0.755569301718128,1.421303486470107,0.9948894102984068
0.7559489035041135,1.420444206414041,0.9949413224931927
0.7563273462340384,1.4195651832379943,0.9949932935129229
0.7567046335046319,1.4186664499996169,0.9950453197184725
0.7570807689187489,1.4177480424326787,0.9950973974972294
0.757455756085227,1.4168099989524248,0.9951495232630954
0.7578295986187447,1.4158523606600597,0.9952016934564868
0.7582023001396808,1.4148751713463574,0.9952539045443325
0.7585738642739754,1.413878477494389,0.9953061530200707
0.7589442946529917,1.4128623282813613,0.9953584354036445
0.7593135949133794,1.4118267755795602,0.9954107482414956
0.7596817686969393,1.4107718739563957,0.9954630881065564
0.7600488196504896,1.4096976806735395,0.9955154515982413
0.7604147514257331,1.408604255685158,0.9955678353424355
0.7607795676791254,1.4074916616352258,0.9956202359914836
0.7611432720717448,1.406359963853929,0.9956726502241754
0.7615058682691639,1.4052092303531472,0.995725074745731
0.7618673599413213,1.4040395318210144,0.9957775062877848
0.7622277507623955,1.4028509416155588,0.9958299416083675
0.7625870444106799,1.4016435357574175,0.9958823774918862
0.7629452445684589,1.4004173929216297,0.9959348107491052
0.7633023549218849,1.3991725944285027,0.9959872382171223
0.7636583791608575,1.39790922423356,0.9960396567593469
0.7640133209789031,1.3966273689165627,0.9960920632654743
0.7643671840730557,1.3953271176696147,0.9961444546514598
0.76471997214374,1.3940085622843486,0.9961968278594918
0.7650716888946542,1.392671797138199,0.9962491798579625
0.7654223380326549,1.391316919179764,0.9963015076414378
0.7657719232676438,1.3899440279132609,0.9963538082306266
0.7661204483124536,1.3885532253820798,0.9964060786723475
0.7664679168827377,1.3871446161514422,0.9964583160394953
0.7668143326968591,1.385718307290167,0.9965105174310055
0.7671596994757809,1.3842744083515564,0.996562679971818
0.7675040209429592,1.3828130313533995,0.9966148008128397
0.7678473008242355,1.381334290757113,0.9966668771309052
0.7681895428477311,1.3798383034460158,0.9967189061287368
0.7685307507437429,1.3783251887027554,0.9967708850349033
0.7688709282446399,1.3767950681858885,0.9968228111037774
0.7692100790847608,1.375248065905628,0.9968746816154916
0.7695482070003135,1.3736843081987726,0.9969264938758944
0.7698853157292747,1.372103923702817,0.9969782452165028
0.7702214090112914,1.3705070433292663,0.9970299329944563
0.7705564905875834,1.368893800236162,0.9970815545924678
0.7708905642008465,1.3672643297998297,0.9971331074187748
0.7712236335951574,1.3656187695858628,0.9971845889070882
0.7715557025158797,1.3639572593193614,0.9972359965165407
0.7718867747095702,1.3622799408544286,0.9972873277316345
0.7722168539238875,1.3605869581429495,0.997338580062187
0.7725459439075008,1.3588784572026624,0.997389751043276
